timestamp,location,vehicle_count,traffic_speed,aqi,temperature,rainfall,prev_rainfall,water_level,hour,day_of_week,traffic_level,flood_risk
2026-08-01 00:00:00,central-junction,26,60.1,70,29.6,9.5,3.9,0.68,0,5,Low,Low
2026-08-01 00:00:00,railway-station,42,54.1,60,23.9,8.3,3.9,0.65,0,5,Low,Low
2026-08-01 00:00:00,airport-road,40,52.9,66,32.7,3.7,1.6,0.49,0,5,Low,Low
2026-08-01 00:00:00,industrial-area,43,51.8,82,25.5,9.7,8.3,0.67,0,5,Low,Low
2026-08-01 00:00:00,city-hospital,35,58.0,89,28.8,6.6,4.6,0.7,0,5,Low,Low
2026-08-01 00:00:00,residential-zone,30,60.2,55,22.6,0.9,0.6,0.43,0,5,Low,Low
2026-08-01 00:00:00,river-zone,25,60.6,76,32.8,0.7,0.3,0.73,0,5,Low,Low
2026-08-01 00:00:00,bus-terminal,28,57.6,75,30.6,1.2,1.0,0.44,0,5,Low,Low
2026-08-01 00:15:00,central-junction,61,51.5,62,32.6,1.2,0.5,0.51,0,5,Low,Low
2026-08-01 00:15:00,railway-station,52,51.5,50,34.5,3.1,1.5,0.48,0,5,Low,Low
2026-08-01 00:15:00,airport-road,34,56.5,83,33.6,8.1,4.5,0.82,0,5,Low,Low
2026-08-01 00:15:00,industrial-area,37,47.7,60,30.1,49.9,43.5,2.05,0,5,Low,High
2026-08-01 00:15:00,city-hospital,46,54.1,57,26.7,5.2,2.2,0.77,0,5,Low,Low
2026-08-01 00:15:00,residential-zone,24,58.9,78,25.5,5.0,3.7,0.75,0,5,Low,Low
2026-08-01 00:15:00,river-zone,43,52.7,78,27.0,2.4,1.2,0.92,0,5,Low,Low
2026-08-01 00:15:00,bus-terminal,39,39.9,68,16.7,105.8,60.4,4.2,0,5,Low,Critical
2026-08-01 00:30:00,central-junction,53,50.5,59,30.5,8.8,7.5,0.85,0,5,Low,Low
2026-08-01 00:30:00,railway-station,76,48.6,54,31.9,3.4,2.9,0.69,0,5,Moderate,Low
2026-08-01 00:30:00,airport-road,28,60.0,66,31.3,0.1,0.1,0.31,0,5,Low,Low
2026-08-01 00:30:00,industrial-area,31,46.5,63,28.1,72.3,64.1,3.03,0,5,Low,Critical
2026-08-01 00:30:00,city-hospital,40,53.0,72,32.4,8.9,3.7,0.76,0,5,Low,Low
2026-08-01 00:30:00,residential-zone,25,61.8,67,35.2,1.8,1.6,0.64,0,5,Low,Low
2026-08-01 00:30:00,river-zone,28,61.0,73,33.7,2.9,1.3,0.85,0,5,Low,Low
2026-08-01 00:30:00,bus-terminal,66,50.2,64,28.5,9.9,8.0,0.91,0,5,Moderate,Low
2026-08-01 00:45:00,central-junction,67,50.2,91,28.5,8.7,5.0,0.75,0,5,Moderate,Low
2026-08-01 00:45:00,railway-station,45,55.5,42,22.4,0.9,0.7,0.47,0,5,Low,Low
2026-08-01 00:45:00,airport-road,32,55.1,67,32.7,1.3,0.9,0.41,0,5,Low,Low
2026-08-01 00:45:00,industrial-area,29,54.6,66,25.7,9.8,8.0,0.88,0,5,Low,Low
2026-08-01 00:45:00,city-hospital,44,55.7,66,23.9,4.1,3.2,0.52,0,5,Low,Low
2026-08-01 00:45:00,residential-zone,34,54.3,40,25.0,6.1,5.0,0.62,0,5,Low,Low
2026-08-01 00:45:00,river-zone,26,58.0,70,28.5,4.7,2.0,0.96,0,5,Low,Low
2026-08-01 00:45:00,bus-terminal,27,59.0,45,33.5,6.3,5.5,0.72,0,5,Low,Low
2026-08-01 01:00:00,central-junction,64,53.1,84,28.1,3.9,1.7,0.6,1,5,Low,Low
2026-08-01 01:00:00,railway-station,47,52.6,52,20.9,26.6,19.9,1.33,1,5,Low,Moderate
2026-08-01 01:00:00,airport-road,31,58.7,82,32.5,8.8,5.2,0.69,1,5,Low,Low
2026-08-01 01:00:00,industrial-area,53,50.4,115,33.7,3.4,2.8,0.55,1,5,Low,Low
2026-08-01 01:00:00,city-hospital,22,61.5,81,21.4,9.0,6.4,0.89,1,5,Low,Low
2026-08-01 01:00:00,residential-zone,55,50.0,64,31.2,2.9,2.0,0.63,1,5,Low,Low
2026-08-01 01:00:00,river-zone,50,50.3,55,22.9,8.9,3.9,1.0,1,5,Low,Low
2026-08-01 01:00:00,bus-terminal,41,56.8,92,22.6,7.1,5.5,0.84,1,5,Low,Low
2026-08-01 01:15:00,central-junction,53,53.2,50,29.8,0.8,0.3,0.46,1,5,Low,Low
2026-08-01 01:15:00,railway-station,39,48.8,56,24.9,65.4,26.6,2.88,1,5,Low,Critical
2026-08-01 01:15:00,airport-road,25,62.3,66,29.4,0.4,0.3,0.61,1,5,Low,Low
2026-08-01 01:15:00,industrial-area,38,58.0,87,34.1,6.3,3.4,0.53,1,5,Low,Low
2026-08-01 01:15:00,city-hospital,60,45.3,65,19.5,44.7,33.2,2.16,1,5,Moderate,High
2026-08-01 01:15:00,residential-zone,44,56.3,42,31.5,8.2,4.8,0.77,1,5,Low,Low
2026-08-01 01:15:00,river-zone,64,51.5,69,29.5,9.9,5.3,1.11,1,5,Moderate,Moderate
2026-08-01 01:15:00,bus-terminal,76,49.2,64,35.3,8.1,3.8,0.75,1,5,Moderate,Low
2026-08-01 01:30:00,central-junction,34,57.6,70,30.9,6.1,4.0,0.7,1,5,Low,Low
2026-08-01 01:30:00,railway-station,25,60.2,71,33.8,5.5,2.8,0.61,1,5,Low,Low
2026-08-01 01:30:00,airport-road,47,48.1,74,23.9,44.5,31.6,1.99,1,5,Low,High
2026-08-01 01:30:00,industrial-area,29,60.1,82,34.2,9.5,6.8,0.78,1,5,Low,Low
2026-08-01 01:30:00,city-hospital,35,52.0,78,21.8,29.0,21.3,1.36,1,5,Low,Moderate
2026-08-01 01:30:00,residential-zone,19,57.1,46,24.1,22.9,14.9,1.15,1,5,Low,Moderate
2026-08-01 01:30:00,river-zone,62,48.7,68,30.8,0.4,0.3,0.69,1,5,Moderate,Low
2026-08-01 01:30:00,bus-terminal,54,43.5,59,27.0,45.9,38.9,2.02,1,5,Moderate,High
2026-08-01 01:45:00,central-junction,34,56.0,43,27.8,5.3,2.7,0.65,1,5,Low,Low
2026-08-01 01:45:00,railway-station,62,48.7,75,30.2,1.2,0.9,0.55,1,5,Moderate,Low
2026-08-01 01:45:00,airport-road,37,59.6,66,27.0,1.3,0.6,0.54,1,5,Low,Low
2026-08-01 01:45:00,industrial-area,39,51.9,88,23.5,31.2,14.2,1.44,1,5,Low,Moderate
2026-08-01 01:45:00,city-hospital,30,59.5,67,32.7,9.7,5.2,0.72,1,5,Low,Low
2026-08-01 01:45:00,residential-zone,23,60.3,55,27.8,1.9,0.9,0.52,1,5,Low,Low
2026-08-01 01:45:00,river-zone,30,56.5,73,26.3,5.3,3.9,0.88,1,5,Low,Low
2026-08-01 01:45:00,bus-terminal,80,49.3,65,27.3,6.0,5.2,0.61,1,5,Moderate,Low
2026-08-01 02:00:00,central-junction,52,40.8,54,28.0,71.9,52.7,2.86,2,5,Moderate,Critical
2026-08-01 02:00:00,railway-station,44,54.6,63,27.2,3.6,2.3,0.67,2,5,Low,Low
2026-08-01 02:00:00,airport-road,32,58.2,53,34.4,3.8,3.0,0.62,2,5,Low,Low
2026-08-01 02:00:00,industrial-area,27,59.7,60,32.6,5.3,4.1,0.53,2,5,Low,Low
2026-08-01 02:00:00,city-hospital,24,61.0,45,23.3,3.4,2.6,0.67,2,5,Low,Low
2026-08-01 02:00:00,residential-zone,27,60.6,65,29.1,6.4,4.0,0.6,2,5,Low,Low
2026-08-01 02:00:00,river-zone,27,61.4,69,29.0,1.5,1.3,0.89,2,5,Low,Low
2026-08-01 02:00:00,bus-terminal,74,51.0,68,30.4,1.5,1.3,0.48,2,5,Moderate,Low
2026-08-01 02:15:00,central-junction,50,51.1,67,34.1,1.2,0.5,0.5,2,5,Low,Low
2026-08-01 02:15:00,railway-station,49,53.3,57,34.6,4.0,1.9,0.54,2,5,Low,Low
2026-08-01 02:15:00,airport-road,31,51.8,54,23.1,49.3,23.4,2.2,2,5,Low,High
2026-08-01 02:15:00,industrial-area,27,57.2,104,29.0,0.9,0.4,0.51,2,5,Low,Low
2026-08-01 02:15:00,city-hospital,38,47.1,58,28.1,59.5,29.2,2.52,2,5,Low,Critical
2026-08-01 02:15:00,residential-zone,26,55.8,74,25.0,9.5,3.9,0.83,2,5,Low,Low
2026-08-01 02:15:00,river-zone,37,42.9,52,27.0,77.3,64.0,3.41,2,5,Low,Critical
2026-08-01 02:15:00,bus-terminal,49,51.1,50,24.6,4.0,2.0,0.53,2,5,Low,Low
2026-08-01 02:30:00,central-junction,37,56.8,58,33.1,4.2,2.5,0.55,2,5,Low,Low
2026-08-01 02:30:00,railway-station,41,55.2,87,34.9,4.4,2.7,0.68,2,5,Low,Low
2026-08-01 02:30:00,airport-road,62,42.8,50,21.0,57.9,23.7,2.37,2,5,Moderate,High
2026-08-01 02:30:00,industrial-area,51,51.8,59,25.7,1.2,1.0,0.51,2,5,Low,Low
2026-08-01 02:30:00,city-hospital,49,52.6,63,30.8,6.0,2.9,0.56,2,5,Low,Low
2026-08-01 02:30:00,residential-zone,29,59.8,57,25.4,0.8,0.5,0.44,2,5,Low,Low
2026-08-01 02:30:00,river-zone,32,53.9,65,24.3,9.4,5.3,0.99,2,5,Low,Low
2026-08-01 02:30:00,bus-terminal,56,51.0,88,32.1,1.1,0.8,0.49,2,5,Low,Low
2026-08-01 02:45:00,central-junction,42,54.6,55,22.8,5.9,4.9,0.78,2,5,Low,Low
2026-08-01 02:45:00,railway-station,39,53.5,92,31.0,8.1,3.4,0.84,2,5,Low,Low
2026-08-01 02:45:00,airport-road,25,56.9,86,29.2,9.3,8.1,0.9,2,5,Low,Low
2026-08-01 02:45:00,industrial-area,24,56.8,57,25.8,8.6,6.4,0.85,2,5,Low,Low
2026-08-01 02:45:00,city-hospital,43,55.2,84,25.8,7.2,3.7,0.71,2,5,Low,Low
2026-08-01 02:45:00,residential-zone,61,50.7,81,29.4,0.2,0.1,0.59,2,5,Low,Low
2026-08-01 02:45:00,river-zone,40,53.3,48,32.1,8.7,4.7,1.08,2,5,Low,Low
2026-08-01 02:45:00,bus-terminal,49,41.8,84,30.1,71.3,31.7,2.92,2,5,Moderate,Critical
2026-08-01 03:00:00,central-junction,45,52.2,87,27.8,8.8,6.2,0.79,3,5,Low,Low
2026-08-01 03:00:00,railway-station,56,49.7,95,24.9,2.3,2.0,0.44,3,5,Low,Low
2026-08-01 03:00:00,airport-road,31,56.3,54,32.5,1.7,1.2,0.57,3,5,Low,Low
2026-08-01 03:00:00,industrial-area,64,53.0,115,25.6,0.9,0.6,0.37,3,5,Low,Low
2026-08-01 03:00:00,city-hospital,20,54.8,46,28.4,46.1,29.9,2.06,3,5,Low,High
2026-08-01 03:00:00,residential-zone,35,58.7,79,26.4,5.9,4.9,0.71,3,5,Low,Low
2026-08-01 03:00:00,river-zone,48,51.3,89,31.2,7.1,2.9,1.1,3,5,Low,Low
2026-08-01 03:00:00,bus-terminal,75,48.3,53,32.3,1.3,0.9,0.39,3,5,Moderate,Low
2026-08-01 03:15:00,central-junction,48,55.1,77,30.4,6.3,3.6,0.68,3,5,Low,Low
2026-08-01 03:15:00,railway-station,28,58.7,47,34.4,9.3,5.3,0.83,3,5,Low,Low
2026-08-01 03:15:00,airport-road,37,58.3,40,35.6,0.5,0.3,0.61,3,5,Low,Low
2026-08-01 03:15:00,industrial-area,52,52.1,77,27.6,7.7,5.8,0.65,3,5,Low,Low
2026-08-01 03:15:00,city-hospital,25,52.0,55,20.4,67.6,40.5,2.95,3,5,Low,Critical
2026-08-01 03:15:00,residential-zone,21,59.8,61,33.7,9.8,6.2,0.71,3,5,Low,Low
2026-08-01 03:15:00,river-zone,56,53.2,49,32.7,1.9,1.6,0.95,3,5,Low,Low
2026-08-01 03:15:00,bus-terminal,55,49.9,63,23.0,8.0,5.5,0.62,3,5,Low,Low
2026-08-01 03:30:00,central-junction,29,57.3,64,27.7,8.0,6.0,0.58,3,5,Low,Low
2026-08-01 03:30:00,railway-station,57,36.9,69,15.2,103.6,70.4,4.0,3,5,Moderate,Critical
2026-08-01 03:30:00,airport-road,23,49.3,63,22.4,56.2,45.0,2.28,3,5,Low,Critical
2026-08-01 03:30:00,industrial-area,39,52.6,103,29.7,27.3,20.7,1.26,3,5,Low,Moderate
2026-08-01 03:30:00,city-hospital,47,53.9,75,22.9,3.4,2.6,0.69,3,5,Low,Low
2026-08-01 03:30:00,residential-zone,49,46.7,79,31.2,37.3,24.2,1.67,3,5,Low,High
2026-08-01 03:30:00,river-zone,36,57.1,41,35.4,7.2,3.8,1.19,3,5,Low,Moderate
2026-08-01 03:30:00,bus-terminal,40,57.8,53,31.7,8.7,6.0,0.73,3,5,Low,Low
2026-08-01 03:45:00,central-junction,41,55.4,79,33.6,7.3,5.2,0.83,3,5,Low,Low
2026-08-01 03:45:00,railway-station,31,59.9,57,31.4,7.3,4.7,0.83,3,5,Low,Low
2026-08-01 03:45:00,airport-road,25,61.6,55,26.7,4.5,2.5,0.64,3,5,Low,Low
2026-08-01 03:45:00,industrial-area,20,60.5,80,28.2,1.3,0.8,0.42,3,5,Low,Low
2026-08-01 03:45:00,city-hospital,50,52.8,87,23.8,7.1,4.9,0.56,3,5,Low,Low
2026-08-01 03:45:00,residential-zone,48,51.4,53,25.6,2.1,1.8,0.39,3,5,Low,Low
2026-08-01 03:45:00,river-zone,27,47.8,70,29.4,80.4,52.9,3.75,3,5,Low,Critical
2026-08-01 03:45:00,bus-terminal,49,54.3,81,21.9,6.7,4.9,0.63,3,5,Low,Low
2026-08-01 04:00:00,central-junction,76,47.0,85,31.0,8.7,6.0,0.86,4,5,Moderate,Low
2026-08-01 04:00:00,railway-station,49,50.8,82,24.5,6.9,2.9,0.74,4,5,Low,Low
2026-08-01 04:00:00,airport-road,55,51.7,66,32.6,4.1,3.3,0.61,4,5,Low,Low
2026-08-01 04:00:00,industrial-area,29,56.4,76,32.8,8.0,6.0,0.62,4,5,Low,Low
2026-08-01 04:00:00,city-hospital,25,59.8,67,26.9,4.5,2.7,0.53,4,5,Low,Low
2026-08-01 04:00:00,residential-zone,32,57.7,67,21.9,5.2,4.1,0.58,4,5,Low,Low
2026-08-01 04:00:00,river-zone,24,61.0,58,21.7,7.2,3.1,0.96,4,5,Low,Low
2026-08-01 04:00:00,bus-terminal,36,58.4,64,28.5,3.5,2.5,0.5,4,5,Low,Low
2026-08-01 04:15:00,central-junction,47,54.4,71,23.5,2.7,1.8,0.45,4,5,Low,Low
2026-08-01 04:15:00,railway-station,32,59.2,73,32.5,9.6,8.1,0.8,4,5,Low,Low
2026-08-01 04:15:00,airport-road,28,51.1,54,28.7,62.8,38.4,2.77,4,5,Low,Critical
2026-08-01 04:15:00,industrial-area,31,60.2,65,28.2,1.0,0.4,0.51,4,5,Low,Low
2026-08-01 04:15:00,city-hospital,41,58.0,55,24.8,6.1,3.7,0.63,4,5,Low,Low
2026-08-01 04:15:00,residential-zone,28,58.2,48,35.3,7.2,3.2,0.59,4,5,Low,Low
2026-08-01 04:15:00,river-zone,24,56.8,71,25.0,1.9,1.3,0.82,4,5,Low,Low
2026-08-01 04:15:00,bus-terminal,72,49.2,80,26.0,6.5,4.1,0.63,4,5,Moderate,Low
2026-08-01 04:30:00,central-junction,40,42.9,66,24.7,87.0,63.7,3.41,4,5,Low,Critical
2026-08-01 04:30:00,railway-station,87,44.7,92,26.8,9.3,6.6,0.67,4,5,Moderate,Low
2026-08-01 04:30:00,airport-road,20,59.0,50,32.8,1.3,1.1,0.56,4,5,Low,Low
2026-08-01 04:30:00,industrial-area,47,54.2,123,28.0,3.1,1.6,0.59,4,5,Low,Low
2026-08-01 04:30:00,city-hospital,59,53.6,58,27.2,1.2,0.7,0.61,4,5,Low,Low
2026-08-01 04:30:00,residential-zone,31,60.2,65,30.7,3.5,2.7,0.67,4,5,Low,Low
2026-08-01 04:30:00,river-zone,18,56.6,66,23.3,47.9,29.5,2.35,4,5,Low,High
2026-08-01 04:30:00,bus-terminal,40,56.3,46,23.1,5.1,4.0,0.67,4,5,Low,Low
2026-08-01 04:45:00,central-junction,60,49.6,54,22.8,0.6,0.3,0.53,4,5,Low,Low
2026-08-01 04:45:00,railway-station,49,54.9,69,35.9,0.6,0.3,0.57,4,5,Low,Low
2026-08-01 04:45:00,airport-road,55,53.8,49,26.8,4.5,2.9,0.58,4,5,Low,Low
2026-08-01 04:45:00,industrial-area,19,52.7,100,23.6,73.2,47.1,2.93,4,5,Low,Critical
2026-08-01 04:45:00,city-hospital,24,53.4,55,19.2,51.8,30.9,2.26,4,5,Low,High
2026-08-01 04:45:00,residential-zone,35,55.7,60,34.7,7.9,3.3,0.81,4,5,Low,Low
2026-08-01 04:45:00,river-zone,45,51.8,63,30.9,4.6,3.5,1.08,4,5,Low,Low
2026-08-01 04:45:00,bus-terminal,23,51.3,62,26.0,75.9,41.6,2.98,4,5,Low,Critical
2026-08-01 05:00:00,central-junction,35,57.7,48,24.0,7.7,3.4,0.62,5,5,Low,Low
2026-08-01 05:00:00,railway-station,29,58.9,77,30.5,3.0,2.0,0.52,5,5,Low,Low
2026-08-01 05:00:00,airport-road,46,55.6,68,35.1,8.0,4.6,0.76,5,5,Low,Low
2026-08-01 05:00:00,industrial-area,52,51.7,66,27.9,2.2,1.9,0.51,5,5,Low,Low
2026-08-01 05:00:00,city-hospital,45,56.2,72,33.8,2.9,2.2,0.66,5,5,Low,Low
2026-08-01 05:00:00,residential-zone,39,53.4,55,29.1,6.6,5.3,0.83,5,5,Low,Low
2026-08-01 05:00:00,river-zone,34,46.1,71,23.3,78.8,56.6,3.59,5,5,Low,Critical
2026-08-01 05:00:00,bus-terminal,75,45.9,76,22.0,1.6,0.8,0.43,5,5,Moderate,Low
2026-08-01 05:15:00,central-junction,64,46.9,76,24.0,7.3,5.6,0.66,5,5,Moderate,Low
2026-08-01 05:15:00,railway-station,84,45.2,79,23.8,3.7,3.1,0.52,5,5,Moderate,Low
2026-08-01 05:15:00,airport-road,39,57.6,51,31.4,3.9,2.5,0.44,5,5,Low,Low
2026-08-01 05:15:00,industrial-area,45,56.8,82,29.8,0.6,0.4,0.49,5,5,Low,Low
2026-08-01 05:15:00,city-hospital,37,48.2,54,28.4,43.4,19.3,2.06,5,5,Low,High
2026-08-01 05:15:00,residential-zone,38,47.6,43,29.3,71.5,58.6,3.0,5,5,Low,Critical
2026-08-01 05:15:00,river-zone,24,56.0,72,24.1,5.7,3.8,0.96,5,5,Low,Low
2026-08-01 05:15:00,bus-terminal,53,53.7,67,27.3,9.4,4.4,0.89,5,5,Low,Low
2026-08-01 05:30:00,central-junction,37,53.9,78,31.8,5.0,4.4,0.7,5,5,Low,Low
2026-08-01 05:30:00,railway-station,34,53.1,64,22.3,39.8,17.2,1.96,5,5,Low,High
2026-08-01 05:30:00,airport-road,37,55.9,75,34.7,0.3,0.2,0.35,5,5,Low,Low
2026-08-01 05:30:00,industrial-area,34,59.6,76,22.3,5.6,2.8,0.62,5,5,Low,Low
2026-08-01 05:30:00,city-hospital,20,58.3,57,30.1,4.6,3.1,0.57,5,5,Low,Low
2026-08-01 05:30:00,residential-zone,46,52.2,66,32.0,1.1,0.5,0.36,5,5,Low,Low
2026-08-01 05:30:00,river-zone,44,51.4,72,27.8,8.5,5.4,1.07,5,5,Low,Low
2026-08-01 05:30:00,bus-terminal,61,49.5,93,24.1,2.0,1.7,0.47,5,5,Moderate,Low
2026-08-01 05:45:00,central-junction,59,38.9,57,15.3,88.9,64.8,3.43,5,5,Moderate,Critical
2026-08-01 05:45:00,railway-station,45,56.3,73,35.2,3.8,3.0,0.49,5,5,Low,Low
2026-08-01 05:45:00,airport-road,43,56.3,80,23.5,9.2,8.2,0.83,5,5,Low,Low
2026-08-01 05:45:00,industrial-area,38,49.2,111,28.5,32.9,21.5,1.5,5,5,Low,Moderate
2026-08-01 05:45:00,city-hospital,33,56.7,44,31.0,4.2,2.9,0.64,5,5,Low,Low
2026-08-01 05:45:00,residential-zone,33,58.6,69,22.5,7.2,4.0,0.77,5,5,Low,Low
2026-08-01 05:45:00,river-zone,44,52.1,81,26.4,8.2,3.7,1.09,5,5,Low,Low
2026-08-01 05:45:00,bus-terminal,50,49.4,71,28.9,44.4,31.8,2.05,5,5,Low,High
2026-08-01 06:00:00,central-junction,55,54.4,64,22.7,3.3,2.5,0.47,6,5,Low,Low
2026-08-01 06:00:00,railway-station,70,51.4,89,22.2,3.1,2.3,0.5,6,5,Moderate,Low
2026-08-01 06:00:00,airport-road,35,58.1,65,29.1,9.1,8.1,0.65,6,5,Low,Low
2026-08-01 06:00:00,industrial-area,44,54.3,107,33.0,22.9,9.4,1.19,6,5,Low,Moderate
2026-08-01 06:00:00,city-hospital,40,56.3,62,33.0,7.3,3.8,0.64,6,5,Low,Low
2026-08-01 06:00:00,residential-zone,35,53.6,78,22.9,41.1,28.6,1.83,6,5,Low,High
2026-08-01 06:00:00,river-zone,24,62.4,77,25.2,1.9,0.8,0.95,6,5,Low,Low
2026-08-01 06:00:00,bus-terminal,67,51.6,76,22.8,6.0,3.7,0.78,6,5,Moderate,Low
2026-08-01 06:15:00,central-junction,50,54.1,76,30.1,4.3,2.2,0.72,6,5,Low,Low
2026-08-01 06:15:00,railway-station,73,50.3,77,28.7,1.0,0.4,0.53,6,5,Moderate,Low
2026-08-01 06:15:00,airport-road,39,54.9,61,22.3,3.6,2.5,0.47,6,5,Low,Low
2026-08-01 06:15:00,industrial-area,21,57.7,80,21.9,2.1,1.4,0.38,6,5,Low,Low
2026-08-01 06:15:00,city-hospital,33,56.4,71,27.3,2.9,1.9,0.43,6,5,Low,Low
2026-08-01 06:15:00,residential-zone,34,58.5,75,25.1,9.9,5.5,0.76,6,5,Low,Low
2026-08-01 06:15:00,river-zone,20,56.5,68,21.3,9.6,4.4,1.18,6,5,Low,Moderate
2026-08-01 06:15:00,bus-terminal,46,51.7,69,23.3,4.6,3.4,0.59,6,5,Low,Low
2026-08-01 06:30:00,central-junction,71,51.1,78,21.9,3.6,3.1,0.62,6,5,Moderate,Low
2026-08-01 06:30:00,railway-station,40,39.0,57,18.2,99.5,76.1,3.93,6,5,Low,Critical
2026-08-01 06:30:00,airport-road,27,59.5,65,27.3,8.5,6.9,0.8,6,5,Low,Low
2026-08-01 06:30:00,industrial-area,36,56.9,96,25.7,9.2,4.4,0.8,6,5,Low,Low
2026-08-01 06:30:00,city-hospital,24,60.3,50,26.7,1.4,0.8,0.4,6,5,Low,Low
2026-08-01 06:30:00,residential-zone,53,53.4,55,26.6,6.8,2.8,0.6,6,5,Low,Low
2026-08-01 06:30:00,river-zone,28,54.5,73,21.8,9.6,5.2,1.0,6,5,Low,Low
2026-08-01 06:30:00,bus-terminal,64,53.6,71,26.3,1.2,0.7,0.61,6,5,Low,Low
2026-08-01 06:45:00,central-junction,59,53.5,66,23.9,3.4,1.8,0.59,6,5,Low,Low
2026-08-01 06:45:00,railway-station,45,46.3,64,32.0,44.0,28.4,2.01,6,5,Low,High
2026-08-01 06:45:00,airport-road,35,55.2,46,29.9,9.9,6.6,0.82,6,5,Low,Low
2026-08-01 06:45:00,industrial-area,30,54.8,99,28.7,9.1,7.6,0.88,6,5,Low,Low
2026-08-01 06:45:00,city-hospital,52,52.6,57,35.6,1.5,1.2,0.5,6,5,Low,Low
2026-08-01 06:45:00,residential-zone,51,55.0,81,29.7,5.1,4.5,0.74,6,5,Low,Low
2026-08-01 06:45:00,river-zone,29,46.3,59,27.5,79.8,68.9,3.71,6,5,Low,Critical
2026-08-01 06:45:00,bus-terminal,38,48.3,47,26.2,68.1,59.8,2.72,6,5,Low,Critical
2026-08-01 07:00:00,central-junction,71,49.8,64,25.6,6.8,5.3,0.54,7,5,Moderate,Low
2026-08-01 07:00:00,railway-station,38,54.9,56,30.0,7.7,4.4,0.6,7,5,Low,Low
2026-08-01 07:00:00,airport-road,24,58.3,77,34.6,9.5,4.0,0.79,7,5,Low,Low
2026-08-01 07:00:00,industrial-area,49,50.6,77,22.7,40.7,20.9,1.97,7,5,Low,High
2026-08-01 07:00:00,city-hospital,31,56.7,63,26.2,9.8,7.0,0.84,7,5,Low,Low
2026-08-01 07:00:00,residential-zone,40,53.7,74,33.3,2.4,1.6,0.63,7,5,Low,Low
2026-08-01 07:00:00,river-zone,23,59.8,41,22.7,1.3,1.0,0.92,7,5,Low,Low
2026-08-01 07:00:00,bus-terminal,30,57.0,75,32.4,0.0,0.0,0.39,7,5,Low,Low
2026-08-01 07:15:00,central-junction,35,56.6,63,26.9,4.3,3.2,0.74,7,5,Low,Low
2026-08-01 07:15:00,railway-station,77,36.4,58,29.9,69.9,50.5,2.97,7,5,Moderate,Critical
2026-08-01 07:15:00,airport-road,26,45.4,41,21.1,87.0,52.9,3.48,7,5,Low,Critical
2026-08-01 07:15:00,industrial-area,43,55.3,92,30.5,8.5,4.0,0.74,7,5,Low,Low
2026-08-01 07:15:00,city-hospital,38,57.9,55,30.4,7.4,3.2,0.68,7,5,Low,Low
2026-08-01 07:15:00,residential-zone,24,51.7,56,19.1,38.7,23.3,1.77,7,5,Low,High
2026-08-01 07:15:00,river-zone,39,42.7,68,27.3,102.5,91.0,4.39,7,5,Low,Critical
2026-08-01 07:15:00,bus-terminal,26,49.8,55,17.8,73.9,43.3,2.97,7,5,Low,Critical
2026-08-01 07:30:00,central-junction,77,39.9,67,28.6,65.3,36.0,2.59,7,5,Moderate,Critical
2026-08-01 07:30:00,railway-station,38,53.7,82,29.5,37.3,25.1,1.75,7,5,Low,High
2026-08-01 07:30:00,airport-road,28,60.4,62,25.1,0.8,0.6,0.39,7,5,Low,Low
2026-08-01 07:30:00,industrial-area,46,54.1,115,25.3,3.9,1.7,0.54,7,5,Low,Low
2026-08-01 07:30:00,city-hospital,33,48.1,60,18.7,64.2,34.5,2.83,7,5,Low,Critical
2026-08-01 07:30:00,residential-zone,26,56.8,50,27.7,4.6,4.1,0.47,7,5,Low,Low
2026-08-01 07:30:00,river-zone,67,50.3,93,34.8,8.5,4.5,1.01,7,5,Moderate,Low
2026-08-01 07:30:00,bus-terminal,42,57.3,92,30.2,5.9,3.9,0.8,7,5,Low,Low
2026-08-01 07:45:00,central-junction,42,55.6,54,28.1,7.6,6.0,0.78,7,5,Low,Low
2026-08-01 07:45:00,railway-station,47,39.3,77,27.4,95.0,42.5,3.69,7,5,Moderate,Critical
2026-08-01 07:45:00,airport-road,29,61.1,77,31.3,0.3,0.2,0.35,7,5,Low,Low
2026-08-01 07:45:00,industrial-area,37,58.0,75,34.5,3.9,2.3,0.72,7,5,Low,Low
2026-08-01 07:45:00,city-hospital,32,54.8,41,34.7,2.4,2.0,0.41,7,5,Low,Low
2026-08-01 07:45:00,residential-zone,44,52.6,67,27.4,9.5,8.3,0.81,7,5,Low,Low
2026-08-01 07:45:00,river-zone,30,55.9,63,28.3,4.2,2.1,0.95,7,5,Low,Low
2026-08-01 07:45:00,bus-terminal,58,40.5,76,20.9,85.9,40.9,3.55,7,5,Moderate,Critical
2026-08-01 08:00:00,central-junction,39,52.6,63,27.5,5.4,2.3,0.5,8,5,Low,Low
2026-08-01 08:00:00,railway-station,32,60.4,56,26.1,2.3,1.8,0.45,8,5,Low,Low
2026-08-01 08:00:00,airport-road,40,54.8,87,26.2,4.2,3.7,0.66,8,5,Low,Low
2026-08-01 08:00:00,industrial-area,44,52.7,107,30.9,3.9,3.4,0.46,8,5,Low,Low
2026-08-01 08:00:00,city-hospital,25,50.2,58,27.0,62.1,50.5,2.7,8,5,Low,Critical
2026-08-01 08:00:00,residential-zone,55,50.5,78,34.3,7.1,4.1,0.76,8,5,Low,Low
2026-08-01 08:00:00,river-zone,50,52.5,59,31.0,9.8,7.8,1.21,8,5,Low,Moderate
2026-08-01 08:00:00,bus-terminal,67,29.4,74,11.9,128.7,86.6,5.02,8,5,Moderate,Critical
2026-08-01 08:15:00,central-junction,42,56.0,58,32.0,0.5,0.4,0.58,8,5,Low,Low
2026-08-01 08:15:00,railway-station,42,50.1,83,28.2,40.3,16.4,1.95,8,5,Low,High
2026-08-01 08:15:00,airport-road,35,56.2,74,26.0,0.5,0.2,0.41,8,5,Low,Low
2026-08-01 08:15:00,industrial-area,22,62.4,95,31.4,2.9,2.1,0.5,8,5,Low,Low
2026-08-01 08:15:00,city-hospital,45,41.6,57,20.1,72.6,64.3,2.92,8,5,Low,Critical
2026-08-01 08:15:00,residential-zone,30,45.9,53,22.2,71.7,39.0,2.91,8,5,Low,Critical
2026-08-01 08:15:00,river-zone,47,50.8,74,22.3,9.7,7.0,1.01,8,5,Low,Low
2026-08-01 08:15:00,bus-terminal,62,50.2,65,25.5,0.2,0.2,0.51,8,5,Moderate,Low
2026-08-01 08:30:00,central-junction,55,53.3,81,35.1,1.1,0.7,0.56,8,5,Low,Low
2026-08-01 08:30:00,railway-station,53,48.7,80,32.4,37.7,15.2,1.74,8,5,Low,High
2026-08-01 08:30:00,airport-road,29,59.8,46,34.7,0.9,0.6,0.46,8,5,Low,Low
2026-08-01 08:30:00,industrial-area,57,49.2,75,23.1,2.4,1.3,0.44,8,5,Low,Low
2026-08-01 08:30:00,city-hospital,30,52.6,76,26.3,52.1,45.1,2.33,8,5,Low,Critical
2026-08-01 08:30:00,residential-zone,29,57.5,82,32.2,2.0,1.3,0.59,8,5,Low,Low
2026-08-01 08:30:00,river-zone,39,54.4,74,31.0,3.7,2.3,1.02,8,5,Low,Low
2026-08-01 08:30:00,bus-terminal,35,54.7,58,32.8,9.4,6.1,0.72,8,5,Low,Low
2026-08-01 08:45:00,central-junction,32,55.8,43,27.7,1.1,0.8,0.54,8,5,Low,Low
2026-08-01 08:45:00,railway-station,36,56.0,64,22.9,8.1,4.7,0.67,8,5,Low,Low
2026-08-01 08:45:00,airport-road,30,57.2,87,34.2,7.9,3.6,0.86,8,5,Low,Low
2026-08-01 08:45:00,industrial-area,52,54.9,104,24.3,5.5,3.9,0.75,8,5,Low,Low
2026-08-01 08:45:00,city-hospital,19,61.9,71,25.1,1.8,0.9,0.4,8,5,Low,Low
2026-08-01 08:45:00,residential-zone,21,55.8,60,22.9,31.6,13.6,1.51,8,5,Low,Moderate
2026-08-01 08:45:00,river-zone,38,55.9,71,35.3,2.3,1.7,0.92,8,5,Low,Low
2026-08-01 08:45:00,bus-terminal,35,47.7,49,26.9,48.8,36.4,2.17,8,5,Low,High
2026-08-01 09:00:00,central-junction,34,42.5,57,22.5,82.7,59.1,3.32,9,5,Low,Critical
2026-08-01 09:00:00,railway-station,75,30.3,61,19.8,120.6,75.5,4.77,9,5,Moderate,Critical
2026-08-01 09:00:00,airport-road,59,48.9,59,22.4,8.8,5.2,0.72,9,5,Low,Low
2026-08-01 09:00:00,industrial-area,40,54.3,117,30.3,9.7,5.4,0.66,9,5,Low,Low
2026-08-01 09:00:00,city-hospital,49,48.6,41,23.5,46.1,33.7,2.05,9,5,Low,High
2026-08-01 09:00:00,residential-zone,27,59.5,79,32.8,0.1,0.1,0.47,9,5,Low,Low
2026-08-01 09:00:00,river-zone,23,62.1,79,30.6,1.4,1.1,0.92,9,5,Low,Low
2026-08-01 09:00:00,bus-terminal,34,57.8,51,29.6,6.5,3.6,0.72,9,5,Low,Low
2026-08-01 09:15:00,central-junction,35,49.1,76,25.1,49.7,39.7,2.1,9,5,Low,High
2026-08-01 09:15:00,railway-station,37,54.0,69,34.6,6.9,4.8,0.73,9,5,Low,Low
2026-08-01 09:15:00,airport-road,21,60.6,55,32.4,6.6,2.7,0.76,9,5,Low,Low
2026-08-01 09:15:00,industrial-area,25,58.4,113,25.4,0.3,0.2,0.48,9,5,Low,Low
2026-08-01 09:15:00,city-hospital,31,54.2,81,33.0,10.0,7.7,0.72,9,5,Low,Low
2026-08-01 09:15:00,residential-zone,28,54.7,62,24.7,8.6,5.9,0.61,9,5,Low,Low
2026-08-01 09:15:00,river-zone,48,50.7,84,21.7,6.5,4.4,1.11,9,5,Low,Low
2026-08-01 09:15:00,bus-terminal,59,52.0,62,29.4,8.6,6.0,0.9,9,5,Low,Low
2026-08-01 09:30:00,central-junction,90,44.7,94,28.6,9.3,6.5,0.69,9,5,Moderate,Low
2026-08-01 09:30:00,railway-station,35,48.4,69,21.8,67.2,36.1,2.93,9,5,Low,Critical
2026-08-01 09:30:00,airport-road,52,50.7,54,31.4,6.0,4.2,0.65,9,5,Low,Low
2026-08-01 09:30:00,industrial-area,36,53.7,88,34.8,8.4,7.2,0.75,9,5,Low,Low
2026-08-01 09:30:00,city-hospital,27,58.8,84,22.3,5.9,4.3,0.52,9,5,Low,Low
2026-08-01 09:30:00,residential-zone,61,47.4,89,31.6,8.9,7.9,0.7,9,5,Moderate,Low
2026-08-01 09:30:00,river-zone,63,52.0,83,26.0,8.5,5.0,0.97,9,5,Low,Low
2026-08-01 09:30:00,bus-terminal,28,56.3,78,22.9,36.1,22.4,1.59,9,5,Low,High
2026-08-01 09:45:00,central-junction,29,56.6,64,25.6,8.0,4.0,0.65,9,5,Low,Low
2026-08-01 09:45:00,railway-station,31,56.8,72,34.0,1.5,0.7,0.4,9,5,Low,Low
2026-08-01 09:45:00,airport-road,29,57.6,61,30.3,5.1,2.2,0.56,9,5,Low,Low
2026-08-01 09:45:00,industrial-area,57,50.7,100,29.7,4.6,4.1,0.66,9,5,Low,Low
2026-08-01 09:45:00,city-hospital,37,58.3,66,28.6,3.7,2.2,0.65,9,5,Low,Low
2026-08-01 09:45:00,residential-zone,43,55.3,70,23.4,4.5,3.3,0.52,9,5,Low,Low
2026-08-01 09:45:00,river-zone,24,51.1,51,20.3,46.1,25.0,2.43,9,5,Low,High
2026-08-01 09:45:00,bus-terminal,58,48.3,78,23.2,9.7,7.7,0.75,9,5,Low,Low
2026-08-01 10:00:00,central-junction,29,60.5,78,34.1,2.2,1.7,0.45,10,5,Low,Low
2026-08-01 10:00:00,railway-station,26,50.8,55,25.2,44.6,28.3,2.14,10,5,Low,High
2026-08-01 10:00:00,airport-road,53,53.8,70,28.2,7.6,3.7,0.69,10,5,Low,Low
2026-08-01 10:00:00,industrial-area,38,47.4,59,27.1,43.8,27.1,2.11,10,5,Low,High
2026-08-01 10:00:00,city-hospital,36,42.5,42,17.2,101.4,59.8,3.86,10,5,Low,Critical
2026-08-01 10:00:00,residential-zone,32,57.8,80,23.4,3.9,1.7,0.67,10,5,Low,Low
2026-08-01 10:00:00,river-zone,28,59.1,77,24.9,5.2,3.7,0.94,10,5,Low,Low
2026-08-01 10:00:00,bus-terminal,52,51.8,81,35.0,3.2,2.4,0.68,10,5,Low,Low
2026-08-01 10:15:00,central-junction,30,56.0,63,25.9,6.2,5.4,0.62,10,5,Low,Low
2026-08-01 10:15:00,railway-station,43,45.6,57,16.5,85.0,44.5,3.32,10,5,Low,Critical
2026-08-01 10:15:00,airport-road,60,52.4,46,32.0,6.6,3.3,0.7,10,5,Low,Low
2026-08-01 10:15:00,industrial-area,46,55.4,73,34.1,4.1,2.0,0.71,10,5,Low,Low
2026-08-01 10:15:00,city-hospital,34,56.8,59,23.3,4.3,2.7,0.67,10,5,Low,Low
2026-08-01 10:15:00,residential-zone,54,46.3,70,22.2,58.3,49.5,2.56,10,5,Moderate,Critical
2026-08-01 10:15:00,river-zone,40,34.7,69,23.0,127.9,55.5,5.16,10,5,Moderate,Critical
2026-08-01 10:15:00,bus-terminal,37,38.2,77,20.2,116.1,103.5,4.39,10,5,Low,Critical
2026-08-01 10:30:00,central-junction,34,55.8,55,26.1,9.7,5.1,0.65,10,5,Low,Low
2026-08-01 10:30:00,railway-station,40,57.5,55,33.2,3.6,1.6,0.57,10,5,Low,Low
2026-08-01 10:30:00,airport-road,57,51.0,66,24.7,4.8,4.2,0.58,10,5,Low,Low
2026-08-01 10:30:00,industrial-area,28,58.8,113,21.9,6.8,5.2,0.68,10,5,Low,Low
2026-08-01 10:30:00,city-hospital,22,56.2,61,32.9,28.1,22.7,1.48,10,5,Low,Moderate
2026-08-01 10:30:00,residential-zone,39,56.8,48,23.2,3.7,1.8,0.54,10,5,Low,Low
2026-08-01 10:30:00,river-zone,34,57.5,82,24.3,0.4,0.2,0.93,10,5,Low,Low
2026-08-01 10:30:00,bus-terminal,52,52.4,75,30.1,9.3,7.1,0.81,10,5,Low,Low
2026-08-01 10:45:00,central-junction,43,57.8,63,29.4,1.5,1.0,0.61,10,5,Low,Low
2026-08-01 10:45:00,railway-station,29,61.0,81,26.3,3.1,2.4,0.42,10,5,Low,Low
2026-08-01 10:45:00,airport-road,41,57.9,49,34.7,6.7,4.9,0.65,10,5,Low,Low
2026-08-01 10:45:00,industrial-area,26,59.4,76,24.4,1.2,0.6,0.53,10,5,Low,Low
2026-08-01 10:45:00,city-hospital,18,60.9,60,22.6,7.6,3.9,0.68,10,5,Low,Low
2026-08-01 10:45:00,residential-zone,50,49.8,51,24.5,9.7,5.8,0.9,10,5,Low,Low
2026-08-01 10:45:00,river-zone,39,56.1,63,24.6,20.8,15.7,1.39,10,5,Low,Moderate
2026-08-01 10:45:00,bus-terminal,55,53.4,55,29.0,9.0,7.3,0.63,10,5,Low,Low
2026-08-01 11:00:00,central-junction,27,60.4,46,26.6,1.0,0.6,0.6,11,5,Low,Low
2026-08-01 11:00:00,railway-station,72,46.5,57,23.9,3.9,2.3,0.61,11,5,Moderate,Low
2026-08-01 11:00:00,airport-road,37,56.7,62,21.9,6.8,5.8,0.66,11,5,Low,Low
2026-08-01 11:00:00,industrial-area,53,54.9,81,25.2,2.3,1.8,0.58,11,5,Low,Low
2026-08-01 11:00:00,city-hospital,34,59.4,79,22.6,6.7,4.6,0.83,11,5,Low,Low
2026-08-01 11:00:00,residential-zone,32,57.9,74,30.4,2.9,2.5,0.52,11,5,Low,Low
2026-08-01 11:00:00,river-zone,36,58.2,82,32.3,8.2,4.1,0.94,11,5,Low,Low
2026-08-01 11:00:00,bus-terminal,77,49.8,72,23.2,2.5,1.7,0.43,11,5,Moderate,Low
2026-08-01 11:15:00,central-junction,52,53.7,61,27.5,6.8,5.3,0.62,11,5,Low,Low
2026-08-01 11:15:00,railway-station,54,48.6,82,31.6,29.2,18.5,1.34,11,5,Low,Moderate
2026-08-01 11:15:00,airport-road,24,43.6,63,18.8,114.2,96.5,4.46,11,5,Low,Critical
2026-08-01 11:15:00,industrial-area,38,58.3,77,22.5,5.6,4.2,0.52,11,5,Low,Low
2026-08-01 11:15:00,city-hospital,48,56.3,53,34.2,5.3,2.8,0.72,11,5,Low,Low
2026-08-01 11:15:00,residential-zone,35,56.7,53,21.7,6.3,2.8,0.74,11,5,Low,Low
2026-08-01 11:15:00,river-zone,53,49.7,53,22.7,9.2,5.3,1.09,11,5,Low,Moderate
2026-08-01 11:15:00,bus-terminal,53,50.8,70,33.9,0.1,0.1,0.59,11,5,Low,Low
2026-08-01 11:30:00,central-junction,45,54.4,75,26.2,2.4,2.2,0.41,11,5,Low,Low
2026-08-01 11:30:00,railway-station,63,48.8,59,25.6,8.1,3.8,0.7,11,5,Moderate,Low
2026-08-01 11:30:00,airport-road,43,55.2,47,32.0,6.9,3.7,0.8,11,5,Low,Low
2026-08-01 11:30:00,industrial-area,42,54.7,94,24.3,6.2,2.7,0.55,11,5,Low,Low
2026-08-01 11:30:00,city-hospital,36,47.9,64,20.4,61.0,33.8,2.63,11,5,Low,Critical
2026-08-01 11:30:00,residential-zone,36,55.5,56,29.4,9.0,6.1,0.83,11,5,Low,Low
2026-08-01 11:30:00,river-zone,41,43.2,58,15.4,92.1,57.8,4.1,11,5,Low,Critical
2026-08-01 11:30:00,bus-terminal,65,46.7,66,22.9,9.3,4.5,0.8,11,5,Moderate,Low
2026-08-01 11:45:00,central-junction,40,54.2,64,26.2,10.0,6.2,0.77,11,5,Low,Low
2026-08-01 11:45:00,railway-station,56,52.5,76,35.1,0.6,0.4,0.52,11,5,Low,Low
2026-08-01 11:45:00,airport-road,21,60.5,72,24.2,1.3,0.9,0.57,11,5,Low,Low
2026-08-01 11:45:00,industrial-area,49,51.8,65,22.5,8.0,4.9,0.75,11,5,Low,Low
2026-08-01 11:45:00,city-hospital,38,56.4,77,32.5,0.8,0.6,0.5,11,5,Low,Low
2026-08-01 11:45:00,residential-zone,31,54.0,60,33.5,9.4,6.5,0.92,11,5,Low,Low
2026-08-01 11:45:00,river-zone,28,55.4,73,32.8,6.7,3.1,1.17,11,5,Low,Low
2026-08-01 11:45:00,bus-terminal,63,48.5,63,22.2,6.4,5.2,0.7,11,5,Moderate,Low
2026-08-01 12:00:00,central-junction,68,50.9,76,32.7,5.9,5.2,0.67,12,5,Moderate,Low
2026-08-01 12:00:00,railway-station,27,58.8,74,30.3,6.1,3.1,0.68,12,5,Low,Low
2026-08-01 12:00:00,airport-road,26,56.5,60,24.2,0.8,0.5,0.38,12,5,Low,Low
2026-08-01 12:00:00,industrial-area,25,58.6,106,28.4,8.4,7.4,0.61,12,5,Low,Low
2026-08-01 12:00:00,city-hospital,29,57.2,47,27.7,23.1,11.2,1.3,12,5,Low,Moderate
2026-08-01 12:00:00,residential-zone,55,42.3,61,22.5,56.3,24.7,2.57,12,5,Moderate,Critical
2026-08-01 12:00:00,river-zone,20,57.7,52,28.3,6.4,4.5,1.0,12,5,Low,Low
2026-08-01 12:00:00,bus-terminal,42,56.3,69,25.1,3.2,2.8,0.44,12,5,Low,Low
2026-08-01 12:15:00,central-junction,78,39.5,67,32.3,44.5,39.6,1.93,12,5,Moderate,High
2026-08-01 12:15:00,railway-station,74,50.4,60,27.6,3.3,1.6,0.59,12,5,Moderate,Low
2026-08-01 12:15:00,airport-road,28,57.4,44,28.8,5.5,4.8,0.79,12,5,Low,Low
2026-08-01 12:15:00,industrial-area,43,53.7,82,24.2,9.1,6.3,0.73,12,5,Low,Low
2026-08-01 12:15:00,city-hospital,21,53.3,55,20.2,58.7,43.9,2.58,12,5,Low,Critical
2026-08-01 12:15:00,residential-zone,22,58.5,66,29.9,8.0,4.4,0.73,12,5,Low,Low
2026-08-01 12:15:00,river-zone,43,49.4,49,19.1,40.0,27.0,2.23,12,5,Low,High
2026-08-01 12:15:00,bus-terminal,68,51.6,82,24.3,5.2,3.2,0.49,12,5,Moderate,Low
2026-08-01 12:30:00,central-junction,31,55.7,67,23.8,9.1,5.6,0.7,12,5,Low,Low
2026-08-01 12:30:00,railway-station,33,57.0,70,24.3,0.8,0.6,0.48,12,5,Low,Low
2026-08-01 12:30:00,airport-road,50,53.2,78,21.6,8.0,6.9,0.63,12,5,Low,Low
2026-08-01 12:30:00,industrial-area,36,54.5,66,33.7,7.2,6.0,0.57,12,5,Low,Low
2026-08-01 12:30:00,city-hospital,30,55.7,85,32.1,6.7,5.8,0.76,12,5,Low,Low
2026-08-01 12:30:00,residential-zone,27,58.9,73,31.1,7.8,3.9,0.86,12,5,Low,Low
2026-08-01 12:30:00,river-zone,28,57.0,56,30.8,3.1,2.6,0.98,12,5,Low,Low
2026-08-01 12:30:00,bus-terminal,64,48.8,55,33.2,7.5,3.4,0.62,12,5,Moderate,Low
2026-08-01 12:45:00,central-junction,74,35.1,82,20.1,76.6,56.8,3.24,12,5,Moderate,Critical
2026-08-01 12:45:00,railway-station,48,55.9,61,28.7,5.0,2.8,0.51,12,5,Low,Low
2026-08-01 12:45:00,airport-road,40,56.3,79,34.6,7.5,3.9,0.66,12,5,Low,Low
2026-08-01 12:45:00,industrial-area,46,52.6,110,31.9,1.7,0.8,0.5,12,5,Low,Low
2026-08-01 12:45:00,city-hospital,55,49.8,86,28.0,5.1,3.8,0.73,12,5,Low,Low
2026-08-01 12:45:00,residential-zone,38,58.1,75,22.9,8.8,4.7,0.73,12,5,Low,Low
2026-08-01 12:45:00,river-zone,22,62.6,55,27.3,3.0,1.7,0.8,12,5,Low,Low
2026-08-01 12:45:00,bus-terminal,43,53.4,53,28.7,4.4,3.1,0.61,12,5,Low,Low
2026-08-01 13:00:00,central-junction,53,52.5,64,24.4,4.2,2.8,0.69,13,5,Low,Low
2026-08-01 13:00:00,railway-station,32,55.3,57,27.6,6.0,2.4,0.79,13,5,Low,Low
2026-08-01 13:00:00,airport-road,27,60.4,54,23.7,8.4,5.5,0.63,13,5,Low,Low
2026-08-01 13:00:00,industrial-area,29,56.5,56,31.8,3.7,1.6,0.46,13,5,Low,Low
2026-08-01 13:00:00,city-hospital,46,55.9,52,27.6,8.0,5.0,0.78,13,5,Low,Low
2026-08-01 13:00:00,residential-zone,50,55.4,56,32.2,4.8,2.7,0.54,13,5,Low,Low
2026-08-01 13:00:00,river-zone,19,53.8,41,23.8,36.4,18.0,2.17,13,5,Low,High
2026-08-01 13:00:00,bus-terminal,67,48.8,65,27.0,2.9,1.2,0.66,13,5,Moderate,Low
2026-08-01 13:15:00,central-junction,36,54.4,55,24.1,3.0,1.5,0.64,13,5,Low,Low
2026-08-01 13:15:00,railway-station,53,54.7,50,34.9,5.4,4.2,0.56,13,5,Low,Low
2026-08-01 13:15:00,airport-road,27,57.0,59,33.7,9.1,4.4,0.68,13,5,Low,Low
2026-08-01 13:15:00,industrial-area,50,51.7,88,28.9,1.7,1.0,0.6,13,5,Low,Low
2026-08-01 13:15:00,city-hospital,25,57.5,66,35.3,0.4,0.2,0.6,13,5,Low,Low
2026-08-01 13:15:00,residential-zone,35,55.3,58,27.3,1.1,0.9,0.57,13,5,Low,Low
2026-08-01 13:15:00,river-zone,34,55.7,52,22.5,6.3,5.1,0.97,13,5,Low,Low
2026-08-01 13:15:00,bus-terminal,59,53.0,71,25.2,1.3,0.7,0.44,13,5,Low,Low
2026-08-01 13:30:00,central-junction,47,50.6,73,22.9,8.0,3.4,0.85,13,5,Low,Low
2026-08-01 13:30:00,railway-station,32,60.1,45,22.9,2.4,1.1,0.43,13,5,Low,Low
2026-08-01 13:30:00,airport-road,47,55.6,70,34.8,9.3,4.6,0.69,13,5,Low,Low
2026-08-01 13:30:00,industrial-area,60,51.9,108,32.4,3.3,1.7,0.52,13,5,Low,Low
2026-08-01 13:30:00,city-hospital,41,55.3,64,34.7,2.3,2.0,0.51,13,5,Low,Low
2026-08-01 13:30:00,residential-zone,46,55.5,87,26.2,7.6,5.9,0.7,13,5,Low,Low
2026-08-01 13:30:00,river-zone,43,55.8,63,22.0,8.5,4.2,1.07,13,5,Low,Low
2026-08-01 13:30:00,bus-terminal,41,58.0,82,25.7,5.5,3.4,0.72,13,5,Low,Low
2026-08-01 13:45:00,central-junction,37,53.7,38,31.2,9.0,8.0,0.69,13,5,Low,Low
2026-08-01 13:45:00,railway-station,61,51.9,92,23.5,8.4,4.8,0.81,13,5,Low,Low
2026-08-01 13:45:00,airport-road,51,53.0,74,23.6,0.7,0.4,0.42,13,5,Low,Low
2026-08-01 13:45:00,industrial-area,29,59.7,90,33.8,0.9,0.4,0.39,13,5,Low,Low
2026-08-01 13:45:00,city-hospital,45,50.0,82,30.6,42.5,22.5,1.99,13,5,Low,High
2026-08-01 13:45:00,residential-zone,34,56.6,77,29.4,1.2,0.9,0.51,13,5,Low,Low
2026-08-01 13:45:00,river-zone,44,54.1,66,24.1,7.6,5.0,1.12,13,5,Low,Low
2026-08-01 13:45:00,bus-terminal,41,56.0,67,28.0,1.9,1.6,0.56,13,5,Low,Low
2026-08-01 14:00:00,central-junction,52,50.1,75,22.3,3.3,2.1,0.56,14,5,Low,Low
2026-08-01 14:00:00,railway-station,36,53.9,75,24.9,5.2,2.6,0.63,14,5,Low,Low
2026-08-01 14:00:00,airport-road,17,62.1,38,29.5,7.7,4.8,0.61,14,5,Low,Low
2026-08-01 14:00:00,industrial-area,42,54.4,73,22.3,2.6,1.5,0.53,14,5,Low,Low
2026-08-01 14:00:00,city-hospital,39,55.7,64,33.3,9.7,7.6,0.82,14,5,Low,Low
2026-08-01 14:00:00,residential-zone,55,52.7,58,22.5,3.2,2.6,0.56,14,5,Low,Low
2026-08-01 14:00:00,river-zone,36,53.8,79,21.8,5.1,3.5,1.12,14,5,Low,Low
2026-08-01 14:00:00,bus-terminal,71,36.1,55,28.4,73.6,62.9,3.07,14,5,Moderate,Critical
2026-08-01 14:15:00,central-junction,41,55.7,46,24.0,6.8,4.3,0.76,14,5,Low,Low
2026-08-01 14:15:00,railway-station,48,51.3,49,24.7,2.1,1.7,0.6,14,5,Low,Low
2026-08-01 14:15:00,airport-road,39,58.9,83,34.7,0.9,0.7,0.45,14,5,Low,Low
2026-08-01 14:15:00,industrial-area,58,49.1,113,25.9,9.4,4.1,0.84,14,5,Low,Low
2026-08-01 14:15:00,city-hospital,57,51.3,82,35.5,2.8,2.3,0.59,14,5,Low,Low
2026-08-01 14:15:00,residential-zone,40,57.3,49,32.4,2.2,1.2,0.5,14,5,Low,Low
2026-08-01 14:15:00,river-zone,49,51.9,75,27.5,1.7,1.0,0.73,14,5,Low,Low
2026-08-01 14:15:00,bus-terminal,42,54.4,85,21.8,4.1,2.7,0.65,14,5,Low,Low
2026-08-01 14:30:00,central-junction,47,52.9,90,32.6,7.2,3.2,0.81,14,5,Low,Low
2026-08-01 14:30:00,railway-station,55,54.1,66,29.3,4.8,4.3,0.59,14,5,Low,Low
2026-08-01 14:30:00,airport-road,22,58.5,73,33.8,2.9,1.5,0.49,14,5,Low,Low
2026-08-01 14:30:00,industrial-area,33,44.6,98,29.0,85.8,36.5,3.45,14,5,Low,Critical
2026-08-01 14:30:00,city-hospital,38,56.0,69,22.3,2.8,1.2,0.4,14,5,Low,Low
2026-08-01 14:30:00,residential-zone,39,55.7,88,34.5,0.1,0.1,0.43,14,5,Low,Low
2026-08-01 14:30:00,river-zone,39,52.9,66,28.4,9.3,5.0,1.11,14,5,Low,Moderate
2026-08-01 14:30:00,bus-terminal,34,56.1,52,29.3,10.0,4.4,0.67,14,5,Low,Low
2026-08-01 14:45:00,central-junction,49,54.6,80,25.9,9.7,4.7,0.81,14,5,Low,Low
2026-08-01 14:45:00,railway-station,76,33.8,69,21.3,88.0,53.0,3.59,14,5,Moderate,Critical
2026-08-01 14:45:00,airport-road,44,54.1,88,29.8,8.5,5.0,0.67,14,5,Low,Low
2026-08-01 14:45:00,industrial-area,47,56.2,92,26.7,1.7,1.4,0.49,14,5,Low,Low
2026-08-01 14:45:00,city-hospital,37,51.4,69,17.7,55.3,26.0,2.43,14,5,Low,Critical
2026-08-01 14:45:00,residential-zone,24,57.8,73,31.4,8.7,7.7,0.72,14,5,Low,Low
2026-08-01 14:45:00,river-zone,33,57.5,69,34.3,2.5,1.9,1.03,14,5,Low,Low
2026-08-01 14:45:00,bus-terminal,35,49.1,79,22.7,47.0,29.3,2.09,14,5,Low,High
2026-08-01 15:00:00,central-junction,42,55.4,51,30.8,9.8,7.5,0.86,15,5,Low,Low
2026-08-01 15:00:00,railway-station,42,53.2,53,28.4,0.3,0.2,0.38,15,5,Low,Low
2026-08-01 15:00:00,airport-road,39,54.5,60,25.2,1.3,1.2,0.41,15,5,Low,Low
2026-08-01 15:00:00,industrial-area,30,58.9,111,22.3,8.0,4.6,0.68,15,5,Low,Low
2026-08-01 15:00:00,city-hospital,32,58.7,72,31.6,3.1,2.5,0.41,15,5,Low,Low
2026-08-01 15:00:00,residential-zone,32,57.9,76,31.3,4.5,3.5,0.75,15,5,Low,Low
2026-08-01 15:00:00,river-zone,53,53.7,64,26.5,2.7,1.4,0.92,15,5,Low,Low
2026-08-01 15:00:00,bus-terminal,38,54.0,89,28.8,3.1,2.3,0.51,15,5,Low,Low
2026-08-01 15:15:00,central-junction,67,49.9,72,22.9,8.1,3.4,0.78,15,5,Moderate,Low
2026-08-01 15:15:00,railway-station,37,58.5,47,26.0,0.8,0.4,0.49,15,5,Low,Low
2026-08-01 15:15:00,airport-road,59,52.0,48,23.1,5.3,2.3,0.68,15,5,Low,Low
2026-08-01 15:15:00,industrial-area,49,55.3,73,27.3,1.4,0.8,0.63,15,5,Low,Low
2026-08-01 15:15:00,city-hospital,39,57.1,80,25.4,3.4,3.0,0.5,15,5,Low,Low
2026-08-01 15:15:00,residential-zone,28,61.6,79,31.0,0.7,0.3,0.52,15,5,Low,Low
2026-08-01 15:15:00,river-zone,35,58.6,68,27.8,8.3,5.5,0.96,15,5,Low,Low
2026-08-01 15:15:00,bus-terminal,63,49.2,59,26.7,3.6,2.6,0.63,15,5,Moderate,Low
2026-08-01 15:30:00,central-junction,34,47.3,46,21.8,80.9,66.3,3.27,15,5,Low,Critical
2026-08-01 15:30:00,railway-station,79,48.8,64,24.5,2.4,1.5,0.41,15,5,Moderate,Low
2026-08-01 15:30:00,airport-road,23,57.2,46,32.2,5.5,4.5,0.67,15,5,Low,Low
2026-08-01 15:30:00,industrial-area,36,45.2,97,21.8,60.1,41.5,2.51,15,5,Low,Critical
2026-08-01 15:30:00,city-hospital,28,60.0,84,26.4,6.8,3.3,0.58,15,5,Low,Low
2026-08-01 15:30:00,residential-zone,37,57.5,76,32.5,5.8,4.2,0.71,15,5,Low,Low
2026-08-01 15:30:00,river-zone,23,43.3,64,15.5,110.6,52.2,4.73,15,5,Low,Critical
2026-08-01 15:30:00,bus-terminal,31,58.5,72,23.7,5.0,2.8,0.67,15,5,Low,Low
2026-08-01 15:45:00,central-junction,45,53.0,81,25.8,4.1,3.5,0.53,15,5,Low,Low
2026-08-01 15:45:00,railway-station,75,45.9,59,34.8,9.1,4.1,0.75,15,5,Moderate,Low
2026-08-01 15:45:00,airport-road,36,47.2,54,20.0,49.6,40.2,2.08,15,5,Low,High
2026-08-01 15:45:00,industrial-area,37,53.1,91,31.0,6.6,4.5,0.74,15,5,Low,Low
2026-08-01 15:45:00,city-hospital,68,49.7,67,30.9,9.9,4.5,0.85,15,5,Moderate,Low
2026-08-01 15:45:00,residential-zone,32,58.2,88,30.1,9.1,4.4,0.75,15,5,Low,Low
2026-08-01 15:45:00,river-zone,55,53.1,64,22.4,7.4,3.1,0.99,15,5,Low,Low
2026-08-01 15:45:00,bus-terminal,53,53.0,47,33.0,6.3,5.4,0.59,15,5,Low,Low
2026-08-01 16:00:00,central-junction,71,50.6,78,24.3,8.2,3.8,0.67,16,5,Moderate,Low
2026-08-01 16:00:00,railway-station,47,52.5,49,25.4,9.6,8.6,0.67,16,5,Low,Low
2026-08-01 16:00:00,airport-road,23,56.6,48,35.5,4.2,3.6,0.69,16,5,Low,Low
2026-08-01 16:00:00,industrial-area,25,59.1,58,31.2,8.4,5.6,0.81,16,5,Low,Low
2026-08-01 16:00:00,city-hospital,50,52.8,75,27.7,4.7,2.9,0.7,16,5,Low,Low
2026-08-01 16:00:00,residential-zone,41,52.8,59,23.6,21.2,17.5,1.11,16,5,Low,Moderate
2026-08-01 16:00:00,river-zone,23,59.1,56,23.7,4.1,2.5,0.8,16,5,Low,Low
2026-08-01 16:00:00,bus-terminal,45,52.9,78,24.9,4.4,2.7,0.7,16,5,Low,Low
2026-08-01 16:15:00,central-junction,39,54.3,85,27.6,8.7,5.6,0.75,16,5,Low,Low
2026-08-01 16:15:00,railway-station,53,50.1,64,27.6,9.2,7.9,0.84,16,5,Low,Low
2026-08-01 16:15:00,airport-road,24,55.9,66,30.1,9.5,7.5,0.8,16,5,Low,Low
2026-08-01 16:15:00,industrial-area,30,54.0,88,28.1,48.4,33.5,2.12,16,5,Low,High
2026-08-01 16:15:00,city-hospital,52,54.0,79,25.3,1.7,1.0,0.57,16,5,Low,Low
2026-08-01 16:15:00,residential-zone,26,58.2,45,31.3,3.9,3.3,0.5,16,5,Low,Low
2026-08-01 16:15:00,river-zone,39,53.9,80,21.8,3.4,1.4,0.97,16,5,Low,Low
2026-08-01 16:15:00,bus-terminal,56,51.7,81,32.5,3.1,2.6,0.65,16,5,Low,Low
2026-08-01 16:30:00,central-junction,43,57.5,66,33.5,0.9,0.4,0.57,16,5,Low,Low
2026-08-01 16:30:00,railway-station,24,47.8,66,17.4,60.3,44.2,2.7,16,5,Low,Critical
2026-08-01 16:30:00,airport-road,26,59.3,74,28.4,0.1,0.0,0.45,16,5,Low,Low
2026-08-01 16:30:00,industrial-area,54,50.3,96,30.4,1.7,1.4,0.41,16,5,Low,Low
2026-08-01 16:30:00,city-hospital,27,57.9,45,27.6,9.8,8.1,0.87,16,5,Low,Low
2026-08-01 16:30:00,residential-zone,29,56.1,67,25.6,1.0,0.8,0.6,16,5,Low,Low
2026-08-01 16:30:00,river-zone,53,50.7,62,34.0,2.4,1.8,0.77,16,5,Low,Low
2026-08-01 16:30:00,bus-terminal,63,51.2,74,33.3,1.1,0.7,0.62,16,5,Moderate,Low
2026-08-01 16:45:00,central-junction,42,55.5,61,33.3,4.9,3.2,0.59,16,5,Low,Low
2026-08-01 16:45:00,railway-station,35,56.0,44,35.2,1.1,0.7,0.43,16,5,Low,Low
2026-08-01 16:45:00,airport-road,26,58.5,69,35.2,3.6,2.7,0.54,16,5,Low,Low
2026-08-01 16:45:00,industrial-area,35,48.3,69,23.9,74.3,42.8,2.96,16,5,Low,Critical
2026-08-01 16:45:00,city-hospital,29,56.3,89,23.5,3.2,1.9,0.47,16,5,Low,Low
2026-08-01 16:45:00,residential-zone,47,54.9,44,31.4,5.4,2.2,0.69,16,5,Low,Low
2026-08-01 16:45:00,river-zone,23,58.0,73,28.5,8.0,3.5,1.02,16,5,Low,Low
2026-08-01 16:45:00,bus-terminal,44,45.7,82,27.0,48.7,23.6,2.25,16,5,Low,High
2026-08-01 17:00:00,central-junction,39,53.1,47,34.9,4.9,3.8,0.65,17,5,Low,Low
2026-08-01 17:00:00,railway-station,36,55.4,64,24.1,1.4,1.3,0.44,17,5,Low,Low
2026-08-01 17:00:00,airport-road,39,53.2,47,20.9,23.7,13.3,1.38,17,5,Low,Moderate
2026-08-01 17:00:00,industrial-area,56,51.1,67,35.4,2.1,1.6,0.38,17,5,Low,Low
2026-08-01 17:00:00,city-hospital,35,54.4,51,31.1,7.8,4.7,0.62,17,5,Low,Low
2026-08-01 17:00:00,residential-zone,31,54.5,58,34.7,6.5,3.9,0.61,17,5,Low,Low
2026-08-01 17:00:00,river-zone,27,59.7,67,23.5,7.7,4.5,1.03,17,5,Low,Low
2026-08-01 17:00:00,bus-terminal,65,50.8,58,32.8,1.2,1.0,0.46,17,5,Moderate,Low
2026-08-01 17:15:00,central-junction,33,58.2,76,34.0,6.5,3.1,0.8,17,5,Low,Low
2026-08-01 17:15:00,railway-station,31,56.5,68,27.9,7.2,5.3,0.6,17,5,Low,Low
2026-08-01 17:15:00,airport-road,64,50.6,86,33.7,2.2,1.2,0.42,17,5,Moderate,Low
2026-08-01 17:15:00,industrial-area,44,53.3,87,22.6,3.5,1.7,0.59,17,5,Low,Low
2026-08-01 17:15:00,city-hospital,48,53.2,86,31.5,5.6,2.6,0.56,17,5,Low,Low
2026-08-01 17:15:00,residential-zone,25,59.4,59,33.4,9.5,5.9,0.9,17,5,Low,Low
2026-08-01 17:15:00,river-zone,34,58.2,60,27.6,7.8,5.7,1.04,17,5,Low,Low
2026-08-01 17:15:00,bus-terminal,41,56.3,68,31.9,2.8,1.6,0.57,17,5,Low,Low
2026-08-01 17:30:00,central-junction,33,45.0,53,21.6,86.6,66.9,3.35,17,5,Low,Critical
2026-08-01 17:30:00,railway-station,66,42.2,48,21.3,52.2,46.5,2.32,17,5,Moderate,Critical
2026-08-01 17:30:00,airport-road,65,35.0,68,14.0,106.3,78.3,4.19,17,5,Moderate,Critical
2026-08-01 17:30:00,industrial-area,27,53.6,103,25.4,36.8,20.9,1.76,17,5,Low,High
2026-08-01 17:30:00,city-hospital,61,52.6,76,21.8,9.1,3.8,0.84,17,5,Low,Low
2026-08-01 17:30:00,residential-zone,31,48.1,71,27.3,64.0,57.3,2.62,17,5,Low,Critical
2026-08-01 17:30:00,river-zone,53,50.8,78,27.8,5.0,4.2,1.08,17,5,Low,Low
2026-08-01 17:30:00,bus-terminal,52,52.5,57,34.9,3.1,1.8,0.42,17,5,Low,Low
2026-08-01 17:45:00,central-junction,27,57.5,56,35.2,7.6,6.0,0.71,17,5,Low,Low
2026-08-01 17:45:00,railway-station,58,51.7,67,34.7,5.9,2.7,0.77,17,5,Low,Low
2026-08-01 17:45:00,airport-road,49,36.0,41,12.8,120.6,99.0,4.7,17,5,Moderate,Critical
2026-08-01 17:45:00,industrial-area,40,52.8,76,34.3,4.3,3.2,0.51,17,5,Low,Low
2026-08-01 17:45:00,city-hospital,30,59.6,75,22.6,2.7,2.0,0.56,17,5,Low,Low
2026-08-01 17:45:00,residential-zone,31,57.7,65,28.7,7.1,2.9,0.58,17,5,Low,Low
2026-08-01 17:45:00,river-zone,37,43.3,53,21.0,86.5,40.2,3.89,17,5,Low,Critical
2026-08-01 17:45:00,bus-terminal,31,55.2,53,32.9,0.3,0.2,0.37,17,5,Low,Low
2026-08-01 18:00:00,central-junction,75,47.3,69,22.0,8.5,6.5,0.83,18,5,Moderate,Low
2026-08-01 18:00:00,railway-station,27,61.8,50,24.8,1.6,0.9,0.59,18,5,Low,Low
2026-08-01 18:00:00,airport-road,21,60.6,77,34.5,5.5,3.9,0.5,18,5,Low,Low
2026-08-01 18:00:00,industrial-area,40,52.6,82,28.2,9.7,6.4,0.67,18,5,Low,Low
2026-08-01 18:00:00,city-hospital,27,61.8,51,32.0,0.1,0.0,0.41,18,5,Low,Low
2026-08-01 18:00:00,residential-zone,33,57.9,39,31.6,1.5,1.3,0.52,18,5,Low,Low
2026-08-01 18:00:00,river-zone,63,51.2,58,26.5,9.2,5.6,1.14,18,5,Moderate,Moderate
2026-08-01 18:00:00,bus-terminal,38,58.7,73,33.0,0.5,0.2,0.45,18,5,Low,Low
2026-08-01 18:15:00,central-junction,51,52.5,48,28.7,9.2,6.1,0.8,18,5,Low,Low
2026-08-01 18:15:00,railway-station,23,60.8,48,32.5,3.1,2.0,0.48,18,5,Low,Low
2026-08-01 18:15:00,airport-road,40,57.9,75,28.7,1.1,0.8,0.5,18,5,Low,Low
2026-08-01 18:15:00,industrial-area,40,56.5,65,29.2,1.4,1.1,0.54,18,5,Low,Low
2026-08-01 18:15:00,city-hospital,62,51.7,80,25.4,4.9,4.1,0.59,18,5,Low,Low
2026-08-01 18:15:00,residential-zone,26,57.8,65,27.7,1.8,1.0,0.44,18,5,Low,Low
2026-08-01 18:15:00,river-zone,21,58.1,70,25.9,8.9,3.8,1.18,18,5,Low,Moderate
2026-08-01 18:15:00,bus-terminal,48,55.7,64,29.3,6.3,2.6,0.68,18,5,Low,Low
2026-08-01 18:30:00,central-junction,41,57.3,73,22.7,3.5,2.6,0.66,18,5,Low,Low
2026-08-01 18:30:00,railway-station,40,54.7,85,29.3,8.1,5.4,0.81,18,5,Low,Low
2026-08-01 18:30:00,airport-road,58,50.4,53,24.5,9.0,4.6,0.83,18,5,Low,Low
2026-08-01 18:30:00,industrial-area,32,55.8,70,33.0,7.7,6.2,0.7,18,5,Low,Low
2026-08-01 18:30:00,city-hospital,50,50.7,65,26.6,2.2,1.1,0.43,18,5,Low,Low
2026-08-01 18:30:00,residential-zone,31,45.6,49,29.5,80.3,44.3,3.31,18,5,Low,Critical
2026-08-01 18:30:00,river-zone,27,49.3,42,25.9,51.5,41.0,2.75,18,5,Low,Critical
2026-08-01 18:30:00,bus-terminal,40,55.5,52,33.6,9.8,5.3,0.74,18,5,Low,Low
2026-08-01 18:45:00,central-junction,49,52.4,84,22.4,4.5,3.9,0.56,18,5,Low,Low
2026-08-01 18:45:00,railway-station,41,54.5,65,32.9,8.5,4.7,0.69,18,5,Low,Low
2026-08-01 18:45:00,airport-road,42,53.6,60,23.2,24.0,13.4,1.28,18,5,Low,Moderate
2026-08-01 18:45:00,industrial-area,36,40.4,87,18.6,125.7,83.0,4.74,18,5,Low,Critical
2026-08-01 18:45:00,city-hospital,31,56.2,75,32.6,9.7,6.4,0.7,18,5,Low,Low
2026-08-01 18:45:00,residential-zone,34,58.7,46,26.4,9.0,4.0,0.8,18,5,Low,Low
2026-08-01 18:45:00,river-zone,20,62.9,82,28.1,1.9,0.8,0.9,18,5,Low,Low
2026-08-01 18:45:00,bus-terminal,38,58.4,49,34.2,6.3,3.5,0.71,18,5,Low,Low
2026-08-01 19:00:00,central-junction,34,56.3,79,35.3,1.8,0.9,0.51,19,5,Low,Low
2026-08-01 19:00:00,railway-station,60,54.0,58,24.7,2.7,1.3,0.49,19,5,Low,Low
2026-08-01 19:00:00,airport-road,46,56.0,45,34.7,4.6,2.8,0.58,19,5,Low,Low
2026-08-01 19:00:00,industrial-area,34,56.2,83,23.9,22.6,20.1,1.11,19,5,Low,Moderate
2026-08-01 19:00:00,city-hospital,40,52.7,41,24.1,40.4,27.6,1.99,19,5,Low,High
2026-08-01 19:00:00,residential-zone,38,54.1,58,31.1,0.4,0.3,0.52,19,5,Low,Low
2026-08-01 19:00:00,river-zone,58,52.8,54,28.7,3.2,2.5,0.86,19,5,Low,Low
2026-08-01 19:00:00,bus-terminal,33,38.5,57,18.8,122.7,92.2,4.73,19,5,Low,Critical
2026-08-01 19:15:00,central-junction,32,59.2,61,34.9,5.3,3.4,0.68,19,5,Low,Low
2026-08-01 19:15:00,railway-station,71,50.9,52,29.6,0.6,0.4,0.45,19,5,Moderate,Low
2026-08-01 19:15:00,airport-road,30,54.3,78,25.6,8.3,4.3,0.72,19,5,Low,Low
2026-08-01 19:15:00,industrial-area,31,55.4,109,34.3,5.8,3.3,0.61,19,5,Low,Low
2026-08-01 19:15:00,city-hospital,42,40.9,64,18.0,86.9,45.2,3.42,19,5,Low,Critical
2026-08-01 19:15:00,residential-zone,50,43.1,51,27.6,72.3,42.8,3.12,19,5,Moderate,Critical
2026-08-01 19:15:00,river-zone,43,54.8,71,30.0,2.8,2.2,0.88,19,5,Low,Low
2026-08-01 19:15:00,bus-terminal,44,52.6,73,34.5,6.5,4.3,0.64,19,5,Low,Low
2026-08-01 19:30:00,central-junction,47,56.4,86,23.3,4.8,3.5,0.71,19,5,Low,Low
2026-08-01 19:30:00,railway-station,29,57.6,63,22.4,1.3,0.6,0.49,19,5,Low,Low
2026-08-01 19:30:00,airport-road,42,57.1,64,30.8,1.8,1.3,0.53,19,5,Low,Low
2026-08-01 19:30:00,industrial-area,57,49.3,86,22.7,6.2,5.1,0.54,19,5,Low,Low
2026-08-01 19:30:00,city-hospital,23,44.5,50,28.7,84.1,51.1,3.43,19,5,Low,Critical
2026-08-01 19:30:00,residential-zone,60,47.8,80,23.9,9.2,7.9,0.78,19,5,Moderate,Low
2026-08-01 19:30:00,river-zone,28,49.3,47,22.2,81.6,60.0,3.53,19,5,Low,Critical
2026-08-01 19:30:00,bus-terminal,42,42.8,68,25.0,71.7,62.1,3.01,19,5,Low,Critical
2026-08-01 19:45:00,central-junction,48,56.1,80,27.6,7.5,6.1,0.75,19,5,Low,Low
2026-08-01 19:45:00,railway-station,49,54.7,71,29.8,4.6,3.8,0.68,19,5,Low,Low
2026-08-01 19:45:00,airport-road,39,53.6,73,28.6,2.6,2.0,0.66,19,5,Low,Low
2026-08-01 19:45:00,industrial-area,36,52.2,78,30.0,36.4,25.6,1.81,19,5,Low,High
2026-08-01 19:45:00,city-hospital,31,59.0,88,24.1,4.9,2.9,0.72,19,5,Low,Low
2026-08-01 19:45:00,residential-zone,33,55.3,56,22.3,27.9,14.9,1.35,19,5,Low,Moderate
2026-08-01 19:45:00,river-zone,64,53.4,57,29.8,1.5,0.8,0.92,19,5,Low,Low
2026-08-01 19:45:00,bus-terminal,34,55.7,47,22.8,9.7,5.5,0.92,19,5,Low,Low
2026-08-01 20:00:00,central-junction,77,44.9,74,30.8,6.1,2.6,0.64,20,5,Moderate,Low
2026-08-01 20:00:00,railway-station,59,53.2,65,32.7,8.6,3.7,0.86,20,5,Low,Low
2026-08-01 20:00:00,airport-road,25,56.3,49,24.3,4.4,2.8,0.65,20,5,Low,Low
2026-08-01 20:00:00,industrial-area,43,53.9,71,30.7,3.2,2.2,0.42,20,5,Low,Low
2026-08-01 20:00:00,city-hospital,39,55.0,90,30.7,0.5,0.4,0.38,20,5,Low,Low
2026-08-01 20:00:00,residential-zone,35,50.0,44,31.3,54.5,29.3,2.26,20,5,Low,High
2026-08-01 20:00:00,river-zone,35,60.0,64,33.6,0.4,0.2,0.75,20,5,Low,Low
2026-08-01 20:00:00,bus-terminal,39,56.3,68,28.2,0.4,0.2,0.6,20,5,Low,Low
2026-08-01 20:15:00,central-junction,69,48.6,57,24.9,1.9,1.0,0.62,20,5,Moderate,Low
2026-08-01 20:15:00,railway-station,49,52.0,66,27.1,5.3,4.0,0.69,20,5,Low,Low
2026-08-01 20:15:00,airport-road,59,39.0,55,21.2,104.7,78.8,4.02,20,5,Moderate,Critical
2026-08-01 20:15:00,industrial-area,39,53.7,113,28.3,5.4,3.9,0.6,20,5,Low,Low
2026-08-01 20:15:00,city-hospital,32,57.4,59,29.3,1.2,0.8,0.46,20,5,Low,Low
2026-08-01 20:15:00,residential-zone,38,53.3,79,35.4,3.3,1.8,0.5,20,5,Low,Low
2026-08-01 20:15:00,river-zone,46,41.9,51,18.9,82.7,60.8,3.56,20,5,Low,Critical
2026-08-01 20:15:00,bus-terminal,46,54.5,67,27.8,1.8,0.9,0.5,20,5,Low,Low
2026-08-01 20:30:00,central-junction,45,52.4,63,27.3,2.0,1.5,0.49,20,5,Low,Low
2026-08-01 20:30:00,railway-station,56,50.4,56,24.6,4.6,3.3,0.47,20,5,Low,Low
2026-08-01 20:30:00,airport-road,32,45.9,59,26.7,65.1,34.8,2.75,20,5,Low,Critical
2026-08-01 20:30:00,industrial-area,25,58.1,83,29.8,8.7,5.1,0.73,20,5,Low,Low
2026-08-01 20:30:00,city-hospital,38,53.3,81,30.8,3.8,2.3,0.62,20,5,Low,Low
2026-08-01 20:30:00,residential-zone,25,39.8,49,17.8,131.0,80.0,4.99,20,5,Low,Critical
2026-08-01 20:30:00,river-zone,34,58.8,42,23.1,6.0,5.0,0.98,20,5,Low,Low
2026-08-01 20:30:00,bus-terminal,65,49.4,67,23.3,5.4,4.7,0.53,20,5,Moderate,Low
2026-08-01 20:45:00,central-junction,35,47.3,38,24.3,77.9,50.9,3.27,20,5,Low,Critical
2026-08-01 20:45:00,railway-station,56,50.1,48,30.0,7.3,3.7,0.73,20,5,Low,Low
2026-08-01 20:45:00,airport-road,33,54.6,48,32.4,8.4,7.5,0.7,20,5,Low,Low
2026-08-01 20:45:00,industrial-area,50,43.8,84,27.6,74.6,46.6,3.12,20,5,Moderate,Critical
2026-08-01 20:45:00,city-hospital,28,50.3,80,27.7,57.0,24.4,2.49,20,5,Low,Critical
2026-08-01 20:45:00,residential-zone,34,55.5,72,29.6,0.4,0.3,0.36,20,5,Low,Low
2026-08-01 20:45:00,river-zone,43,54.0,77,21.5,6.7,2.9,0.92,20,5,Low,Low
2026-08-01 20:45:00,bus-terminal,27,61.0,57,23.1,7.2,3.5,0.85,20,5,Low,Low
2026-08-01 21:00:00,central-junction,50,50.9,56,30.7,9.0,7.7,0.67,21,5,Low,Low
2026-08-01 21:00:00,railway-station,67,52.1,71,26.3,2.5,1.9,0.61,21,5,Moderate,Low
2026-08-01 21:00:00,airport-road,46,54.5,68,27.6,6.5,4.8,0.8,21,5,Low,Low
2026-08-01 21:00:00,industrial-area,31,47.2,64,17.2,63.6,41.8,2.66,21,5,Low,Critical
2026-08-01 21:00:00,city-hospital,55,45.2,76,19.2,61.4,39.2,2.47,21,5,Moderate,Critical
2026-08-01 21:00:00,residential-zone,29,59.4,77,32.9,0.4,0.2,0.46,21,5,Low,Low
2026-08-01 21:00:00,river-zone,46,56.8,44,28.9,5.6,4.9,1.0,21,5,Low,Low
2026-08-01 21:00:00,bus-terminal,54,51.0,77,22.8,6.1,5.1,0.74,21,5,Low,Low
2026-08-01 21:15:00,central-junction,53,51.1,93,31.0,5.9,4.3,0.63,21,5,Low,Low
2026-08-01 21:15:00,railway-station,48,37.3,47,24.0,108.8,47.5,4.27,21,5,Moderate,Critical
2026-08-01 21:15:00,airport-road,49,50.9,85,27.8,2.2,1.0,0.67,21,5,Low,Low
2026-08-01 21:15:00,industrial-area,25,44.2,90,22.6,85.4,43.1,3.33,21,5,Low,Critical
2026-08-01 21:15:00,city-hospital,31,58.7,55,24.2,0.8,0.4,0.55,21,5,Low,Low
2026-08-01 21:15:00,residential-zone,34,55.9,86,23.7,1.6,0.8,0.48,21,5,Low,Low
2026-08-01 21:15:00,river-zone,37,56.0,54,31.9,0.9,0.6,0.88,21,5,Low,Low
2026-08-01 21:15:00,bus-terminal,50,56.0,69,26.5,2.5,1.0,0.4,21,5,Low,Low
2026-08-01 21:30:00,central-junction,50,54.5,67,28.8,0.1,0.1,0.41,21,5,Low,Low
2026-08-01 21:30:00,railway-station,29,36.0,67,13.5,135.6,62.1,5.12,21,5,Low,Critical
2026-08-01 21:30:00,airport-road,18,59.4,50,21.6,8.5,4.5,0.66,21,5,Low,Low
2026-08-01 21:30:00,industrial-area,40,54.5,115,26.2,9.1,5.2,0.73,21,5,Low,Low
2026-08-01 21:30:00,city-hospital,41,55.6,74,27.7,1.0,0.6,0.4,21,5,Low,Low
2026-08-01 21:30:00,residential-zone,52,54.7,63,22.5,5.7,2.3,0.64,21,5,Low,Low
2026-08-01 21:30:00,river-zone,34,54.9,46,25.6,7.0,3.0,1.04,21,5,Low,Low
2026-08-01 21:30:00,bus-terminal,40,43.7,67,30.5,63.9,55.6,2.59,21,5,Low,Critical
2026-08-01 21:45:00,central-junction,42,52.3,66,30.7,5.4,4.6,0.61,21,5,Low,Low
2026-08-01 21:45:00,railway-station,35,58.8,63,26.3,2.1,1.7,0.49,21,5,Low,Low
2026-08-01 21:45:00,airport-road,25,60.6,52,34.0,4.9,2.3,0.64,21,5,Low,Low
2026-08-01 21:45:00,industrial-area,29,55.0,74,34.0,3.9,1.8,0.56,21,5,Low,Low
2026-08-01 21:45:00,city-hospital,46,47.2,81,19.3,65.3,31.6,2.61,21,5,Low,Critical
2026-08-01 21:45:00,residential-zone,26,58.6,57,26.1,7.7,4.5,0.65,21,5,Low,Low
2026-08-01 21:45:00,river-zone,47,55.9,66,26.6,9.0,3.9,1.01,21,5,Low,Low
2026-08-01 21:45:00,bus-terminal,52,50.7,82,29.4,0.6,0.3,0.52,21,5,Low,Low
2026-08-01 22:00:00,central-junction,84,34.0,62,15.3,89.2,58.7,3.55,22,5,Moderate,Critical
2026-08-01 22:00:00,railway-station,41,53.2,68,31.3,7.6,6.0,0.63,22,5,Low,Low
2026-08-01 22:00:00,airport-road,27,55.6,50,30.5,7.9,5.0,0.65,22,5,Low,Low
2026-08-01 22:00:00,industrial-area,54,52.2,103,31.5,1.0,0.7,0.36,22,5,Low,Low
2026-08-01 22:00:00,city-hospital,46,54.9,72,24.7,4.5,2.9,0.66,22,5,Low,Low
2026-08-01 22:00:00,residential-zone,41,54.9,76,24.6,8.0,5.8,0.7,22,5,Low,Low
2026-08-01 22:00:00,river-zone,42,47.3,44,19.8,75.6,56.9,3.55,22,5,Low,Critical
2026-08-01 22:00:00,bus-terminal,27,57.0,85,22.4,1.0,0.8,0.6,22,5,Low,Low
2026-08-01 22:15:00,central-junction,48,56.6,62,28.5,3.4,1.4,0.58,22,5,Low,Low
2026-08-01 22:15:00,railway-station,52,54.2,79,29.7,3.3,2.3,0.55,22,5,Low,Low
2026-08-01 22:15:00,airport-road,22,60.7,75,26.1,3.7,2.8,0.47,22,5,Low,Low
2026-08-01 22:15:00,industrial-area,48,50.6,72,29.5,8.6,6.0,0.89,22,5,Low,Low
2026-08-01 22:15:00,city-hospital,35,55.8,79,21.9,9.9,6.4,0.89,22,5,Low,Low
2026-08-01 22:15:00,residential-zone,39,53.0,64,26.9,9.7,6.9,0.72,22,5,Low,Low
2026-08-01 22:15:00,river-zone,34,46.3,75,28.8,78.9,58.4,3.67,22,5,Low,Critical
2026-08-01 22:15:00,bus-terminal,63,37.3,75,19.0,87.5,48.3,3.4,22,5,Moderate,Critical
2026-08-01 22:30:00,central-junction,41,57.3,57,29.2,3.2,1.9,0.66,22,5,Low,Low
2026-08-01 22:30:00,railway-station,45,53.1,52,23.1,7.8,4.8,0.7,22,5,Low,Low
2026-08-01 22:30:00,airport-road,26,59.5,38,25.5,8.0,3.2,0.77,22,5,Low,Low
2026-08-01 22:30:00,industrial-area,53,39.1,103,16.9,89.7,50.9,3.51,22,5,Moderate,Critical
2026-08-01 22:30:00,city-hospital,20,53.7,73,22.7,42.2,30.9,1.95,22,5,Low,High
2026-08-01 22:30:00,residential-zone,31,55.1,65,26.2,1.3,0.8,0.39,22,5,Low,Low
2026-08-01 22:30:00,river-zone,22,62.1,57,32.0,3.1,1.8,1.02,22,5,Low,Low
2026-08-01 22:30:00,bus-terminal,42,47.5,74,23.8,56.8,40.6,2.53,22,5,Low,Critical
2026-08-01 22:45:00,central-junction,39,44.1,75,18.8,98.8,87.9,3.96,22,5,Low,Critical
2026-08-01 22:45:00,railway-station,63,48.0,64,25.2,4.1,1.7,0.74,22,5,Moderate,Low
2026-08-01 22:45:00,airport-road,41,53.6,51,27.1,0.1,0.1,0.49,22,5,Low,Low
2026-08-01 22:45:00,industrial-area,41,57.5,81,27.2,5.1,4.2,0.49,22,5,Low,Low
2026-08-01 22:45:00,city-hospital,34,55.6,81,29.1,0.2,0.1,0.6,22,5,Low,Low
2026-08-01 22:45:00,residential-zone,38,53.8,50,33.0,0.3,0.2,0.39,22,5,Low,Low
2026-08-01 22:45:00,river-zone,39,54.4,85,25.4,5.1,4.2,0.84,22,5,Low,Low
2026-08-01 22:45:00,bus-terminal,36,54.6,87,24.8,1.3,0.8,0.48,22,5,Low,Low
2026-08-01 23:00:00,central-junction,60,50.8,74,27.5,6.2,5.0,0.75,23,5,Low,Low
2026-08-01 23:00:00,railway-station,47,54.2,79,35.4,1.8,0.8,0.59,23,5,Low,Low
2026-08-01 23:00:00,airport-road,29,55.7,71,26.0,5.5,2.8,0.58,23,5,Low,Low
2026-08-01 23:00:00,industrial-area,33,54.9,82,27.8,5.2,4.0,0.72,23,5,Low,Low
2026-08-01 23:00:00,city-hospital,36,54.5,77,24.9,3.9,2.1,0.61,23,5,Low,Low
2026-08-01 23:00:00,residential-zone,32,59.2,77,29.6,9.8,7.4,0.67,23,5,Low,Low
2026-08-01 23:00:00,river-zone,55,52.5,64,35.0,4.5,1.8,0.96,23,5,Low,Low
2026-08-01 23:00:00,bus-terminal,38,46.9,74,32.0,46.6,36.4,2.04,23,5,Low,High
2026-08-01 23:15:00,central-junction,33,55.0,48,19.1,37.8,18.9,1.66,23,5,Low,High
2026-08-01 23:15:00,railway-station,35,58.1,59,35.4,0.6,0.3,0.4,23,5,Low,Low
2026-08-01 23:15:00,airport-road,39,57.5,67,31.3,4.2,3.1,0.62,23,5,Low,Low
2026-08-01 23:15:00,industrial-area,48,55.8,109,30.2,9.4,7.5,0.74,23,5,Low,Low
2026-08-01 23:15:00,city-hospital,19,59.1,54,29.1,2.5,2.1,0.48,23,5,Low,Low
2026-08-01 23:15:00,residential-zone,19,63.3,82,31.1,0.9,0.7,0.62,23,5,Low,Low
2026-08-01 23:15:00,river-zone,46,47.6,91,30.4,36.2,24.5,1.96,23,5,Low,High
2026-08-01 23:15:00,bus-terminal,39,46.0,72,22.0,49.7,27.0,2.33,23,5,Low,High
2026-08-01 23:30:00,central-junction,85,45.0,91,25.9,7.1,4.3,0.62,23,5,Moderate,Low
2026-08-01 23:30:00,railway-station,68,32.0,70,24.9,101.1,67.8,4.04,23,5,Moderate,Critical
2026-08-01 23:30:00,airport-road,45,56.7,73,28.5,1.4,0.9,0.61,23,5,Low,Low
2026-08-01 23:30:00,industrial-area,27,58.0,83,23.0,3.7,1.6,0.7,23,5,Low,Low
2026-08-01 23:30:00,city-hospital,52,52.3,77,23.8,7.7,6.5,0.84,23,5,Low,Low
2026-08-01 23:30:00,residential-zone,36,54.1,68,27.2,2.7,1.5,0.48,23,5,Low,Low
2026-08-01 23:30:00,river-zone,45,45.6,64,19.2,73.8,60.8,3.37,23,5,Low,Critical
2026-08-01 23:30:00,bus-terminal,44,43.7,60,22.9,83.5,69.4,3.38,23,5,Low,Critical
2026-08-01 23:45:00,central-junction,63,46.3,82,21.6,48.6,25.1,2.19,23,5,Moderate,High
2026-08-01 23:45:00,railway-station,58,50.8,77,21.4,9.6,6.7,0.68,23,5,Low,Low
2026-08-01 23:45:00,airport-road,21,58.5,58,30.9,8.6,6.9,0.8,23,5,Low,Low
2026-08-01 23:45:00,industrial-area,27,58.4,81,33.1,6.1,2.7,0.64,23,5,Low,Low
2026-08-01 23:45:00,city-hospital,38,56.0,63,27.6,2.1,1.0,0.44,23,5,Low,Low
2026-08-01 23:45:00,residential-zone,41,56.6,50,22.2,4.3,3.5,0.6,23,5,Low,Low
2026-08-01 23:45:00,river-zone,26,60.3,59,24.9,1.4,0.6,0.72,23,5,Low,Low
2026-08-01 23:45:00,bus-terminal,32,56.0,51,26.6,1.8,1.3,0.54,23,5,Low,Low
2026-08-02 00:00:00,central-junction,53,53.8,92,30.5,0.1,0.1,0.59,0,6,Low,Low
2026-08-02 00:00:00,railway-station,69,40.3,74,24.6,55.3,46.7,2.26,0,6,Moderate,Critical
2026-08-02 00:00:00,airport-road,36,54.6,66,33.9,5.3,4.0,0.63,0,6,Low,Low
2026-08-02 00:00:00,industrial-area,40,55.6,90,25.8,2.1,1.3,0.43,0,6,Low,Low
2026-08-02 00:00:00,city-hospital,23,50.8,37,23.0,61.4,28.4,2.58,0,6,Low,Critical
2026-08-02 00:00:00,residential-zone,42,54.4,56,24.3,2.0,0.8,0.66,0,6,Low,Low
2026-08-02 00:00:00,river-zone,38,55.3,49,23.9,5.2,2.8,1.07,0,6,Low,Low
2026-08-02 00:00:00,bus-terminal,44,53.7,59,23.4,4.1,2.3,0.74,0,6,Low,Low
2026-08-02 00:15:00,central-junction,35,58.8,42,28.5,5.7,4.3,0.72,0,6,Low,Low
2026-08-02 00:15:00,railway-station,56,50.6,77,28.8,4.0,3.0,0.48,0,6,Low,Low
2026-08-02 00:15:00,airport-road,27,60.5,60,22.2,4.1,3.1,0.48,0,6,Low,Low
2026-08-02 00:15:00,industrial-area,43,52.4,108,26.5,3.6,2.6,0.45,0,6,Low,Low
2026-08-02 00:15:00,city-hospital,46,57.0,50,26.5,3.9,2.7,0.56,0,6,Low,Low
2026-08-02 00:15:00,residential-zone,37,58.2,86,33.9,0.5,0.3,0.39,0,6,Low,Low
2026-08-02 00:15:00,river-zone,22,42.9,56,19.3,118.3,95.7,4.83,0,6,Low,Critical
2026-08-02 00:15:00,bus-terminal,51,38.5,46,18.4,118.7,47.7,4.62,0,6,Moderate,Critical
2026-08-02 00:30:00,central-junction,39,55.9,45,26.6,1.1,0.9,0.45,0,6,Low,Low
2026-08-02 00:30:00,railway-station,47,56.5,60,25.8,7.2,3.4,0.58,0,6,Low,Low
2026-08-02 00:30:00,airport-road,60,52.5,78,34.7,5.8,4.2,0.61,0,6,Low,Low
2026-08-02 00:30:00,industrial-area,42,52.4,88,31.8,5.5,4.5,0.73,0,6,Low,Low
2026-08-02 00:30:00,city-hospital,40,55.9,65,22.1,5.7,2.6,0.68,0,6,Low,Low
2026-08-02 00:30:00,residential-zone,45,52.0,82,24.1,3.9,2.2,0.64,0,6,Low,Low
2026-08-02 00:30:00,river-zone,58,54.2,62,34.7,3.9,2.1,0.88,0,6,Low,Low
2026-08-02 00:30:00,bus-terminal,67,50.9,84,26.7,0.1,0.1,0.4,0,6,Moderate,Low
2026-08-02 00:45:00,central-junction,62,48.7,59,31.3,0.1,0.1,0.48,0,6,Moderate,Low
2026-08-02 00:45:00,railway-station,48,46.5,69,27.4,58.8,23.9,2.55,0,6,Low,Critical
2026-08-02 00:45:00,airport-road,25,58.0,59,33.2,3.8,2.5,0.61,0,6,Low,Low
2026-08-02 00:45:00,industrial-area,44,55.9,78,34.7,1.1,0.8,0.5,0,6,Low,Low
2026-08-02 00:45:00,city-hospital,20,57.2,50,26.7,5.8,2.4,0.53,0,6,Low,Low
2026-08-02 00:45:00,residential-zone,36,57.1,58,28.6,2.7,1.7,0.49,0,6,Low,Low
2026-08-02 00:45:00,river-zone,35,58.3,70,33.1,7.1,3.4,1.03,0,6,Low,Low
2026-08-02 00:45:00,bus-terminal,47,55.9,73,27.6,9.8,6.6,0.65,0,6,Low,Low
2026-08-02 01:00:00,central-junction,31,51.7,77,29.2,60.3,36.0,2.48,1,6,Low,Critical
2026-08-02 01:00:00,railway-station,41,56.8,64,28.7,4.6,2.7,0.47,1,6,Low,Low
2026-08-02 01:00:00,airport-road,32,55.8,72,31.5,7.8,3.7,0.63,1,6,Low,Low
2026-08-02 01:00:00,industrial-area,24,59.5,90,29.8,9.8,5.3,0.77,1,6,Low,Low
2026-08-02 01:00:00,city-hospital,36,55.3,56,32.8,3.8,1.9,0.53,1,6,Low,Low
2026-08-02 01:00:00,residential-zone,32,57.2,90,28.8,9.4,7.8,0.77,1,6,Low,Low
2026-08-02 01:00:00,river-zone,51,53.7,84,34.2,4.7,2.5,0.93,1,6,Low,Low
2026-08-02 01:00:00,bus-terminal,51,52.9,72,32.5,5.2,2.6,0.65,1,6,Low,Low
2026-08-02 01:15:00,central-junction,43,55.0,69,27.3,5.1,2.4,0.59,1,6,Low,Low
2026-08-02 01:15:00,railway-station,53,55.5,80,34.9,1.7,1.0,0.54,1,6,Low,Low
2026-08-02 01:15:00,airport-road,27,60.0,38,23.8,8.2,4.4,0.67,1,6,Low,Low
2026-08-02 01:15:00,industrial-area,27,48.7,93,16.0,75.9,58.0,3.09,1,6,Low,Critical
2026-08-02 01:15:00,city-hospital,57,48.8,87,21.6,8.1,6.0,0.86,1,6,Low,Low
2026-08-02 01:15:00,residential-zone,40,54.8,78,29.6,9.5,6.6,0.78,1,6,Low,Low
2026-08-02 01:15:00,river-zone,33,58.8,73,26.9,9.4,4.2,0.99,1,6,Low,Low
2026-08-02 01:15:00,bus-terminal,55,51.4,79,34.2,5.3,2.4,0.76,1,6,Low,Low
2026-08-02 01:30:00,central-junction,32,58.4,61,26.8,4.5,3.4,0.46,1,6,Low,Low
2026-08-02 01:30:00,railway-station,33,54.3,66,28.5,4.9,2.7,0.61,1,6,Low,Low
2026-08-02 01:30:00,airport-road,25,59.0,72,24.1,3.3,2.7,0.65,1,6,Low,Low
2026-08-02 01:30:00,industrial-area,42,49.1,95,22.9,39.6,21.6,1.78,1,6,Low,High
2026-08-02 01:30:00,city-hospital,35,59.3,77,27.8,0.2,0.2,0.59,1,6,Low,Low
2026-08-02 01:30:00,residential-zone,50,56.1,89,29.5,2.2,1.9,0.54,1,6,Low,Low
2026-08-02 01:30:00,river-zone,22,53.3,41,24.7,54.7,29.1,2.79,1,6,Low,Critical
2026-08-02 01:30:00,bus-terminal,58,52.1,75,29.2,7.1,6.0,0.58,1,6,Low,Low
2026-08-02 01:45:00,central-junction,34,58.7,77,34.8,4.3,2.7,0.68,1,6,Low,Low
2026-08-02 01:45:00,railway-station,41,56.4,74,30.5,3.9,3.0,0.73,1,6,Low,Low
2026-08-02 01:45:00,airport-road,23,61.1,44,30.5,7.5,6.0,0.82,1,6,Low,Low
2026-08-02 01:45:00,industrial-area,47,52.6,79,31.5,1.6,1.1,0.51,1,6,Low,Low
2026-08-02 01:45:00,city-hospital,28,55.1,56,32.3,7.9,4.8,0.63,1,6,Low,Low
2026-08-02 01:45:00,residential-zone,47,43.5,50,22.8,91.0,61.4,3.6,1,6,Low,Critical
2026-08-02 01:45:00,river-zone,16,59.7,52,31.4,10.0,7.4,1.11,1,6,Low,Moderate
2026-08-02 01:45:00,bus-terminal,39,53.8,61,23.9,5.6,4.1,0.62,1,6,Low,Low
2026-08-02 02:00:00,central-junction,40,56.1,85,22.9,1.1,0.8,0.52,2,6,Low,Low
2026-08-02 02:00:00,railway-station,55,53.4,60,25.2,9.5,5.2,0.89,2,6,Low,Low
2026-08-02 02:00:00,airport-road,37,54.0,54,25.0,3.0,1.9,0.41,2,6,Low,Low
2026-08-02 02:00:00,industrial-area,34,54.6,103,25.9,7.2,4.2,0.69,2,6,Low,Low
2026-08-02 02:00:00,city-hospital,45,56.0,92,31.0,6.6,5.6,0.54,2,6,Low,Low
2026-08-02 02:00:00,residential-zone,35,58.7,90,31.4,3.6,1.9,0.69,2,6,Low,Low
2026-08-02 02:00:00,river-zone,31,50.2,43,30.0,40.4,26.3,2.33,2,6,Low,High
2026-08-02 02:00:00,bus-terminal,58,45.7,72,25.9,32.5,22.0,1.59,2,6,Moderate,Moderate
2026-08-02 02:15:00,central-junction,33,57.4,60,22.9,3.8,2.8,0.62,2,6,Low,Low
2026-08-02 02:15:00,railway-station,41,56.4,87,31.9,1.9,0.8,0.53,2,6,Low,Low
2026-08-02 02:15:00,airport-road,30,56.2,76,35.1,8.9,5.5,0.9,2,6,Low,Low
2026-08-02 02:15:00,industrial-area,32,40.2,49,15.7,111.5,46.5,4.31,2,6,Low,Critical
2026-08-02 02:15:00,city-hospital,46,55.4,52,34.5,9.5,7.1,0.85,2,6,Low,Low
2026-08-02 02:15:00,residential-zone,31,57.7,80,31.0,8.3,6.7,0.75,2,6,Low,Low
2026-08-02 02:15:00,river-zone,37,58.2,44,22.6,1.0,0.5,0.8,2,6,Low,Low
2026-08-02 02:15:00,bus-terminal,34,56.4,77,35.1,1.4,0.6,0.59,2,6,Low,Low
2026-08-02 02:30:00,central-junction,37,55.7,51,26.9,4.0,1.9,0.59,2,6,Low,Low
2026-08-02 02:30:00,railway-station,66,47.8,83,28.3,7.7,6.9,0.63,2,6,Moderate,Low
2026-08-02 02:30:00,airport-road,28,57.1,71,31.6,6.9,3.9,0.6,2,6,Low,Low
2026-08-02 02:30:00,industrial-area,27,43.2,66,16.5,97.0,39.7,3.9,2,6,Low,Critical
2026-08-02 02:30:00,city-hospital,24,60.7,75,29.0,0.2,0.1,0.4,2,6,Low,Low
2026-08-02 02:30:00,residential-zone,50,47.5,77,22.6,31.3,21.3,1.55,2,6,Low,Moderate
2026-08-02 02:30:00,river-zone,32,45.9,57,25.1,91.4,54.3,3.86,2,6,Low,Critical
2026-08-02 02:30:00,bus-terminal,42,43.8,59,18.1,60.6,41.0,2.57,2,6,Low,Critical
2026-08-02 02:45:00,central-junction,67,49.2,86,27.1,2.9,2.0,0.65,2,6,Moderate,Low
2026-08-02 02:45:00,railway-station,69,48.1,53,32.5,5.3,3.3,0.55,2,6,Moderate,Low
2026-08-02 02:45:00,airport-road,29,57.8,49,33.6,5.5,2.7,0.57,2,6,Low,Low
2026-08-02 02:45:00,industrial-area,33,58.5,65,31.4,7.7,3.6,0.79,2,6,Low,Low
2026-08-02 02:45:00,city-hospital,32,56.1,63,32.1,4.7,2.0,0.65,2,6,Low,Low
2026-08-02 02:45:00,residential-zone,23,61.5,50,31.1,6.8,4.4,0.78,2,6,Low,Low
2026-08-02 02:45:00,river-zone,29,60.8,57,25.2,2.2,1.9,1.02,2,6,Low,Low
2026-08-02 02:45:00,bus-terminal,41,54.7,53,32.5,2.1,1.7,0.67,2,6,Low,Low
2026-08-02 03:00:00,central-junction,41,56.3,85,27.2,5.4,4.2,0.67,3,6,Low,Low
2026-08-02 03:00:00,railway-station,40,43.5,77,22.2,87.7,53.3,3.37,3,6,Low,Critical
2026-08-02 03:00:00,airport-road,46,55.1,80,23.2,7.8,5.2,0.78,3,6,Low,Low
2026-08-02 03:00:00,industrial-area,40,55.0,83,35.2,2.5,1.9,0.6,3,6,Low,Low
2026-08-02 03:00:00,city-hospital,45,55.8,70,32.9,2.0,1.0,0.51,3,6,Low,Low
2026-08-02 03:00:00,residential-zone,58,35.3,53,14.8,132.3,60.6,5.15,3,6,Moderate,Critical
2026-08-02 03:00:00,river-zone,54,49.2,78,29.6,8.5,5.4,1.1,3,6,Low,Low
2026-08-02 03:00:00,bus-terminal,80,42.1,52,30.4,43.2,21.5,1.97,3,6,Moderate,High
2026-08-02 03:15:00,central-junction,39,53.7,47,29.1,1.7,1.3,0.44,3,6,Low,Low
2026-08-02 03:15:00,railway-station,33,59.5,72,26.8,4.2,2.3,0.73,3,6,Low,Low
2026-08-02 03:15:00,airport-road,28,59.8,70,32.0,0.8,0.3,0.55,3,6,Low,Low
2026-08-02 03:15:00,industrial-area,36,54.9,59,34.7,1.5,1.3,0.47,3,6,Low,Low
2026-08-02 03:15:00,city-hospital,22,58.2,78,23.4,4.5,3.2,0.52,3,6,Low,Low
2026-08-02 03:15:00,residential-zone,60,49.3,54,35.9,0.9,0.5,0.58,3,6,Low,Low
2026-08-02 03:15:00,river-zone,17,52.1,42,27.1,67.4,38.1,3.29,3,6,Low,Critical
2026-08-02 03:15:00,bus-terminal,39,53.7,64,28.8,5.1,4.0,0.68,3,6,Low,Low
2026-08-02 03:30:00,central-junction,51,53.8,72,29.8,2.3,1.8,0.53,3,6,Low,Low
2026-08-02 03:30:00,railway-station,36,45.8,77,15.8,88.3,50.9,3.52,3,6,Low,Critical
2026-08-02 03:30:00,airport-road,29,55.4,76,33.9,3.1,1.7,0.58,3,6,Low,Low
2026-08-02 03:30:00,industrial-area,50,51.1,81,33.4,8.2,4.0,0.86,3,6,Low,Low
2026-08-02 03:30:00,city-hospital,53,54.9,85,22.1,4.8,2.7,0.66,3,6,Low,Low
2026-08-02 03:30:00,residential-zone,20,50.0,37,16.5,86.8,41.3,3.42,3,6,Low,Critical
2026-08-02 03:30:00,river-zone,65,51.7,76,30.7,8.9,7.5,0.96,3,6,Moderate,Low
2026-08-02 03:30:00,bus-terminal,39,57.2,67,34.5,5.6,2.2,0.54,3,6,Low,Low
2026-08-02 03:45:00,central-junction,46,53.3,70,27.7,9.9,6.6,0.92,3,6,Low,Low
2026-08-02 03:45:00,railway-station,62,36.3,67,16.4,110.8,96.2,4.22,3,6,Moderate,Critical
2026-08-02 03:45:00,airport-road,27,55.4,84,35.3,6.4,4.3,0.61,3,6,Low,Low
2026-08-02 03:45:00,industrial-area,39,37.8,57,23.0,112.9,93.0,4.38,3,6,Low,Critical
2026-08-02 03:45:00,city-hospital,34,57.7,82,31.8,3.8,2.9,0.51,3,6,Low,Low
2026-08-02 03:45:00,residential-zone,25,51.1,37,19.9,55.8,25.2,2.33,3,6,Low,High
2026-08-02 03:45:00,river-zone,57,49.8,84,22.2,0.9,0.7,0.76,3,6,Low,Low
2026-08-02 03:45:00,bus-terminal,36,53.1,52,24.7,6.8,4.6,0.73,3,6,Low,Low
2026-08-02 04:00:00,central-junction,63,52.8,79,34.9,0.3,0.2,0.43,4,6,Low,Low
2026-08-02 04:00:00,railway-station,39,54.5,88,22.6,2.4,1.6,0.62,4,6,Low,Low
2026-08-02 04:00:00,airport-road,32,57.2,63,34.4,4.7,2.2,0.5,4,6,Low,Low
2026-08-02 04:00:00,industrial-area,38,57.6,98,22.7,2.4,1.4,0.61,4,6,Low,Low
2026-08-02 04:00:00,city-hospital,22,60.0,47,33.4,6.4,5.4,0.79,4,6,Low,Low
2026-08-02 04:00:00,residential-zone,32,55.7,52,24.2,7.2,3.6,0.62,4,6,Low,Low
2026-08-02 04:00:00,river-zone,26,44.6,65,26.5,114.1,63.6,4.74,4,6,Low,Critical
2026-08-02 04:00:00,bus-terminal,29,58.8,77,32.1,0.9,0.4,0.62,4,6,Low,Low
2026-08-02 04:15:00,central-junction,65,51.6,71,33.6,5.1,2.7,0.62,4,6,Moderate,Low
2026-08-02 04:15:00,railway-station,57,53.9,83,26.3,2.1,1.6,0.45,4,6,Low,Low
2026-08-02 04:15:00,airport-road,41,58.2,53,35.1,0.4,0.3,0.32,4,6,Low,Low
2026-08-02 04:15:00,industrial-area,31,56.5,78,21.8,9.4,8.4,0.77,4,6,Low,Low
2026-08-02 04:15:00,city-hospital,34,56.0,87,33.2,4.8,2.2,0.58,4,6,Low,Low
2026-08-02 04:15:00,residential-zone,20,57.6,66,21.9,26.9,22.5,1.4,4,6,Low,Moderate
2026-08-02 04:15:00,river-zone,33,56.2,80,34.7,0.5,0.3,0.91,4,6,Low,Low
2026-08-02 04:15:00,bus-terminal,34,57.2,60,25.7,3.1,2.3,0.69,4,6,Low,Low
2026-08-02 04:30:00,central-junction,37,49.6,68,19.4,37.7,28.5,1.68,4,6,Low,High
2026-08-02 04:30:00,railway-station,37,55.8,75,24.3,0.9,0.6,0.57,4,6,Low,Low
2026-08-02 04:30:00,airport-road,38,55.7,67,28.1,9.1,7.4,0.9,4,6,Low,Low
2026-08-02 04:30:00,industrial-area,51,56.0,123,27.2,0.7,0.3,0.35,4,6,Low,Low
2026-08-02 04:30:00,city-hospital,41,54.8,72,29.8,8.2,5.3,0.77,4,6,Low,Low
2026-08-02 04:30:00,residential-zone,36,47.9,41,26.9,77.0,68.4,3.21,4,6,Low,Critical
2026-08-02 04:30:00,river-zone,30,58.5,66,28.9,8.9,5.8,1.16,4,6,Low,Moderate
2026-08-02 04:30:00,bus-terminal,57,50.8,76,24.1,1.7,0.8,0.42,4,6,Low,Low
2026-08-02 04:45:00,central-junction,70,45.9,71,25.4,7.9,3.9,0.86,4,6,Moderate,Low
2026-08-02 04:45:00,railway-station,50,50.7,77,32.5,6.0,2.6,0.76,4,6,Low,Low
2026-08-02 04:45:00,airport-road,37,55.2,77,26.7,4.7,3.9,0.55,4,6,Low,Low
2026-08-02 04:45:00,industrial-area,47,55.6,121,27.3,2.7,2.3,0.6,4,6,Low,Low
2026-08-02 04:45:00,city-hospital,39,55.9,91,26.8,4.6,2.2,0.47,4,6,Low,Low
2026-08-02 04:45:00,residential-zone,48,55.6,57,32.8,4.2,2.6,0.6,4,6,Low,Low
2026-08-02 04:45:00,river-zone,51,52.2,57,26.9,0.5,0.2,0.74,4,6,Low,Low
2026-08-02 04:45:00,bus-terminal,31,57.9,51,24.9,6.3,4.4,0.52,4,6,Low,Low
2026-08-02 05:00:00,central-junction,60,40.7,69,26.6,71.8,38.5,2.91,5,6,Moderate,Critical
2026-08-02 05:00:00,railway-station,56,47.7,75,27.6,42.9,31.7,1.95,5,6,Moderate,High
2026-08-02 05:00:00,airport-road,29,55.2,78,32.4,4.3,3.8,0.63,5,6,Low,Low
2026-08-02 05:00:00,industrial-area,29,51.8,99,19.3,49.9,42.5,2.22,5,6,Low,High
2026-08-02 05:00:00,city-hospital,34,56.5,72,25.4,9.5,6.2,0.68,5,6,Low,Low
2026-08-02 05:00:00,residential-zone,21,57.2,75,23.4,3.1,1.9,0.7,5,6,Low,Low
2026-08-02 05:00:00,river-zone,41,57.5,92,33.4,5.9,2.7,0.95,5,6,Low,Low
2026-08-02 05:00:00,bus-terminal,46,51.7,88,28.3,4.1,1.9,0.61,5,6,Low,Low
2026-08-02 05:15:00,central-junction,60,51.5,55,25.1,6.3,3.1,0.78,5,6,Low,Low
2026-08-02 05:15:00,railway-station,74,49.6,80,24.2,9.1,4.3,0.81,5,6,Moderate,Low
2026-08-02 05:15:00,airport-road,21,58.9,55,34.7,3.9,3.3,0.7,5,6,Low,Low
2026-08-02 05:15:00,industrial-area,40,56.7,71,28.8,6.5,3.8,0.59,5,6,Low,Low
2026-08-02 05:15:00,city-hospital,49,53.4,82,32.2,4.4,1.9,0.53,5,6,Low,Low
2026-08-02 05:15:00,residential-zone,58,51.4,72,30.8,8.5,5.2,0.88,5,6,Low,Low
2026-08-02 05:15:00,river-zone,49,54.1,47,28.2,4.5,2.4,0.82,5,6,Low,Low
2026-08-02 05:15:00,bus-terminal,26,60.8,80,24.9,1.0,0.5,0.4,5,6,Low,Low
2026-08-02 05:30:00,central-junction,42,54.8,54,25.1,4.8,2.5,0.69,5,6,Low,Low
2026-08-02 05:30:00,railway-station,79,47.4,84,24.6,0.7,0.3,0.59,5,6,Moderate,Low
2026-08-02 05:30:00,airport-road,43,56.3,53,23.2,1.7,0.9,0.54,5,6,Low,Low
2026-08-02 05:30:00,industrial-area,20,57.9,89,21.9,7.6,5.0,0.65,5,6,Low,Low
2026-08-02 05:30:00,city-hospital,29,56.8,82,26.7,6.9,4.9,0.68,5,6,Low,Low
2026-08-02 05:30:00,residential-zone,23,61.3,52,28.6,2.1,1.3,0.44,5,6,Low,Low
2026-08-02 05:30:00,river-zone,38,55.7,66,27.6,8.8,6.4,0.96,5,6,Low,Low
2026-08-02 05:30:00,bus-terminal,50,55.3,76,22.4,3.4,2.0,0.54,5,6,Low,Low
2026-08-02 05:45:00,central-junction,31,54.3,60,31.3,6.0,4.8,0.64,5,6,Low,Low
2026-08-02 05:45:00,railway-station,27,55.4,70,31.5,5.0,4.0,0.69,5,6,Low,Low
2026-08-02 05:45:00,airport-road,32,58.3,46,23.8,8.2,6.7,0.69,5,6,Low,Low
2026-08-02 05:45:00,industrial-area,50,53.4,99,25.3,9.9,8.1,0.76,5,6,Low,Low
2026-08-02 05:45:00,city-hospital,36,53.5,78,31.3,5.8,4.3,0.56,5,6,Low,Low
2026-08-02 05:45:00,residential-zone,23,59.1,53,33.9,0.3,0.3,0.47,5,6,Low,Low
2026-08-02 05:45:00,river-zone,45,52.5,58,27.9,8.9,6.2,1.22,5,6,Low,Moderate
2026-08-02 05:45:00,bus-terminal,64,48.2,77,28.3,9.4,4.4,0.74,5,6,Moderate,Low
2026-08-02 06:00:00,central-junction,38,58.5,51,26.3,6.1,4.0,0.55,6,6,Low,Low
2026-08-02 06:00:00,railway-station,60,51.4,68,30.1,0.7,0.6,0.41,6,6,Low,Low
2026-08-02 06:00:00,airport-road,34,56.1,72,30.3,0.8,0.7,0.48,6,6,Low,Low
2026-08-02 06:00:00,industrial-area,23,58.3,87,23.9,3.6,2.9,0.45,6,6,Low,Low
2026-08-02 06:00:00,city-hospital,42,51.9,68,28.1,6.1,5.2,0.64,6,6,Low,Low
2026-08-02 06:00:00,residential-zone,34,58.0,51,28.9,0.8,0.6,0.51,6,6,Low,Low
2026-08-02 06:00:00,river-zone,28,59.9,56,33.9,4.2,3.6,1.06,6,6,Low,Low
2026-08-02 06:00:00,bus-terminal,38,54.5,53,29.5,21.4,10.9,1.14,6,6,Low,Moderate
2026-08-02 06:15:00,central-junction,79,46.8,86,25.0,1.7,1.4,0.38,6,6,Moderate,Low
2026-08-02 06:15:00,railway-station,28,58.5,65,26.5,5.2,3.1,0.75,6,6,Low,Low
2026-08-02 06:15:00,airport-road,59,51.4,77,32.2,2.5,1.7,0.52,6,6,Low,Low
2026-08-02 06:15:00,industrial-area,28,59.4,96,24.7,3.6,3.0,0.44,6,6,Low,Low
2026-08-02 06:15:00,city-hospital,31,57.1,51,34.3,8.7,4.8,0.81,6,6,Low,Low
2026-08-02 06:15:00,residential-zone,42,57.6,63,31.0,6.4,5.5,0.63,6,6,Low,Low
2026-08-02 06:15:00,river-zone,28,57.4,62,34.6,9.3,4.4,1.19,6,6,Low,Moderate
2026-08-02 06:15:00,bus-terminal,69,39.1,66,14.9,89.1,76.8,3.54,6,6,Moderate,Critical
2026-08-02 06:30:00,central-junction,49,50.6,63,34.5,5.7,2.8,0.71,6,6,Low,Low
2026-08-02 06:30:00,railway-station,67,38.4,80,30.6,65.8,29.2,2.71,6,6,Moderate,Critical
2026-08-02 06:30:00,airport-road,39,43.6,74,16.6,76.4,32.3,3.07,6,6,Low,Critical
2026-08-02 06:30:00,industrial-area,62,49.5,89,25.4,5.3,4.0,0.52,6,6,Moderate,Low
2026-08-02 06:30:00,city-hospital,62,47.3,64,27.6,9.0,5.0,0.81,6,6,Moderate,Low
2026-08-02 06:30:00,residential-zone,58,50.2,74,35.2,8.3,6.6,0.67,6,6,Low,Low
2026-08-02 06:30:00,river-zone,22,60.1,84,30.7,2.9,1.9,0.81,6,6,Low,Low
2026-08-02 06:30:00,bus-terminal,41,56.7,79,24.5,4.4,2.7,0.57,6,6,Low,Low
2026-08-02 06:45:00,central-junction,43,53.2,86,25.9,7.8,7.0,0.78,6,6,Low,Low
2026-08-02 06:45:00,railway-station,56,50.4,90,32.0,9.4,3.9,0.64,6,6,Low,Low
2026-08-02 06:45:00,airport-road,43,56.0,71,33.4,3.7,2.1,0.52,6,6,Low,Low
2026-08-02 06:45:00,industrial-area,28,55.2,108,28.9,7.6,6.6,0.58,6,6,Low,Low
2026-08-02 06:45:00,city-hospital,32,57.9,85,29.7,9.4,6.5,0.92,6,6,Low,Low
2026-08-02 06:45:00,residential-zone,45,51.5,57,30.5,9.9,4.6,0.73,6,6,Low,Low
2026-08-02 06:45:00,river-zone,27,58.4,79,28.2,8.4,7.2,1.23,6,6,Low,Moderate
2026-08-02 06:45:00,bus-terminal,42,43.2,47,16.2,96.9,71.1,3.9,6,6,Low,Critical
2026-08-02 07:00:00,central-junction,64,49.8,87,27.3,4.4,2.3,0.68,7,6,Moderate,Low
2026-08-02 07:00:00,railway-station,36,56.1,80,22.9,8.0,4.3,0.77,7,6,Low,Low
2026-08-02 07:00:00,airport-road,34,56.4,80,24.5,1.7,1.3,0.59,7,6,Low,Low
2026-08-02 07:00:00,industrial-area,41,53.3,73,34.6,9.0,6.4,0.62,7,6,Low,Low
2026-08-02 07:00:00,city-hospital,45,51.9,52,30.9,7.3,3.3,0.62,7,6,Low,Low
2026-08-02 07:00:00,residential-zone,26,56.1,46,30.3,39.7,19.8,1.92,7,6,Low,High
2026-08-02 07:00:00,river-zone,33,58.6,39,31.6,3.4,2.1,0.95,7,6,Low,Low
2026-08-02 07:00:00,bus-terminal,24,56.7,76,24.6,2.1,1.6,0.54,7,6,Low,Low
2026-08-02 07:15:00,central-junction,65,42.1,69,30.9,55.6,39.0,2.53,7,6,Moderate,Critical
2026-08-02 07:15:00,railway-station,39,33.2,61,15.5,136.2,114.9,5.2,7,6,Moderate,Critical
2026-08-02 07:15:00,airport-road,47,53.8,54,26.2,1.6,1.3,0.41,7,6,Low,Low
2026-08-02 07:15:00,industrial-area,47,50.3,79,23.3,9.5,7.6,0.69,7,6,Low,Low
2026-08-02 07:15:00,city-hospital,41,42.5,52,23.5,84.5,51.5,3.49,7,6,Low,Critical
2026-08-02 07:15:00,residential-zone,46,56.9,70,34.8,3.5,2.2,0.5,7,6,Low,Low
2026-08-02 07:15:00,river-zone,30,48.2,80,26.5,49.8,30.1,2.6,7,6,Low,Critical
2026-08-02 07:15:00,bus-terminal,67,39.3,64,27.8,65.7,41.1,2.68,7,6,Moderate,Critical
2026-08-02 07:30:00,central-junction,53,52.1,53,29.9,4.2,1.8,0.5,7,6,Low,Low
2026-08-02 07:30:00,railway-station,57,44.8,85,23.9,41.4,33.8,1.98,7,6,Moderate,High
2026-08-02 07:30:00,airport-road,30,61.1,68,22.0,1.0,0.7,0.48,7,6,Low,Low
2026-08-02 07:30:00,industrial-area,33,56.0,90,32.3,9.3,7.9,0.71,7,6,Low,Low
2026-08-02 07:30:00,city-hospital,21,63.3,45,24.4,0.2,0.1,0.49,7,6,Low,Low
2026-08-02 07:30:00,residential-zone,36,53.0,53,22.4,8.7,4.4,0.79,7,6,Low,Low
2026-08-02 07:30:00,river-zone,37,57.4,72,35.9,0.6,0.5,0.8,7,6,Low,Low
2026-08-02 07:30:00,bus-terminal,41,54.8,77,29.8,3.9,3.4,0.49,7,6,Low,Low
2026-08-02 07:45:00,central-junction,29,56.6,81,29.3,4.2,3.5,0.61,7,6,Low,Low
2026-08-02 07:45:00,railway-station,32,56.5,48,33.5,3.4,2.8,0.68,7,6,Low,Low
2026-08-02 07:45:00,airport-road,54,53.1,46,26.7,7.4,3.2,0.6,7,6,Low,Low
2026-08-02 07:45:00,industrial-area,56,49.0,109,33.1,7.6,4.5,0.73,7,6,Low,Low
2026-08-02 07:45:00,city-hospital,39,56.9,64,29.6,9.1,5.6,0.83,7,6,Low,Low
2026-08-02 07:45:00,residential-zone,53,53.0,75,34.6,9.5,7.9,0.69,7,6,Low,Low
2026-08-02 07:45:00,river-zone,48,56.1,52,27.7,1.2,0.8,0.77,7,6,Low,Low
2026-08-02 07:45:00,bus-terminal,50,54.5,89,23.0,2.8,2.3,0.48,7,6,Low,Low
2026-08-02 08:00:00,central-junction,34,46.8,64,24.3,82.6,70.2,3.39,8,6,Low,Critical
2026-08-02 08:00:00,railway-station,28,59.3,64,32.9,2.9,2.5,0.56,8,6,Low,Low
2026-08-02 08:00:00,airport-road,21,62.2,47,26.6,3.8,3.4,0.48,8,6,Low,Low
2026-08-02 08:00:00,industrial-area,23,37.1,43,13.2,134.2,104.7,5.16,8,6,Low,Critical
2026-08-02 08:00:00,city-hospital,55,51.3,67,34.7,3.4,2.4,0.69,8,6,Low,Low
2026-08-02 08:00:00,residential-zone,40,53.2,59,33.2,4.0,1.6,0.57,8,6,Low,Low
2026-08-02 08:00:00,river-zone,54,55.3,88,22.7,3.6,2.0,0.83,8,6,Low,Low
2026-08-02 08:00:00,bus-terminal,45,55.6,68,32.3,10.0,5.7,0.88,8,6,Low,Low
2026-08-02 08:15:00,central-junction,43,40.7,49,19.5,85.4,45.7,3.47,8,6,Low,Critical
2026-08-02 08:15:00,railway-station,49,54.0,86,31.8,4.6,2.4,0.56,8,6,Low,Low
2026-08-02 08:15:00,airport-road,26,56.2,52,34.2,4.6,3.3,0.49,8,6,Low,Low
2026-08-02 08:15:00,industrial-area,28,56.8,67,29.6,10.0,4.4,0.91,8,6,Low,Low
2026-08-02 08:15:00,city-hospital,39,56.5,58,23.5,2.5,1.9,0.65,8,6,Low,Low
2026-08-02 08:15:00,residential-zone,41,46.3,69,20.7,69.7,38.1,2.88,8,6,Low,Critical
2026-08-02 08:15:00,river-zone,20,57.2,46,35.4,4.4,2.9,1.05,8,6,Low,Low
2026-08-02 08:15:00,bus-terminal,75,49.8,78,27.0,7.4,3.4,0.71,8,6,Moderate,Low
2026-08-02 08:30:00,central-junction,22,56.9,37,30.7,2.5,1.3,0.46,8,6,Low,Low
2026-08-02 08:30:00,railway-station,51,53.7,81,29.4,3.1,2.3,0.67,8,6,Low,Low
2026-08-02 08:30:00,airport-road,35,58.9,52,27.3,8.7,7.3,0.8,8,6,Low,Low
2026-08-02 08:30:00,industrial-area,43,54.1,69,22.1,29.3,12.5,1.43,8,6,Low,Moderate
2026-08-02 08:30:00,city-hospital,30,45.7,48,17.7,87.6,48.6,3.41,8,6,Low,Critical
2026-08-02 08:30:00,residential-zone,28,60.5,43,32.5,6.6,4.1,0.78,8,6,Low,Low
2026-08-02 08:30:00,river-zone,47,51.1,48,28.8,7.7,5.4,0.95,8,6,Low,Low
2026-08-02 08:30:00,bus-terminal,57,54.3,68,22.3,6.7,5.6,0.81,8,6,Low,Low
2026-08-02 08:45:00,central-junction,71,51.0,59,29.0,5.6,4.9,0.6,8,6,Moderate,Low
2026-08-02 08:45:00,railway-station,70,48.8,70,22.2,1.3,1.1,0.53,8,6,Moderate,Low
2026-08-02 08:45:00,airport-road,32,54.8,47,30.2,8.0,3.6,0.84,8,6,Low,Low
2026-08-02 08:45:00,industrial-area,26,49.4,62,26.7,59.2,50.2,2.39,8,6,Low,Critical
2026-08-02 08:45:00,city-hospital,39,57.8,77,35.6,1.2,0.7,0.55,8,6,Low,Low
2026-08-02 08:45:00,residential-zone,65,52.8,68,34.4,6.0,4.9,0.78,8,6,Moderate,Low
2026-08-02 08:45:00,river-zone,22,45.3,62,27.1,88.6,38.9,3.75,8,6,Low,Critical
2026-08-02 08:45:00,bus-terminal,38,49.5,58,25.2,33.0,28.5,1.48,8,6,Low,Moderate
2026-08-02 09:00:00,central-junction,56,49.5,83,29.4,3.3,2.7,0.63,9,6,Low,Low
2026-08-02 09:00:00,railway-station,58,49.0,72,34.0,9.5,8.0,0.92,9,6,Low,Low
2026-08-02 09:00:00,airport-road,34,48.8,62,20.7,72.6,46.0,2.96,9,6,Low,Critical
2026-08-02 09:00:00,industrial-area,36,39.0,99,14.9,107.3,48.3,4.17,9,6,Low,Critical
2026-08-02 09:00:00,city-hospital,39,55.3,67,22.0,0.4,0.2,0.58,9,6,Low,Low
2026-08-02 09:00:00,residential-zone,46,56.8,67,27.6,5.3,4.4,0.75,9,6,Low,Low
2026-08-02 09:00:00,river-zone,36,59.1,84,24.4,0.7,0.3,0.7,9,6,Low,Low
2026-08-02 09:00:00,bus-terminal,49,53.6,84,25.9,5.7,3.0,0.65,9,6,Low,Low
2026-08-02 09:15:00,central-junction,63,51.7,54,30.3,5.6,5.0,0.6,9,6,Low,Low
2026-08-02 09:15:00,railway-station,69,49.6,86,26.5,1.6,0.7,0.55,9,6,Moderate,Low
2026-08-02 09:15:00,airport-road,50,51.6,93,29.3,9.5,5.3,0.83,9,6,Low,Low
2026-08-02 09:15:00,industrial-area,42,55.4,66,35.1,4.2,2.9,0.57,9,6,Low,Low
2026-08-02 09:15:00,city-hospital,44,55.9,67,23.0,0.5,0.3,0.4,9,6,Low,Low
2026-08-02 09:15:00,residential-zone,50,52.5,67,24.0,6.2,5.0,0.78,9,6,Low,Low
2026-08-02 09:15:00,river-zone,22,60.2,57,25.5,8.5,7.6,1.08,9,6,Low,Moderate
2026-08-02 09:15:00,bus-terminal,50,45.4,61,26.5,76.1,40.7,3.07,9,6,Low,Critical
2026-08-02 09:30:00,central-junction,31,54.9,62,30.1,6.7,4.7,0.62,9,6,Low,Low
2026-08-02 09:30:00,railway-station,52,49.8,44,30.9,6.0,3.2,0.56,9,6,Low,Low
2026-08-02 09:30:00,airport-road,23,56.7,53,31.0,4.9,2.9,0.65,9,6,Low,Low
2026-08-02 09:30:00,industrial-area,57,52.0,83,26.4,5.5,4.6,0.68,9,6,Low,Low
2026-08-02 09:30:00,city-hospital,29,56.3,80,22.0,6.6,4.0,0.71,9,6,Low,Low
2026-08-02 09:30:00,residential-zone,35,58.9,66,28.6,7.0,4.4,0.68,9,6,Low,Low
2026-08-02 09:30:00,river-zone,38,58.0,42,31.4,1.6,1.4,0.8,9,6,Low,Low
2026-08-02 09:30:00,bus-terminal,89,45.7,76,30.4,3.5,2.6,0.58,9,6,Moderate,Low
2026-08-02 09:45:00,central-junction,61,46.8,54,22.7,25.3,13.6,1.33,9,6,Moderate,Moderate
2026-08-02 09:45:00,railway-station,80,48.3,77,24.2,9.8,4.4,0.78,9,6,Moderate,Low
2026-08-02 09:45:00,airport-road,21,61.8,72,22.8,9.3,7.3,0.64,9,6,Low,Low
2026-08-02 09:45:00,industrial-area,46,56.6,89,25.8,8.0,3.6,0.75,9,6,Low,Low
2026-08-02 09:45:00,city-hospital,40,44.5,63,22.9,95.4,56.8,3.67,9,6,Low,Critical
2026-08-02 09:45:00,residential-zone,46,53.5,64,27.0,6.0,4.7,0.66,9,6,Low,Low
2026-08-02 09:45:00,river-zone,32,45.3,56,19.8,99.9,44.7,4.44,9,6,Low,Critical
2026-08-02 09:45:00,bus-terminal,59,50.6,84,26.1,9.4,7.1,0.82,9,6,Low,Low
2026-08-02 10:00:00,central-junction,36,54.2,53,25.9,6.8,4.2,0.74,10,6,Low,Low
2026-08-02 10:00:00,railway-station,49,56.5,59,24.7,1.4,1.2,0.59,10,6,Low,Low
2026-08-02 10:00:00,airport-road,44,51.8,71,22.7,9.6,5.5,0.69,10,6,Low,Low
2026-08-02 10:00:00,industrial-area,20,60.8,100,23.8,4.7,2.6,0.7,10,6,Low,Low
2026-08-02 10:00:00,city-hospital,42,54.5,66,32.7,2.1,1.5,0.42,10,6,Low,Low
2026-08-02 10:00:00,residential-zone,32,56.1,85,33.5,3.6,1.6,0.44,10,6,Low,Low
2026-08-02 10:00:00,river-zone,38,55.6,58,26.0,5.3,3.3,1.01,10,6,Low,Low
2026-08-02 10:00:00,bus-terminal,77,46.8,75,35.0,2.6,1.7,0.59,10,6,Moderate,Low
2026-08-02 10:15:00,central-junction,23,57.4,88,25.3,5.3,3.9,0.79,10,6,Low,Low
2026-08-02 10:15:00,railway-station,34,58.9,67,23.8,2.1,1.3,0.4,10,6,Low,Low
2026-08-02 10:15:00,airport-road,33,50.5,46,23.0,67.5,46.0,2.84,10,6,Low,Critical
2026-08-02 10:15:00,industrial-area,35,56.6,106,25.9,9.5,4.4,0.69,10,6,Low,Low
2026-08-02 10:15:00,city-hospital,35,45.7,44,19.1,89.9,46.1,3.71,10,6,Low,Critical
2026-08-02 10:15:00,residential-zone,62,49.5,58,24.1,4.2,2.0,0.68,10,6,Moderate,Low
2026-08-02 10:15:00,river-zone,36,55.3,52,31.0,6.1,3.3,0.95,10,6,Low,Low
2026-08-02 10:15:00,bus-terminal,35,53.4,58,22.2,8.5,6.8,0.82,10,6,Low,Low
2026-08-02 10:30:00,central-junction,59,49.7,74,33.5,29.4,14.5,1.53,10,6,Low,Moderate
2026-08-02 10:30:00,railway-station,44,53.7,82,31.0,3.8,2.5,0.72,10,6,Low,Low
2026-08-02 10:30:00,airport-road,31,59.6,69,35.5,4.3,1.8,0.58,10,6,Low,Low
2026-08-02 10:30:00,industrial-area,32,39.9,57,15.6,113.1,82.7,4.32,10,6,Low,Critical
2026-08-02 10:30:00,city-hospital,45,53.3,54,22.9,2.6,1.9,0.52,10,6,Low,Low
2026-08-02 10:30:00,residential-zone,46,53.8,77,23.2,8.6,7.2,0.69,10,6,Low,Low
2026-08-02 10:30:00,river-zone,40,56.4,50,30.9,7.8,3.6,1.19,10,6,Low,Moderate
2026-08-02 10:30:00,bus-terminal,32,57.0,54,23.1,8.1,6.5,0.76,10,6,Low,Low
2026-08-02 10:45:00,central-junction,42,57.3,81,24.4,7.6,5.5,0.65,10,6,Low,Low
2026-08-02 10:45:00,railway-station,48,54.1,59,22.1,4.3,2.7,0.66,10,6,Low,Low
2026-08-02 10:45:00,airport-road,61,49.0,49,29.8,8.2,4.4,0.86,10,6,Moderate,Low
2026-08-02 10:45:00,industrial-area,48,55.6,111,23.4,6.5,3.6,0.57,10,6,Low,Low
2026-08-02 10:45:00,city-hospital,17,48.9,57,25.6,84.0,63.9,3.39,10,6,Low,Critical
2026-08-02 10:45:00,residential-zone,59,50.5,63,27.3,4.1,2.1,0.65,10,6,Low,Low
2026-08-02 10:45:00,river-zone,32,55.0,66,23.8,9.2,6.2,1.06,10,6,Low,Low
2026-08-02 10:45:00,bus-terminal,43,57.2,75,31.2,2.7,1.2,0.59,10,6,Low,Low
2026-08-02 11:00:00,central-junction,47,47.0,56,21.9,60.8,47.1,2.65,11,6,Low,Critical
2026-08-02 11:00:00,railway-station,39,55.7,74,34.7,2.1,1.4,0.57,11,6,Low,Low
2026-08-02 11:00:00,airport-road,42,54.6,61,23.5,7.2,5.5,0.8,11,6,Low,Low
2026-08-02 11:00:00,industrial-area,22,60.9,81,28.3,1.8,0.8,0.46,11,6,Low,Low
2026-08-02 11:00:00,city-hospital,63,51.3,94,29.3,7.1,5.8,0.57,11,6,Moderate,Low
2026-08-02 11:00:00,residential-zone,24,59.1,53,26.3,3.1,2.7,0.6,11,6,Low,Low
2026-08-02 11:00:00,river-zone,44,51.9,72,28.3,6.7,3.9,0.94,11,6,Low,Low
2026-08-02 11:00:00,bus-terminal,53,46.8,55,28.6,32.1,22.8,1.67,11,6,Moderate,High
2026-08-02 11:15:00,central-junction,61,49.8,82,29.1,6.1,3.0,0.7,11,6,Moderate,Low
2026-08-02 11:15:00,railway-station,60,52.2,82,24.1,4.7,2.5,0.74,11,6,Low,Low
2026-08-02 11:15:00,airport-road,26,40.2,67,17.3,138.9,121.7,5.27,11,6,Low,Critical
2026-08-02 11:15:00,industrial-area,26,55.9,108,27.7,4.8,2.5,0.64,11,6,Low,Low
2026-08-02 11:15:00,city-hospital,24,56.0,51,25.6,4.8,4.2,0.65,11,6,Low,Low
2026-08-02 11:15:00,residential-zone,52,51.0,73,29.3,5.1,3.0,0.52,11,6,Low,Low
2026-08-02 11:15:00,river-zone,53,47.9,51,25.3,32.1,26.5,1.86,11,6,Low,High
2026-08-02 11:15:00,bus-terminal,83,43.6,74,27.9,4.6,2.8,0.54,11,6,Moderate,Low
2026-08-02 11:30:00,central-junction,54,50.6,70,24.5,5.3,3.5,0.73,11,6,Low,Low
2026-08-02 11:30:00,railway-station,58,52.7,84,26.3,5.2,2.3,0.54,11,6,Low,Low
2026-08-02 11:30:00,airport-road,32,59.1,67,31.0,4.4,2.0,0.62,11,6,Low,Low
2026-08-02 11:30:00,industrial-area,31,54.8,70,29.6,41.8,27.0,1.96,11,6,Low,High
2026-08-02 11:30:00,city-hospital,59,32.8,66,15.2,132.0,104.7,4.93,11,6,Moderate,Critical
2026-08-02 11:30:00,residential-zone,50,52.5,67,35.5,5.5,3.6,0.53,11,6,Low,Low
2026-08-02 11:30:00,river-zone,32,57.8,75,35.0,2.1,1.3,0.85,11,6,Low,Low
2026-08-02 11:30:00,bus-terminal,39,53.6,54,30.8,5.3,3.9,0.7,11,6,Low,Low
2026-08-02 11:45:00,central-junction,51,53.0,85,29.2,2.7,1.5,0.46,11,6,Low,Low
2026-08-02 11:45:00,railway-station,52,49.7,78,33.9,7.1,3.1,0.65,11,6,Low,Low
2026-08-02 11:45:00,airport-road,61,39.9,88,19.6,71.1,30.7,2.94,11,6,Moderate,Critical
2026-08-02 11:45:00,industrial-area,47,46.5,101,23.5,70.9,44.8,2.81,11,6,Low,Critical
2026-08-02 11:45:00,city-hospital,58,53.7,59,23.1,5.2,4.6,0.6,11,6,Low,Low
2026-08-02 11:45:00,residential-zone,22,42.8,60,26.3,118.2,58.0,4.73,11,6,Low,Critical
2026-08-02 11:45:00,river-zone,56,53.9,91,29.0,6.4,4.3,1.0,11,6,Low,Low
2026-08-02 11:45:00,bus-terminal,42,48.2,48,22.8,34.1,22.8,1.58,11,6,Low,Moderate
2026-08-02 12:00:00,central-junction,82,45.6,78,27.5,6.3,4.3,0.71,12,6,Moderate,Low
2026-08-02 12:00:00,railway-station,40,55.9,50,27.3,5.2,4.2,0.78,12,6,Low,Low
2026-08-02 12:00:00,airport-road,35,56.8,74,24.1,8.0,5.9,0.87,12,6,Low,Low
2026-08-02 12:00:00,industrial-area,50,53.6,116,28.9,8.6,4.6,0.89,12,6,Low,Low
2026-08-02 12:00:00,city-hospital,59,41.1,50,16.5,69.1,33.5,2.82,12,6,Moderate,Critical
2026-08-02 12:00:00,residential-zone,31,55.5,56,22.0,10.0,7.6,0.75,12,6,Low,Low
2026-08-02 12:00:00,river-zone,29,55.6,63,35.3,3.9,2.6,0.84,12,6,Low,Low
2026-08-02 12:00:00,bus-terminal,23,59.4,39,24.5,5.4,2.6,0.69,12,6,Low,Low
2026-08-02 12:15:00,central-junction,52,53.4,96,30.8,7.0,2.8,0.6,12,6,Low,Low
2026-08-02 12:15:00,railway-station,25,60.8,83,25.9,0.7,0.5,0.44,12,6,Low,Low
2026-08-02 12:15:00,airport-road,19,48.1,66,21.3,70.1,46.9,2.83,12,6,Low,Critical
2026-08-02 12:15:00,industrial-area,29,58.2,97,26.0,5.4,3.3,0.5,12,6,Low,Low
2026-08-02 12:15:00,city-hospital,31,56.7,41,31.6,8.4,3.8,0.82,12,6,Low,Low
2026-08-02 12:15:00,residential-zone,63,38.4,49,28.7,79.4,53.9,3.37,12,6,Moderate,Critical
2026-08-02 12:15:00,river-zone,22,59.0,75,26.0,10.0,8.6,1.06,12,6,Low,Moderate
2026-08-02 12:15:00,bus-terminal,29,59.9,44,33.3,8.4,4.7,0.8,12,6,Low,Low
2026-08-02 12:30:00,central-junction,75,46.9,63,27.3,8.4,6.4,0.89,12,6,Moderate,Low
2026-08-02 12:30:00,railway-station,71,44.3,87,31.7,23.3,20.5,1.12,12,6,Moderate,Moderate
2026-08-02 12:30:00,airport-road,27,55.0,63,29.7,30.4,18.9,1.57,12,6,Low,Moderate
2026-08-02 12:30:00,industrial-area,24,57.4,96,25.5,2.9,2.1,0.43,12,6,Low,Low
2026-08-02 12:30:00,city-hospital,64,48.1,61,21.8,5.8,4.1,0.72,12,6,Moderate,Low
2026-08-02 12:30:00,residential-zone,57,49.4,72,31.4,3.2,2.2,0.54,12,6,Low,Low
2026-08-02 12:30:00,river-zone,31,57.2,41,25.4,8.8,4.5,1.03,12,6,Low,Low
2026-08-02 12:30:00,bus-terminal,38,57.6,72,22.7,7.3,4.9,0.71,12,6,Low,Low
2026-08-02 12:45:00,central-junction,39,55.0,45,25.5,9.3,6.0,0.76,12,6,Low,Low
2026-08-02 12:45:00,railway-station,51,50.2,66,26.3,5.7,3.2,0.67,12,6,Low,Low
2026-08-02 12:45:00,airport-road,40,58.1,58,29.0,1.8,1.0,0.62,12,6,Low,Low
2026-08-02 12:45:00,industrial-area,37,55.0,84,31.5,0.4,0.3,0.48,12,6,Low,Low
2026-08-02 12:45:00,city-hospital,29,59.6,52,21.6,8.7,5.1,0.82,12,6,Low,Low
2026-08-02 12:45:00,residential-zone,58,51.5,81,30.4,3.7,1.5,0.48,12,6,Low,Low
2026-08-02 12:45:00,river-zone,49,51.0,59,34.2,4.6,2.8,1.1,12,6,Low,Low
2026-08-02 12:45:00,bus-terminal,27,57.6,59,24.3,3.1,1.3,0.6,12,6,Low,Low
2026-08-02 13:00:00,central-junction,43,43.6,57,30.2,70.5,59.3,2.97,13,6,Low,Critical
2026-08-02 13:00:00,railway-station,66,47.8,97,22.4,1.2,0.9,0.38,13,6,Moderate,Low
2026-08-02 13:00:00,airport-road,44,56.6,56,31.5,2.2,1.0,0.64,13,6,Low,Low
2026-08-02 13:00:00,industrial-area,38,58.3,83,27.2,2.9,2.2,0.69,13,6,Low,Low
2026-08-02 13:00:00,city-hospital,48,51.4,81,33.8,7.5,6.4,0.68,13,6,Low,Low
2026-08-02 13:00:00,residential-zone,44,42.8,73,29.6,77.9,53.8,3.11,13,6,Low,Critical
2026-08-02 13:00:00,river-zone,35,55.0,57,27.5,8.4,3.7,0.99,13,6,Low,Low
2026-08-02 13:00:00,bus-terminal,42,56.8,87,31.4,4.3,3.2,0.45,13,6,Low,Low
2026-08-02 13:15:00,central-junction,55,43.5,45,19.3,79.9,60.3,3.23,13,6,Moderate,Critical
2026-08-02 13:15:00,railway-station,60,50.6,75,23.6,1.6,1.4,0.63,13,6,Low,Low
2026-08-02 13:15:00,airport-road,26,42.5,37,19.9,108.5,89.9,4.38,13,6,Low,Critical
2026-08-02 13:15:00,industrial-area,30,56.5,77,25.3,8.6,5.4,0.77,13,6,Low,Low
2026-08-02 13:15:00,city-hospital,45,51.9,79,33.4,3.7,2.7,0.52,13,6,Low,Low
2026-08-02 13:15:00,residential-zone,46,52.4,79,23.0,5.5,2.7,0.6,13,6,Low,Low
2026-08-02 13:15:00,river-zone,43,54.8,61,22.8,0.9,0.6,0.79,13,6,Low,Low
2026-08-02 13:15:00,bus-terminal,52,54.0,61,21.7,8.5,7.5,0.88,13,6,Low,Low
2026-08-02 13:30:00,central-junction,30,60.8,44,24.7,1.5,0.8,0.58,13,6,Low,Low
2026-08-02 13:30:00,railway-station,45,39.8,73,21.6,84.4,42.1,3.38,13,6,Moderate,Critical
2026-08-02 13:30:00,airport-road,28,47.1,69,20.9,80.4,37.5,3.32,13,6,Low,Critical
2026-08-02 13:30:00,industrial-area,22,57.8,105,27.3,7.5,4.7,0.57,13,6,Low,Low
2026-08-02 13:30:00,city-hospital,20,41.7,60,25.4,132.5,102.8,4.99,13,6,Low,Critical
2026-08-02 13:30:00,residential-zone,44,55.3,75,28.7,6.1,4.4,0.66,13,6,Low,Low
2026-08-02 13:30:00,river-zone,42,57.6,60,24.8,6.8,3.4,0.89,13,6,Low,Low
2026-08-02 13:30:00,bus-terminal,64,49.3,94,31.4,2.5,1.2,0.53,13,6,Moderate,Low
2026-08-02 13:45:00,central-junction,65,43.6,92,26.6,40.1,33.0,1.82,13,6,Moderate,High
2026-08-02 13:45:00,railway-station,47,53.4,53,29.4,7.9,3.8,0.87,13,6,Low,Low
2026-08-02 13:45:00,airport-road,32,59.1,75,26.0,0.9,0.6,0.4,13,6,Low,Low
2026-08-02 13:45:00,industrial-area,31,50.3,61,30.2,37.3,25.3,1.73,13,6,Low,High
2026-08-02 13:45:00,city-hospital,24,61.9,88,28.3,3.1,2.5,0.63,13,6,Low,Low
2026-08-02 13:45:00,residential-zone,38,52.5,70,31.9,43.8,36.6,2.07,13,6,Low,High
2026-08-02 13:45:00,river-zone,41,56.9,72,31.1,0.8,0.4,0.71,13,6,Low,Low
2026-08-02 13:45:00,bus-terminal,50,51.7,61,24.5,2.5,1.6,0.56,13,6,Low,Low
2026-08-02 14:00:00,central-junction,50,53.2,85,22.6,7.9,6.3,0.75,14,6,Low,Low
2026-08-02 14:00:00,railway-station,74,44.4,65,29.2,9.4,5.0,0.87,14,6,Moderate,Low
2026-08-02 14:00:00,airport-road,32,59.4,85,31.6,0.8,0.7,0.4,14,6,Low,Low
2026-08-02 14:00:00,industrial-area,53,53.8,69,33.8,9.1,4.9,0.62,14,6,Low,Low
2026-08-02 14:00:00,city-hospital,29,57.0,54,22.0,1.2,0.9,0.44,14,6,Low,Low
2026-08-02 14:00:00,residential-zone,29,50.5,41,24.6,37.3,22.4,1.79,14,6,Low,High
2026-08-02 14:00:00,river-zone,48,54.4,53,29.9,9.9,5.3,1.29,14,6,Low,Moderate
2026-08-02 14:00:00,bus-terminal,28,55.0,74,26.1,29.2,15.9,1.48,14,6,Low,Moderate
2026-08-02 14:15:00,central-junction,37,55.6,85,29.3,0.7,0.5,0.45,14,6,Low,Low
2026-08-02 14:15:00,railway-station,45,57.0,58,28.2,2.6,1.7,0.63,14,6,Low,Low
2026-08-02 14:15:00,airport-road,34,55.0,84,28.3,6.7,2.7,0.67,14,6,Low,Low
2026-08-02 14:15:00,industrial-area,44,54.8,75,25.5,7.6,3.5,0.85,14,6,Low,Low
2026-08-02 14:15:00,city-hospital,42,51.8,77,33.1,8.1,6.7,0.74,14,6,Low,Low
2026-08-02 14:15:00,residential-zone,57,39.8,43,25.9,82.2,43.0,3.42,14,6,Moderate,Critical
2026-08-02 14:15:00,river-zone,41,42.5,81,27.8,72.5,35.7,3.36,14,6,Low,Critical
2026-08-02 14:15:00,bus-terminal,31,55.3,60,33.5,7.6,3.3,0.61,14,6,Low,Low
2026-08-02 14:30:00,central-junction,81,49.2,79,35.5,5.3,3.2,0.71,14,6,Moderate,Low
2026-08-02 14:30:00,railway-station,34,58.3,90,29.8,3.5,2.7,0.7,14,6,Low,Low
2026-08-02 14:30:00,airport-road,40,56.5,53,32.6,2.0,1.0,0.64,14,6,Low,Low
2026-08-02 14:30:00,industrial-area,19,58.1,55,35.2,2.6,1.8,0.5,14,6,Low,Low
2026-08-02 14:30:00,city-hospital,39,41.8,45,28.4,80.3,51.7,3.26,14,6,Low,Critical
2026-08-02 14:30:00,residential-zone,64,52.0,66,29.6,9.2,4.9,0.77,14,6,Moderate,Low
2026-08-02 14:30:00,river-zone,28,57.1,65,24.1,0.2,0.1,0.9,14,6,Low,Low
2026-08-02 14:30:00,bus-terminal,40,53.8,54,31.2,27.0,17.9,1.51,14,6,Low,Moderate
2026-08-02 14:45:00,central-junction,33,51.3,71,20.6,30.7,22.3,1.43,14,6,Low,Moderate
2026-08-02 14:45:00,railway-station,58,50.7,94,24.6,6.7,5.9,0.79,14,6,Low,Low
2026-08-02 14:45:00,airport-road,38,54.2,63,33.9,4.7,2.7,0.75,14,6,Low,Low
2026-08-02 14:45:00,industrial-area,33,55.6,111,30.2,1.5,0.8,0.39,14,6,Low,Low
2026-08-02 14:45:00,city-hospital,50,42.7,84,16.5,72.3,54.9,2.99,14,6,Moderate,Critical
2026-08-02 14:45:00,residential-zone,40,53.6,74,33.8,9.7,6.6,0.85,14,6,Low,Low
2026-08-02 14:45:00,river-zone,35,56.1,53,30.3,1.1,1.0,0.74,14,6,Low,Low
2026-08-02 14:45:00,bus-terminal,66,47.6,76,26.7,3.7,1.5,0.63,14,6,Moderate,Low
2026-08-02 15:00:00,central-junction,32,58.4,65,31.5,4.3,3.2,0.54,15,6,Low,Low
2026-08-02 15:00:00,railway-station,32,55.2,76,30.5,4.7,2.8,0.66,15,6,Low,Low
2026-08-02 15:00:00,airport-road,17,57.6,62,29.8,8.3,5.4,0.85,15,6,Low,Low
2026-08-02 15:00:00,industrial-area,35,57.9,112,24.1,3.1,2.6,0.51,15,6,Low,Low
2026-08-02 15:00:00,city-hospital,39,54.6,68,25.1,5.9,3.7,0.53,15,6,Low,Low
2026-08-02 15:00:00,residential-zone,44,52.5,45,27.6,3.0,2.3,0.42,15,6,Low,Low
2026-08-02 15:00:00,river-zone,57,52.5,74,34.0,5.7,4.9,1.08,15,6,Low,Low
2026-08-02 15:00:00,bus-terminal,25,44.4,44,27.3,87.1,65.4,3.47,15,6,Low,Critical
2026-08-02 15:15:00,central-junction,37,53.2,44,29.0,4.4,3.3,0.62,15,6,Low,Low
2026-08-02 15:15:00,railway-station,41,56.4,87,34.4,9.3,5.7,0.71,15,6,Low,Low
2026-08-02 15:15:00,airport-road,30,39.9,70,18.1,122.7,105.3,4.89,15,6,Low,Critical
2026-08-02 15:15:00,industrial-area,48,55.0,99,22.4,9.5,8.3,0.76,15,6,Low,Low
2026-08-02 15:15:00,city-hospital,28,56.6,51,27.7,3.0,2.4,0.46,15,6,Low,Low
2026-08-02 15:15:00,residential-zone,40,52.3,85,30.9,8.9,4.7,0.81,15,6,Low,Low
2026-08-02 15:15:00,river-zone,54,50.1,74,22.9,0.1,0.0,0.89,15,6,Low,Low
2026-08-02 15:15:00,bus-terminal,28,56.9,49,28.6,0.8,0.5,0.52,15,6,Low,Low
2026-08-02 15:30:00,central-junction,37,53.7,45,31.7,4.4,3.1,0.49,15,6,Low,Low
2026-08-02 15:30:00,railway-station,33,54.1,44,27.0,9.9,5.2,0.76,15,6,Low,Low
2026-08-02 15:30:00,airport-road,33,54.4,57,35.1,9.6,8.6,0.75,15,6,Low,Low
2026-08-02 15:30:00,industrial-area,32,49.6,58,23.1,49.6,44.2,2.07,15,6,Low,High
2026-08-02 15:30:00,city-hospital,52,49.7,75,34.6,8.8,6.9,0.85,15,6,Low,Low
2026-08-02 15:30:00,residential-zone,48,55.2,85,31.3,7.8,4.3,0.8,15,6,Low,Low
2026-08-02 15:30:00,river-zone,58,52.2,63,23.6,5.9,2.4,1.11,15,6,Low,Low
2026-08-02 15:30:00,bus-terminal,50,55.5,45,29.0,0.9,0.6,0.49,15,6,Low,Low
2026-08-02 15:45:00,central-junction,48,45.3,62,24.8,72.8,51.4,3.09,15,6,Low,Critical
2026-08-02 15:45:00,railway-station,70,49.5,56,35.0,7.3,5.7,0.61,15,6,Moderate,Low
2026-08-02 15:45:00,airport-road,38,58.7,81,23.2,0.4,0.3,0.61,15,6,Low,Low
2026-08-02 15:45:00,industrial-area,31,56.3,86,26.0,6.6,4.3,0.66,15,6,Low,Low
2026-08-02 15:45:00,city-hospital,50,51.8,51,23.6,9.6,7.4,0.78,15,6,Low,Low
2026-08-02 15:45:00,residential-zone,49,51.6,86,24.6,9.7,4.9,0.65,15,6,Low,Low
2026-08-02 15:45:00,river-zone,48,55.8,54,33.3,9.9,4.4,1.11,15,6,Low,Moderate
2026-08-02 15:45:00,bus-terminal,35,55.5,64,23.0,0.1,0.1,0.43,15,6,Low,Low
2026-08-02 16:00:00,central-junction,42,46.7,70,27.1,70.1,46.4,2.89,16,6,Low,Critical
2026-08-02 16:00:00,railway-station,78,33.2,56,28.5,82.0,39.8,3.36,16,6,Moderate,Critical
2026-08-02 16:00:00,airport-road,63,48.7,70,27.7,4.7,2.8,0.7,16,6,Moderate,Low
2026-08-02 16:00:00,industrial-area,23,60.3,66,28.7,8.3,4.3,0.89,16,6,Low,Low
2026-08-02 16:00:00,city-hospital,29,57.2,66,30.1,3.3,2.3,0.47,16,6,Low,Low
2026-08-02 16:00:00,residential-zone,28,58.4,67,32.4,3.1,1.3,0.66,16,6,Low,Low
2026-08-02 16:00:00,river-zone,34,59.8,75,33.5,0.6,0.3,0.81,16,6,Low,Low
2026-08-02 16:00:00,bus-terminal,71,46.4,63,26.4,5.3,2.2,0.59,16,6,Moderate,Low
2026-08-02 16:15:00,central-junction,38,53.5,83,26.6,4.2,3.4,0.74,16,6,Low,Low
2026-08-02 16:15:00,railway-station,57,49.7,55,34.7,4.8,2.6,0.76,16,6,Low,Low
2026-08-02 16:15:00,airport-road,42,56.5,77,30.2,8.5,5.7,0.75,16,6,Low,Low
2026-08-02 16:15:00,industrial-area,47,53.5,112,32.7,2.5,1.6,0.54,16,6,Low,Low
2026-08-02 16:15:00,city-hospital,39,57.2,66,23.5,2.8,1.5,0.66,16,6,Low,Low
2026-08-02 16:15:00,residential-zone,50,54.7,68,28.9,7.0,5.0,0.78,16,6,Low,Low
2026-08-02 16:15:00,river-zone,44,56.5,77,29.2,5.5,2.8,0.95,16,6,Low,Low
2026-08-02 16:15:00,bus-terminal,35,53.9,69,25.9,8.4,5.0,0.75,16,6,Low,Low
2026-08-02 16:30:00,central-junction,24,60.0,64,32.4,8.8,5.8,0.66,16,6,Low,Low
2026-08-02 16:30:00,railway-station,76,47.3,84,24.3,1.1,0.9,0.44,16,6,Moderate,Low
2026-08-02 16:30:00,airport-road,30,61.1,45,23.7,1.9,1.3,0.48,16,6,Low,Low
2026-08-02 16:30:00,industrial-area,22,56.7,84,28.2,5.1,3.4,0.56,16,6,Low,Low
2026-08-02 16:30:00,city-hospital,23,57.1,84,26.1,8.9,6.1,0.8,16,6,Low,Low
2026-08-02 16:30:00,residential-zone,29,57.5,37,34.8,9.3,7.8,0.66,16,6,Low,Low
2026-08-02 16:30:00,river-zone,28,57.9,63,30.0,3.6,1.6,1.02,16,6,Low,Low
2026-08-02 16:30:00,bus-terminal,54,52.9,78,29.2,2.4,1.0,0.55,16,6,Low,Low
2026-08-02 16:45:00,central-junction,60,35.2,50,27.1,98.4,82.1,3.85,16,6,Moderate,Critical
2026-08-02 16:45:00,railway-station,29,60.0,86,31.9,5.1,4.3,0.56,16,6,Low,Low
2026-08-02 16:45:00,airport-road,30,57.5,61,32.0,4.4,3.2,0.62,16,6,Low,Low
2026-08-02 16:45:00,industrial-area,62,53.6,68,27.5,2.9,2.0,0.62,16,6,Low,Low
2026-08-02 16:45:00,city-hospital,38,53.8,68,34.9,8.3,5.2,0.67,16,6,Low,Low
2026-08-02 16:45:00,residential-zone,28,58.2,49,26.7,0.2,0.1,0.31,16,6,Low,Low
2026-08-02 16:45:00,river-zone,40,54.6,67,28.6,8.0,3.9,1.17,16,6,Low,Moderate
2026-08-02 16:45:00,bus-terminal,72,48.0,96,25.0,2.2,1.3,0.55,16,6,Moderate,Low
2026-08-02 17:00:00,central-junction,65,50.7,81,24.2,7.3,4.0,0.7,17,6,Moderate,Low
2026-08-02 17:00:00,railway-station,54,50.7,63,32.1,1.2,0.7,0.35,17,6,Low,Low
2026-08-02 17:00:00,airport-road,58,48.3,79,29.9,7.4,5.1,0.57,17,6,Low,Low
2026-08-02 17:00:00,industrial-area,65,51.2,87,27.8,4.2,3.3,0.47,17,6,Moderate,Low
2026-08-02 17:00:00,city-hospital,21,49.2,48,17.5,57.6,46.3,2.44,17,6,Low,Critical
2026-08-02 17:00:00,residential-zone,49,42.3,51,19.6,74.9,43.6,3.08,17,6,Moderate,Critical
2026-08-02 17:00:00,river-zone,39,54.2,83,34.3,5.1,2.4,1.1,17,6,Low,Low
2026-08-02 17:00:00,bus-terminal,39,57.9,78,29.8,1.3,1.0,0.45,17,6,Low,Low
2026-08-02 17:15:00,central-junction,53,52.7,65,26.7,2.0,1.4,0.41,17,6,Low,Low
2026-08-02 17:15:00,railway-station,68,48.9,78,31.8,3.3,2.8,0.68,17,6,Moderate,Low
2026-08-02 17:15:00,airport-road,53,42.2,46,20.7,74.3,31.3,3.02,17,6,Moderate,Critical
2026-08-02 17:15:00,industrial-area,27,61.2,82,31.3,5.4,3.4,0.71,17,6,Low,Low
2026-08-02 17:15:00,city-hospital,35,55.5,78,33.4,7.7,3.8,0.85,17,6,Low,Low
2026-08-02 17:15:00,residential-zone,20,58.5,53,32.3,2.5,1.6,0.56,17,6,Low,Low
2026-08-02 17:15:00,river-zone,50,50.4,57,26.0,32.0,17.2,2.03,17,6,Low,High
2026-08-02 17:15:00,bus-terminal,45,54.9,65,23.3,0.8,0.7,0.59,17,6,Low,Low
2026-08-02 17:30:00,central-junction,62,50.7,48,26.9,6.1,4.4,0.66,17,6,Low,Low
2026-08-02 17:30:00,railway-station,59,52.8,60,27.8,5.8,3.7,0.61,17,6,Low,Low
2026-08-02 17:30:00,airport-road,18,58.4,45,25.2,1.4,1.0,0.48,17,6,Low,Low
2026-08-02 17:30:00,industrial-area,31,60.6,81,35.0,1.4,0.8,0.42,17,6,Low,Low
2026-08-02 17:30:00,city-hospital,23,51.7,43,22.0,66.9,38.2,2.68,17,6,Low,Critical
2026-08-02 17:30:00,residential-zone,33,58.1,45,29.9,4.6,2.0,0.61,17,6,Low,Low
2026-08-02 17:30:00,river-zone,33,47.2,73,16.5,80.6,32.6,3.6,17,6,Low,Critical
2026-08-02 17:30:00,bus-terminal,39,55.5,66,22.3,6.7,3.6,0.71,17,6,Low,Low
2026-08-02 17:45:00,central-junction,86,42.5,83,26.4,4.7,1.9,0.54,17,6,Moderate,Low
2026-08-02 17:45:00,railway-station,56,53.5,94,31.7,2.7,2.1,0.69,17,6,Low,Low
2026-08-02 17:45:00,airport-road,29,59.5,56,33.8,1.1,0.6,0.62,17,6,Low,Low
2026-08-02 17:45:00,industrial-area,25,56.1,69,27.9,4.4,3.5,0.6,17,6,Low,Low
2026-08-02 17:45:00,city-hospital,29,47.9,34,29.5,72.5,35.4,3.05,17,6,Low,Critical
2026-08-02 17:45:00,residential-zone,29,43.9,32,18.6,117.1,61.1,4.55,17,6,Low,Critical
2026-08-02 17:45:00,river-zone,43,43.5,48,18.6,77.3,46.4,3.52,17,6,Low,Critical
2026-08-02 17:45:00,bus-terminal,61,47.8,73,22.6,7.6,6.3,0.84,17,6,Moderate,Low
2026-08-02 18:00:00,central-junction,50,44.0,48,31.3,48.5,39.5,2.3,18,6,Moderate,High
2026-08-02 18:00:00,railway-station,32,56.9,67,34.7,1.9,0.8,0.51,18,6,Low,Low
2026-08-02 18:00:00,airport-road,32,55.7,73,34.9,5.4,2.2,0.54,18,6,Low,Low
2026-08-02 18:00:00,industrial-area,39,57.9,99,30.8,2.0,1.6,0.65,18,6,Low,Low
2026-08-02 18:00:00,city-hospital,36,53.9,47,25.8,4.7,2.7,0.52,18,6,Low,Low
2026-08-02 18:00:00,residential-zone,42,57.8,87,27.4,3.8,2.4,0.63,18,6,Low,Low
2026-08-02 18:00:00,river-zone,50,54.9,80,33.9,7.4,4.2,1.12,18,6,Low,Low
2026-08-02 18:00:00,bus-terminal,70,46.6,71,30.0,9.0,3.9,0.73,18,6,Moderate,Low
2026-08-02 18:15:00,central-junction,47,50.3,60,22.2,9.3,3.8,0.92,18,6,Low,Low
2026-08-02 18:15:00,railway-station,56,52.1,71,32.0,5.9,5.2,0.52,18,6,Low,Low
2026-08-02 18:15:00,airport-road,46,52.0,59,30.2,0.6,0.3,0.53,18,6,Low,Low
2026-08-02 18:15:00,industrial-area,46,54.7,77,21.7,3.9,1.6,0.65,18,6,Low,Low
2026-08-02 18:15:00,city-hospital,51,52.2,68,26.8,6.4,2.7,0.75,18,6,Low,Low
2026-08-02 18:15:00,residential-zone,29,39.8,58,17.9,130.3,54.8,4.86,18,6,Low,Critical
2026-08-02 18:15:00,river-zone,46,50.7,88,32.9,8.4,6.1,1.0,18,6,Low,Low
2026-08-02 18:15:00,bus-terminal,48,49.1,59,19.9,52.7,42.2,2.39,18,6,Low,Critical
2026-08-02 18:30:00,central-junction,45,52.6,74,23.6,6.8,3.8,0.79,18,6,Low,Low
2026-08-02 18:30:00,railway-station,66,47.3,69,33.8,7.5,4.3,0.65,18,6,Moderate,Low
2026-08-02 18:30:00,airport-road,43,51.9,78,31.4,6.9,4.9,0.82,18,6,Low,Low
2026-08-02 18:30:00,industrial-area,36,57.4,66,27.8,6.0,2.9,0.53,18,6,Low,Low
2026-08-02 18:30:00,city-hospital,31,56.4,63,26.3,6.0,5.4,0.65,18,6,Low,Low
2026-08-02 18:30:00,residential-zone,45,52.8,79,34.0,1.9,1.0,0.37,18,6,Low,Low
2026-08-02 18:30:00,river-zone,37,57.6,64,30.3,6.4,4.2,1.1,18,6,Low,Low
2026-08-02 18:30:00,bus-terminal,40,56.7,80,24.1,5.5,4.5,0.67,18,6,Low,Low
2026-08-02 18:45:00,central-junction,43,47.2,50,19.2,68.1,29.2,2.85,18,6,Low,Critical
2026-08-02 18:45:00,railway-station,67,50.4,68,26.3,9.6,4.7,0.92,18,6,Moderate,Low
2026-08-02 18:45:00,airport-road,18,59.1,61,31.5,7.8,3.1,0.71,18,6,Low,Low
2026-08-02 18:45:00,industrial-area,53,53.0,87,29.2,3.6,2.6,0.47,18,6,Low,Low
2026-08-02 18:45:00,city-hospital,44,55.8,62,34.6,0.9,0.4,0.42,18,6,Low,Low
2026-08-02 18:45:00,residential-zone,26,58.1,49,30.4,7.5,3.2,0.64,18,6,Low,Low
2026-08-02 18:45:00,river-zone,52,50.7,77,33.9,8.0,4.3,1.21,18,6,Low,Moderate
2026-08-02 18:45:00,bus-terminal,64,42.7,57,24.9,42.5,26.8,2.05,18,6,Moderate,High
2026-08-02 19:00:00,central-junction,38,53.1,53,34.6,7.9,4.7,0.7,19,6,Low,Low
2026-08-02 19:00:00,railway-station,29,46.5,75,26.6,66.0,33.1,2.81,19,6,Low,Critical
2026-08-02 19:00:00,airport-road,33,57.4,72,32.4,9.7,6.6,0.72,19,6,Low,Low
2026-08-02 19:00:00,industrial-area,44,57.9,85,34.0,2.7,2.2,0.49,19,6,Low,Low
2026-08-02 19:00:00,city-hospital,61,48.1,68,26.0,7.3,6.5,0.74,19,6,Moderate,Low
2026-08-02 19:00:00,residential-zone,45,38.2,70,14.6,109.6,57.5,4.39,19,6,Moderate,Critical
2026-08-02 19:00:00,river-zone,19,61.3,54,24.1,8.1,4.3,0.98,19,6,Low,Low
2026-08-02 19:00:00,bus-terminal,33,55.5,77,26.5,9.8,6.6,0.73,19,6,Low,Low
2026-08-02 19:15:00,central-junction,78,49.6,70,31.5,0.6,0.5,0.38,19,6,Moderate,Low
2026-08-02 19:15:00,railway-station,77,35.2,65,27.0,70.3,34.3,2.99,19,6,Moderate,Critical
2026-08-02 19:15:00,airport-road,55,52.8,67,25.6,5.3,2.4,0.64,19,6,Low,Low
2026-08-02 19:15:00,industrial-area,24,60.0,68,28.0,0.3,0.1,0.44,19,6,Low,Low
2026-08-02 19:15:00,city-hospital,38,56.1,53,22.3,0.0,0.0,0.53,19,6,Low,Low
2026-08-02 19:15:00,residential-zone,33,59.4,80,32.1,0.5,0.3,0.44,19,6,Low,Low
2026-08-02 19:15:00,river-zone,39,58.5,73,26.5,2.6,2.1,0.87,19,6,Low,Low
2026-08-02 19:15:00,bus-terminal,57,51.7,93,22.5,0.6,0.4,0.46,19,6,Low,Low
2026-08-02 19:30:00,central-junction,25,46.0,63,19.9,77.5,52.3,3.18,19,6,Low,Critical
2026-08-02 19:30:00,railway-station,76,50.2,74,24.9,3.7,3.3,0.7,19,6,Moderate,Low
2026-08-02 19:30:00,airport-road,27,57.7,86,30.8,2.5,1.6,0.52,19,6,Low,Low
2026-08-02 19:30:00,industrial-area,20,60.3,72,27.0,1.6,1.0,0.62,19,6,Low,Low
2026-08-02 19:30:00,city-hospital,23,57.1,70,33.4,1.1,0.6,0.6,19,6,Low,Low
2026-08-02 19:30:00,residential-zone,29,59.3,60,22.3,7.1,3.8,0.61,19,6,Low,Low
2026-08-02 19:30:00,river-zone,31,55.1,77,22.6,5.6,4.8,1.07,19,6,Low,Low
2026-08-02 19:30:00,bus-terminal,39,52.3,73,29.3,9.4,7.4,0.91,19,6,Low,Low
2026-08-02 19:45:00,central-junction,34,54.8,53,21.6,32.4,21.0,1.71,19,6,Low,High
2026-08-02 19:45:00,railway-station,77,49.4,67,29.4,5.9,2.5,0.53,19,6,Moderate,Low
2026-08-02 19:45:00,airport-road,17,58.8,42,34.3,5.3,3.0,0.54,19,6,Low,Low
2026-08-02 19:45:00,industrial-area,39,56.1,110,26.7,2.0,1.1,0.52,19,6,Low,Low
2026-08-02 19:45:00,city-hospital,27,56.6,47,22.0,6.8,3.2,0.56,19,6,Low,Low
2026-08-02 19:45:00,residential-zone,54,50.5,82,25.3,1.4,0.7,0.63,19,6,Low,Low
2026-08-02 19:45:00,river-zone,28,54.7,73,33.8,8.2,6.8,1.22,19,6,Low,Moderate
2026-08-02 19:45:00,bus-terminal,34,42.8,39,27.0,92.9,77.9,3.56,19,6,Low,Critical
2026-08-02 20:00:00,central-junction,44,56.0,71,23.8,2.7,2.4,0.47,20,6,Low,Low
2026-08-02 20:00:00,railway-station,50,45.0,72,30.0,42.4,29.1,2.01,20,6,Low,High
2026-08-02 20:00:00,airport-road,38,57.9,53,29.1,6.7,4.4,0.68,20,6,Low,Low
2026-08-02 20:00:00,industrial-area,29,59.6,110,33.0,8.6,5.7,0.65,20,6,Low,Low
2026-08-02 20:00:00,city-hospital,39,57.7,75,31.6,9.8,4.0,0.8,20,6,Low,Low
2026-08-02 20:00:00,residential-zone,21,56.5,76,34.1,7.2,4.6,0.55,20,6,Low,Low
2026-08-02 20:00:00,river-zone,29,47.5,74,20.0,93.5,82.7,4.22,20,6,Low,Critical
2026-08-02 20:00:00,bus-terminal,55,53.3,66,27.6,7.0,4.4,0.79,20,6,Low,Low
2026-08-02 20:15:00,central-junction,66,49.2,63,29.3,4.2,1.8,0.56,20,6,Moderate,Low
2026-08-02 20:15:00,railway-station,60,52.8,75,34.6,3.6,2.8,0.47,20,6,Low,Low
2026-08-02 20:15:00,airport-road,21,57.0,43,35.3,7.6,3.2,0.7,20,6,Low,Low
2026-08-02 20:15:00,industrial-area,32,60.6,114,23.2,0.7,0.3,0.34,20,6,Low,Low
2026-08-02 20:15:00,city-hospital,25,62.3,78,22.9,0.8,0.5,0.5,20,6,Low,Low
2026-08-02 20:15:00,residential-zone,42,57.1,86,25.4,6.5,3.9,0.71,20,6,Low,Low
2026-08-02 20:15:00,river-zone,26,57.0,66,21.9,8.5,3.6,1.11,20,6,Low,Low
2026-08-02 20:15:00,bus-terminal,82,40.6,62,33.1,36.1,29.4,1.81,20,6,Moderate,High
2026-08-02 20:30:00,central-junction,62,53.5,74,28.9,2.4,2.1,0.54,20,6,Low,Low
2026-08-02 20:30:00,railway-station,69,47.4,68,28.6,0.6,0.5,0.45,20,6,Moderate,Low
2026-08-02 20:30:00,airport-road,40,58.3,70,32.6,4.8,2.6,0.68,20,6,Low,Low
2026-08-02 20:30:00,industrial-area,29,58.6,90,22.6,4.4,2.7,0.53,20,6,Low,Low
2026-08-02 20:30:00,city-hospital,25,60.9,88,27.8,4.8,2.6,0.66,20,6,Low,Low
2026-08-02 20:30:00,residential-zone,50,52.0,57,23.8,4.5,2.5,0.71,20,6,Low,Low
2026-08-02 20:30:00,river-zone,56,54.6,75,29.3,6.7,2.9,0.9,20,6,Low,Low
2026-08-02 20:30:00,bus-terminal,89,41.7,93,32.2,7.6,5.7,0.63,20,6,Moderate,Low
2026-08-02 20:45:00,central-junction,45,51.4,83,28.2,9.7,7.8,0.77,20,6,Low,Low
2026-08-02 20:45:00,railway-station,55,54.8,59,29.0,3.6,1.7,0.44,20,6,Low,Low
2026-08-02 20:45:00,airport-road,51,54.8,71,29.5,2.8,1.5,0.43,20,6,Low,Low
2026-08-02 20:45:00,industrial-area,21,52.2,53,27.4,50.8,21.6,2.29,20,6,Low,High
2026-08-02 20:45:00,city-hospital,42,57.2,66,21.7,7.4,5.9,0.77,20,6,Low,Low
2026-08-02 20:45:00,residential-zone,57,52.4,77,26.3,5.8,2.9,0.62,20,6,Low,Low
2026-08-02 20:45:00,river-zone,47,52.5,82,25.9,1.8,1.3,0.95,20,6,Low,Low
2026-08-02 20:45:00,bus-terminal,35,49.4,78,30.0,42.4,30.9,2.04,20,6,Low,High
2026-08-02 21:00:00,central-junction,47,51.6,62,26.3,6.3,4.5,0.71,21,6,Low,Low
2026-08-02 21:00:00,railway-station,52,52.0,79,24.7,0.4,0.3,0.46,21,6,Low,Low
2026-08-02 21:00:00,airport-road,24,61.2,52,24.7,7.7,6.0,0.63,21,6,Low,Low
2026-08-02 21:00:00,industrial-area,37,52.9,104,26.3,6.5,5.0,0.63,21,6,Low,Low
2026-08-02 21:00:00,city-hospital,20,61.4,49,21.8,5.2,3.4,0.65,21,6,Low,Low
2026-08-02 21:00:00,residential-zone,29,60.7,52,26.8,0.6,0.4,0.57,21,6,Low,Low
2026-08-02 21:00:00,river-zone,44,54.5,47,22.6,2.5,1.2,0.91,21,6,Low,Low
2026-08-02 21:00:00,bus-terminal,51,55.2,51,22.6,5.3,3.9,0.67,21,6,Low,Low
2026-08-02 21:15:00,central-junction,34,57.4,71,26.3,0.2,0.1,0.49,21,6,Low,Low
2026-08-02 21:15:00,railway-station,80,45.0,64,27.6,5.8,4.9,0.64,21,6,Moderate,Low
2026-08-02 21:15:00,airport-road,44,55.0,74,32.4,6.5,4.8,0.7,21,6,Low,Low
2026-08-02 21:15:00,industrial-area,32,57.2,89,29.1,2.5,1.9,0.59,21,6,Low,Low
2026-08-02 21:15:00,city-hospital,49,53.2,61,31.0,2.6,1.2,0.6,21,6,Low,Low
2026-08-02 21:15:00,residential-zone,49,56.2,48,33.5,0.9,0.7,0.59,21,6,Low,Low
2026-08-02 21:15:00,river-zone,27,56.1,67,24.9,6.7,2.9,1.09,21,6,Low,Low
2026-08-02 21:15:00,bus-terminal,46,53.9,76,25.2,1.7,0.7,0.46,21,6,Low,Low
2026-08-02 21:30:00,central-junction,29,57.3,77,26.9,4.2,2.8,0.68,21,6,Low,Low
2026-08-02 21:30:00,railway-station,31,45.0,38,21.0,81.6,68.8,3.25,21,6,Low,Critical
2026-08-02 21:30:00,airport-road,35,55.3,48,27.4,7.1,6.0,0.62,21,6,Low,Low
2026-08-02 21:30:00,industrial-area,46,55.3,63,33.7,6.3,5.0,0.68,21,6,Low,Low
2026-08-02 21:30:00,city-hospital,34,59.5,77,30.4,5.5,3.1,0.62,21,6,Low,Low
2026-08-02 21:30:00,residential-zone,36,46.8,70,22.1,66.3,48.1,2.8,21,6,Low,Critical
2026-08-02 21:30:00,river-zone,25,55.9,88,28.1,9.9,5.6,1.02,21,6,Low,Low
2026-08-02 21:30:00,bus-terminal,69,49.1,96,30.4,5.3,3.5,0.49,21,6,Moderate,Low
2026-08-02 21:45:00,central-junction,75,44.6,97,25.7,10.0,8.3,0.7,21,6,Moderate,Low
2026-08-02 21:45:00,railway-station,53,41.0,47,25.8,68.9,40.1,2.96,21,6,Moderate,Critical
2026-08-02 21:45:00,airport-road,19,60.4,71,27.5,8.1,4.9,0.78,21,6,Low,Low
2026-08-02 21:45:00,industrial-area,53,50.5,91,24.5,6.8,4.5,0.7,21,6,Low,Low
2026-08-02 21:45:00,city-hospital,29,50.1,70,19.7,60.1,51.2,2.5,21,6,Low,Critical
2026-08-02 21:45:00,residential-zone,24,59.5,56,31.8,5.7,3.4,0.67,21,6,Low,Low
2026-08-02 21:45:00,river-zone,38,57.5,65,26.2,8.3,7.4,1.19,21,6,Low,Moderate
2026-08-02 21:45:00,bus-terminal,27,61.2,78,26.3,3.6,2.5,0.44,21,6,Low,Low
2026-08-02 22:00:00,central-junction,47,49.4,78,22.3,21.7,16.5,1.32,22,6,Low,Moderate
2026-08-02 22:00:00,railway-station,52,53.4,56,35.5,5.9,3.5,0.73,22,6,Low,Low
2026-08-02 22:00:00,airport-road,26,58.8,65,33.9,6.3,4.8,0.6,22,6,Low,Low
2026-08-02 22:00:00,industrial-area,44,55.2,71,32.3,7.8,3.3,0.77,22,6,Low,Low
2026-08-02 22:00:00,city-hospital,41,46.7,53,29.2,71.8,61.6,3.11,22,6,Low,Critical
2026-08-02 22:00:00,residential-zone,32,55.8,73,24.5,9.3,7.1,0.71,22,6,Low,Low
2026-08-02 22:00:00,river-zone,20,42.6,70,19.4,125.3,81.5,5.21,22,6,Low,Critical
2026-08-02 22:00:00,bus-terminal,76,45.3,81,28.6,8.3,3.8,0.86,22,6,Moderate,Low
2026-08-02 22:15:00,central-junction,53,53.9,73,30.4,1.8,1.2,0.42,22,6,Low,Low
2026-08-02 22:15:00,railway-station,53,53.4,64,24.4,0.6,0.4,0.48,22,6,Low,Low
2026-08-02 22:15:00,airport-road,37,58.0,59,31.4,8.9,5.3,0.78,22,6,Low,Low
2026-08-02 22:15:00,industrial-area,36,59.2,115,28.9,0.7,0.3,0.5,22,6,Low,Low
2026-08-02 22:15:00,city-hospital,20,61.9,66,23.5,7.1,5.8,0.59,22,6,Low,Low
2026-08-02 22:15:00,residential-zone,35,57.1,78,27.4,8.8,5.2,0.89,22,6,Low,Low
2026-08-02 22:15:00,river-zone,41,56.1,50,22.9,0.1,0.1,0.81,22,6,Low,Low
2026-08-02 22:15:00,bus-terminal,31,56.9,66,27.9,22.2,15.5,1.25,22,6,Low,Moderate
2026-08-02 22:30:00,central-junction,72,49.9,87,34.7,0.4,0.3,0.57,22,6,Moderate,Low
2026-08-02 22:30:00,railway-station,77,50.5,76,21.9,3.8,3.1,0.64,22,6,Moderate,Low
2026-08-02 22:30:00,airport-road,37,58.1,53,25.4,4.5,3.3,0.59,22,6,Low,Low
2026-08-02 22:30:00,industrial-area,24,38.6,58,18.9,129.7,104.6,5.03,22,6,Low,Critical
2026-08-02 22:30:00,city-hospital,35,54.8,70,27.5,5.9,2.4,0.8,22,6,Low,Low
2026-08-02 22:30:00,residential-zone,63,48.8,58,22.4,7.0,4.0,0.65,22,6,Moderate,Low
2026-08-02 22:30:00,river-zone,28,58.4,76,22.1,9.7,4.1,1.26,22,6,Low,Moderate
2026-08-02 22:30:00,bus-terminal,46,55.6,76,35.0,4.5,3.9,0.7,22,6,Low,Low
2026-08-02 22:45:00,central-junction,26,53.6,55,28.8,24.4,12.9,1.25,22,6,Low,Moderate
2026-08-02 22:45:00,railway-station,40,53.1,88,22.1,5.2,2.3,0.59,22,6,Low,Low
2026-08-02 22:45:00,airport-road,53,49.9,63,30.2,9.6,8.2,0.93,22,6,Low,Low
2026-08-02 22:45:00,industrial-area,45,52.4,103,30.7,7.7,4.2,0.82,22,6,Low,Low
2026-08-02 22:45:00,city-hospital,36,53.6,76,23.8,7.0,4.0,0.74,22,6,Low,Low
2026-08-02 22:45:00,residential-zone,37,58.4,48,21.4,8.5,5.7,0.69,22,6,Low,Low
2026-08-02 22:45:00,river-zone,31,52.9,75,27.9,42.2,35.7,2.34,22,6,Low,High
2026-08-02 22:45:00,bus-terminal,79,47.6,58,34.7,4.4,3.9,0.67,22,6,Moderate,Low
2026-08-02 23:00:00,central-junction,40,53.2,76,32.2,0.9,0.7,0.42,23,6,Low,Low
2026-08-02 23:00:00,railway-station,51,52.7,76,28.7,6.6,3.1,0.66,23,6,Low,Low
2026-08-02 23:00:00,airport-road,35,56.9,74,28.9,5.9,3.9,0.57,23,6,Low,Low
2026-08-02 23:00:00,industrial-area,24,58.4,88,20.3,26.4,13.5,1.38,23,6,Low,Moderate
2026-08-02 23:00:00,city-hospital,60,34.9,54,19.7,126.9,89.8,4.91,23,6,Moderate,Critical
2026-08-02 23:00:00,residential-zone,56,51.6,70,23.6,5.7,4.9,0.61,23,6,Low,Low
2026-08-02 23:00:00,river-zone,41,55.9,82,25.0,7.8,6.5,1.08,23,6,Low,Low
2026-08-02 23:00:00,bus-terminal,76,48.0,63,26.1,7.5,5.8,0.57,23,6,Moderate,Low
2026-08-02 23:15:00,central-junction,53,54.4,74,32.9,9.1,4.0,0.84,23,6,Low,Low
2026-08-02 23:15:00,railway-station,41,55.1,64,24.7,5.4,3.0,0.65,23,6,Low,Low
2026-08-02 23:15:00,airport-road,38,58.1,71,24.5,8.1,6.5,0.77,23,6,Low,Low
2026-08-02 23:15:00,industrial-area,54,53.5,75,29.8,7.0,3.3,0.74,23,6,Low,Low
2026-08-02 23:15:00,city-hospital,38,56.6,71,30.2,4.6,3.1,0.7,23,6,Low,Low
2026-08-02 23:15:00,residential-zone,55,54.0,60,34.1,5.9,3.1,0.8,23,6,Low,Low
2026-08-02 23:15:00,river-zone,55,52.7,74,26.3,20.3,11.2,1.45,23,6,Low,Moderate
2026-08-02 23:15:00,bus-terminal,41,47.8,55,18.1,48.6,29.3,2.06,23,6,Low,High
2026-08-02 23:30:00,central-junction,43,49.1,66,27.8,26.9,17.1,1.46,23,6,Low,Moderate
2026-08-02 23:30:00,railway-station,35,55.3,56,23.3,8.3,5.9,0.78,23,6,Low,Low
2026-08-02 23:30:00,airport-road,43,55.9,80,34.9,0.3,0.1,0.49,23,6,Low,Low
2026-08-02 23:30:00,industrial-area,37,55.4,110,32.2,6.1,2.7,0.74,23,6,Low,Low
2026-08-02 23:30:00,city-hospital,25,61.0,77,28.8,3.1,2.2,0.59,23,6,Low,Low
2026-08-02 23:30:00,residential-zone,63,52.2,81,32.7,3.3,2.6,0.42,23,6,Low,Low
2026-08-02 23:30:00,river-zone,31,56.8,78,25.4,9.0,5.2,1.13,23,6,Low,Moderate
2026-08-02 23:30:00,bus-terminal,41,46.9,71,19.2,56.1,36.5,2.33,23,6,Low,Critical
2026-08-02 23:45:00,central-junction,54,55.1,74,29.5,2.3,1.9,0.51,23,6,Low,Low
2026-08-02 23:45:00,railway-station,24,60.8,40,27.6,6.0,4.8,0.67,23,6,Low,Low
2026-08-02 23:45:00,airport-road,43,46.4,72,28.0,60.9,36.6,2.58,23,6,Low,Critical
2026-08-02 23:45:00,industrial-area,49,52.8,104,22.4,0.0,0.0,0.45,23,6,Low,Low
2026-08-02 23:45:00,city-hospital,19,58.8,46,24.7,1.7,1.3,0.66,23,6,Low,Low
2026-08-02 23:45:00,residential-zone,48,51.7,83,31.0,2.6,1.9,0.52,23,6,Low,Low
2026-08-02 23:45:00,river-zone,44,46.6,75,21.4,47.5,37.9,2.55,23,6,Low,Critical
2026-08-02 23:45:00,bus-terminal,33,53.7,68,30.5,7.3,5.9,0.62,23,6,Low,Low
2026-08-03 00:00:00,central-junction,51,53.1,67,25.0,4.8,3.4,0.68,0,0,Low,Low
2026-08-03 00:00:00,railway-station,76,46.6,93,31.9,7.8,5.6,0.83,0,0,Moderate,Low
2026-08-03 00:00:00,airport-road,52,51.3,63,22.4,7.0,4.5,0.77,0,0,Low,Low
2026-08-03 00:00:00,industrial-area,37,52.4,99,20.6,31.4,15.4,1.67,0,0,Low,Moderate
2026-08-03 00:00:00,city-hospital,28,56.0,87,21.5,9.8,6.9,0.69,0,0,Low,Low
2026-08-03 00:00:00,residential-zone,53,46.4,75,26.2,53.7,27.6,2.31,0,0,Moderate,High
2026-08-03 00:00:00,river-zone,27,48.3,51,23.5,55.9,48.8,2.9,0,0,Low,Critical
2026-08-03 00:00:00,bus-terminal,42,55.5,71,24.0,0.6,0.2,0.39,0,0,Low,Low
2026-08-03 00:15:00,central-junction,41,52.6,67,26.3,3.7,2.8,0.57,0,0,Low,Low
2026-08-03 00:15:00,railway-station,40,44.0,79,17.5,82.5,71.3,3.45,0,0,Low,Critical
2026-08-03 00:15:00,airport-road,41,58.5,53,29.2,0.5,0.4,0.46,0,0,Low,Low
2026-08-03 00:15:00,industrial-area,40,54.6,65,31.2,6.8,5.0,0.59,0,0,Low,Low
2026-08-03 00:15:00,city-hospital,42,54.1,76,34.5,7.4,5.0,0.7,0,0,Low,Low
2026-08-03 00:15:00,residential-zone,34,58.6,88,28.4,9.0,4.2,0.81,0,0,Low,Low
2026-08-03 00:15:00,river-zone,51,52.1,82,28.5,9.5,6.1,1.22,0,0,Low,Moderate
2026-08-03 00:15:00,bus-terminal,73,46.6,64,23.1,5.5,4.1,0.61,0,0,Moderate,Low
2026-08-03 00:30:00,central-junction,63,51.1,92,29.2,6.4,5.1,0.55,0,0,Moderate,Low
2026-08-03 00:30:00,railway-station,46,50.7,54,22.7,9.9,6.4,0.78,0,0,Low,Low
2026-08-03 00:30:00,airport-road,44,54.3,70,26.4,1.1,0.9,0.42,0,0,Low,Low
2026-08-03 00:30:00,industrial-area,57,40.2,89,18.6,74.8,48.9,2.95,0,0,Moderate,Critical
2026-08-03 00:30:00,city-hospital,21,58.1,58,25.9,25.2,14.7,1.32,0,0,Low,Moderate
2026-08-03 00:30:00,residential-zone,52,55.7,68,23.1,5.6,4.0,0.51,0,0,Low,Low
2026-08-03 00:30:00,river-zone,40,55.0,57,31.9,6.3,3.1,1.02,0,0,Low,Low
2026-08-03 00:30:00,bus-terminal,41,56.9,53,28.7,8.2,4.7,0.69,0,0,Low,Low
2026-08-03 00:45:00,central-junction,41,52.9,77,29.7,3.0,2.6,0.66,0,0,Low,Low
2026-08-03 00:45:00,railway-station,34,57.0,67,35.5,4.5,1.8,0.65,0,0,Low,Low
2026-08-03 00:45:00,airport-road,34,57.2,56,29.4,7.1,5.6,0.72,0,0,Low,Low
2026-08-03 00:45:00,industrial-area,55,54.4,77,35.5,1.2,1.0,0.39,0,0,Low,Low
2026-08-03 00:45:00,city-hospital,52,55.2,53,23.7,0.6,0.5,0.56,0,0,Low,Low
2026-08-03 00:45:00,residential-zone,20,60.6,76,21.4,9.7,5.3,0.9,0,0,Low,Low
2026-08-03 00:45:00,river-zone,46,52.5,85,25.1,3.4,2.9,0.95,0,0,Low,Low
2026-08-03 00:45:00,bus-terminal,35,49.6,60,24.1,57.9,36.2,2.51,0,0,Low,Critical
2026-08-03 01:00:00,central-junction,59,48.8,87,22.1,3.0,1.4,0.61,1,0,Low,Low
2026-08-03 01:00:00,railway-station,30,58.6,63,29.5,7.4,3.6,0.68,1,0,Low,Low
2026-08-03 01:00:00,airport-road,23,60.3,63,29.7,8.1,6.1,0.63,1,0,Low,Low
2026-08-03 01:00:00,industrial-area,36,55.8,95,35.4,2.9,2.0,0.62,1,0,Low,Low
2026-08-03 01:00:00,city-hospital,36,55.7,81,26.0,0.2,0.1,0.34,1,0,Low,Low
2026-08-03 01:00:00,residential-zone,59,39.5,48,22.4,101.4,89.1,3.94,1,0,Moderate,Critical
2026-08-03 01:00:00,river-zone,41,53.1,59,25.8,2.1,1.0,0.8,1,0,Low,Low
2026-08-03 01:00:00,bus-terminal,42,54.4,55,24.7,6.3,3.2,0.77,1,0,Low,Low
2026-08-03 01:15:00,central-junction,46,43.4,43,19.3,65.7,52.2,2.6,1,0,Low,Critical
2026-08-03 01:15:00,railway-station,38,35.1,52,15.8,137.6,106.4,5.41,1,0,Low,Critical
2026-08-03 01:15:00,airport-road,44,53.8,76,22.8,6.1,2.9,0.81,1,0,Low,Low
2026-08-03 01:15:00,industrial-area,32,57.2,68,22.7,1.5,1.3,0.38,1,0,Low,Low
2026-08-03 01:15:00,city-hospital,36,54.7,77,24.7,7.3,5.3,0.63,1,0,Low,Low
2026-08-03 01:15:00,residential-zone,37,53.2,62,29.6,42.3,31.3,2.01,1,0,Low,High
2026-08-03 01:15:00,river-zone,38,55.7,82,22.4,5.2,3.2,0.95,1,0,Low,Low
2026-08-03 01:15:00,bus-terminal,53,50.9,69,21.9,4.6,2.5,0.64,1,0,Low,Low
2026-08-03 01:30:00,central-junction,51,51.7,50,29.8,0.5,0.4,0.52,1,0,Low,Low
2026-08-03 01:30:00,railway-station,67,49.3,97,23.4,5.2,3.8,0.73,1,0,Moderate,Low
2026-08-03 01:30:00,airport-road,36,55.7,60,27.0,6.2,4.1,0.61,1,0,Low,Low
2026-08-03 01:30:00,industrial-area,30,44.6,50,20.0,81.9,47.5,3.45,1,0,Low,Critical
2026-08-03 01:30:00,city-hospital,20,60.2,47,27.0,8.0,5.4,0.71,1,0,Low,Low
2026-08-03 01:30:00,residential-zone,30,51.6,70,30.6,32.8,20.6,1.59,1,0,Low,Moderate
2026-08-03 01:30:00,river-zone,44,42.4,73,26.9,90.7,67.7,3.83,1,0,Low,Critical
2026-08-03 01:30:00,bus-terminal,57,50.5,89,28.1,6.5,3.2,0.74,1,0,Low,Low
2026-08-03 01:45:00,central-junction,67,51.1,59,31.6,9.9,6.3,0.71,1,0,Moderate,Low
2026-08-03 01:45:00,railway-station,55,53.9,79,31.1,7.2,5.1,0.82,1,0,Low,Low
2026-08-03 01:45:00,airport-road,50,54.6,77,35.1,2.5,1.6,0.53,1,0,Low,Low
2026-08-03 01:45:00,industrial-area,42,56.6,110,23.4,6.7,3.1,0.54,1,0,Low,Low
2026-08-03 01:45:00,city-hospital,29,59.5,85,27.1,8.9,6.9,0.74,1,0,Low,Low
2026-08-03 01:45:00,residential-zone,60,48.2,87,33.1,6.5,3.8,0.81,1,0,Moderate,Low
2026-08-03 01:45:00,river-zone,47,53.5,56,31.3,3.3,1.5,1.04,1,0,Low,Low
2026-08-03 01:45:00,bus-terminal,38,58.5,50,26.5,5.7,2.5,0.66,1,0,Low,Low
2026-08-03 02:00:00,central-junction,40,39.7,51,23.0,96.6,40.9,3.71,2,0,Low,Critical
2026-08-03 02:00:00,railway-station,69,51.7,97,27.7,2.5,1.8,0.66,2,0,Moderate,Low
2026-08-03 02:00:00,airport-road,45,54.4,65,35.8,1.8,1.1,0.5,2,0,Low,Low
2026-08-03 02:00:00,industrial-area,29,58.7,68,24.5,8.7,5.1,0.87,2,0,Low,Low
2026-08-03 02:00:00,city-hospital,49,51.7,61,31.0,3.3,2.5,0.64,2,0,Low,Low
2026-08-03 02:00:00,residential-zone,52,42.0,83,26.3,74.6,37.4,3.15,2,0,Moderate,Critical
2026-08-03 02:00:00,river-zone,62,49.0,69,23.9,6.9,3.9,0.92,2,0,Moderate,Low
2026-08-03 02:00:00,bus-terminal,35,42.6,72,19.2,84.6,62.2,3.29,2,0,Low,Critical
2026-08-03 02:15:00,central-junction,55,46.2,77,27.9,60.2,48.7,2.63,2,0,Moderate,Critical
2026-08-03 02:15:00,railway-station,33,46.1,65,24.9,60.0,33.8,2.64,2,0,Low,Critical
2026-08-03 02:15:00,airport-road,52,55.6,57,31.8,0.5,0.4,0.43,2,0,Low,Low
2026-08-03 02:15:00,industrial-area,41,52.4,98,24.1,7.8,3.8,0.75,2,0,Low,Low
2026-08-03 02:15:00,city-hospital,34,45.9,56,17.4,61.5,31.1,2.48,2,0,Low,Critical
2026-08-03 02:15:00,residential-zone,23,51.5,47,28.3,67.0,36.9,2.67,2,0,Low,Critical
2026-08-03 02:15:00,river-zone,26,56.4,61,30.8,5.5,4.4,1.0,2,0,Low,Low
2026-08-03 02:15:00,bus-terminal,74,46.3,58,26.3,6.7,5.5,0.55,2,0,Moderate,Low
2026-08-03 02:30:00,central-junction,66,49.6,77,33.6,0.5,0.4,0.36,2,0,Moderate,Low
2026-08-03 02:30:00,railway-station,43,54.8,74,30.8,1.5,1.1,0.41,2,0,Low,Low
2026-08-03 02:30:00,airport-road,35,58.6,55,33.8,2.9,2.2,0.54,2,0,Low,Low
2026-08-03 02:30:00,industrial-area,33,45.5,61,19.9,68.5,54.1,2.77,2,0,Low,Critical
2026-08-03 02:30:00,city-hospital,39,55.2,70,27.1,3.6,2.3,0.71,2,0,Low,Low
2026-08-03 02:30:00,residential-zone,59,49.5,68,33.3,7.7,6.1,0.79,2,0,Low,Low
2026-08-03 02:30:00,river-zone,21,57.4,65,24.0,0.6,0.3,0.82,2,0,Low,Low
2026-08-03 02:30:00,bus-terminal,69,50.8,86,26.3,1.7,0.9,0.46,2,0,Moderate,Low
2026-08-03 02:45:00,central-junction,26,60.8,62,30.6,8.3,6.5,0.79,2,0,Low,Low
2026-08-03 02:45:00,railway-station,59,51.8,58,32.2,0.1,0.1,0.35,2,0,Low,Low
2026-08-03 02:45:00,airport-road,31,36.6,73,19.9,125.9,72.1,5.0,2,0,Low,Critical
2026-08-03 02:45:00,industrial-area,61,49.1,115,34.9,4.9,4.3,0.77,2,0,Moderate,Low
2026-08-03 02:45:00,city-hospital,36,56.2,55,31.5,0.9,0.8,0.4,2,0,Low,Low
2026-08-03 02:45:00,residential-zone,36,56.8,76,32.4,0.0,0.0,0.3,2,0,Low,Low
2026-08-03 02:45:00,river-zone,30,57.7,51,23.8,2.4,1.8,0.83,2,0,Low,Low
2026-08-03 02:45:00,bus-terminal,39,58.0,66,31.1,1.9,1.1,0.51,2,0,Low,Low
2026-08-03 03:00:00,central-junction,60,50.6,75,26.8,5.7,3.9,0.57,3,0,Low,Low
2026-08-03 03:00:00,railway-station,85,47.4,79,29.9,2.6,1.3,0.51,3,0,Moderate,Low
2026-08-03 03:00:00,airport-road,41,54.9,89,33.7,7.7,3.5,0.61,3,0,Low,Low
2026-08-03 03:00:00,industrial-area,48,44.6,80,26.9,67.7,41.0,2.79,3,0,Low,Critical
2026-08-03 03:00:00,city-hospital,38,55.3,53,34.3,4.6,2.0,0.71,3,0,Low,Low
2026-08-03 03:00:00,residential-zone,24,59.1,63,26.0,4.6,2.3,0.73,3,0,Low,Low
2026-08-03 03:00:00,river-zone,45,56.0,86,28.9,3.3,2.1,0.81,3,0,Low,Low
2026-08-03 03:00:00,bus-terminal,49,56.0,83,28.2,3.3,2.1,0.55,3,0,Low,Low
2026-08-03 03:15:00,central-junction,79,47.0,59,29.5,9.9,4.6,0.85,3,0,Moderate,Low
2026-08-03 03:15:00,railway-station,31,54.9,68,30.5,7.5,5.6,0.71,3,0,Low,Low
2026-08-03 03:15:00,airport-road,35,58.6,71,26.0,4.6,3.5,0.56,3,0,Low,Low
2026-08-03 03:15:00,industrial-area,39,56.7,105,23.6,7.5,3.0,0.63,3,0,Low,Low
2026-08-03 03:15:00,city-hospital,39,56.8,75,29.4,2.8,2.4,0.43,3,0,Low,Low
2026-08-03 03:15:00,residential-zone,50,52.6,83,29.7,9.2,4.7,0.74,3,0,Low,Low
2026-08-03 03:15:00,river-zone,36,54.4,88,28.3,6.2,5.3,1.15,3,0,Low,Low
2026-08-03 03:15:00,bus-terminal,54,54.0,88,25.5,7.4,5.9,0.72,3,0,Low,Low
2026-08-03 03:30:00,central-junction,40,56.8,56,28.6,3.8,3.3,0.51,3,0,Low,Low
2026-08-03 03:30:00,railway-station,67,47.2,89,33.1,7.9,5.2,0.8,3,0,Moderate,Low
2026-08-03 03:30:00,airport-road,42,46.1,71,30.6,62.8,41.0,2.79,3,0,Low,Critical
2026-08-03 03:30:00,industrial-area,48,50.6,63,32.4,9.5,7.2,0.69,3,0,Low,Low
2026-08-03 03:30:00,city-hospital,38,49.3,74,28.3,45.0,23.8,2.08,3,0,Low,High
2026-08-03 03:30:00,residential-zone,22,58.7,82,26.3,3.6,2.3,0.64,3,0,Low,Low
2026-08-03 03:30:00,river-zone,46,50.9,64,32.8,7.0,6.0,0.92,3,0,Low,Low
2026-08-03 03:30:00,bus-terminal,23,56.8,67,21.4,9.8,8.1,0.73,3,0,Low,Low
2026-08-03 03:45:00,central-junction,49,52.2,66,33.7,9.3,6.8,0.76,3,0,Low,Low
2026-08-03 03:45:00,railway-station,40,53.5,66,22.0,0.3,0.1,0.42,3,0,Low,Low
2026-08-03 03:45:00,airport-road,32,56.1,59,25.7,2.2,1.9,0.55,3,0,Low,Low
2026-08-03 03:45:00,industrial-area,48,55.0,92,31.3,6.3,4.9,0.77,3,0,Low,Low
2026-08-03 03:45:00,city-hospital,28,60.0,64,28.0,8.0,6.9,0.64,3,0,Low,Low
2026-08-03 03:45:00,residential-zone,42,55.6,81,32.5,4.3,3.6,0.67,3,0,Low,Low
2026-08-03 03:45:00,river-zone,35,59.4,49,27.6,5.1,4.1,0.96,3,0,Low,Low
2026-08-03 03:45:00,bus-terminal,28,55.2,46,22.2,9.6,8.4,0.78,3,0,Low,Low
2026-08-03 04:00:00,central-junction,69,51.4,85,31.1,4.4,2.9,0.64,4,0,Moderate,Low
2026-08-03 04:00:00,railway-station,56,49.9,95,34.0,8.8,7.4,0.62,4,0,Low,Low
2026-08-03 04:00:00,airport-road,59,53.9,48,32.3,6.5,4.1,0.72,4,0,Low,Low
2026-08-03 04:00:00,industrial-area,31,57.5,56,35.0,7.8,6.0,0.67,4,0,Low,Low
2026-08-03 04:00:00,city-hospital,37,43.1,80,22.1,75.5,34.2,2.95,4,0,Low,Critical
2026-08-03 04:00:00,residential-zone,38,58.2,73,21.8,3.0,2.3,0.53,4,0,Low,Low
2026-08-03 04:00:00,river-zone,35,58.2,73,28.4,0.9,0.4,0.83,4,0,Low,Low
2026-08-03 04:00:00,bus-terminal,28,60.2,75,34.6,3.6,1.9,0.57,4,0,Low,Low
2026-08-03 04:15:00,central-junction,45,56.1,75,30.6,5.6,3.5,0.7,4,0,Low,Low
2026-08-03 04:15:00,railway-station,36,57.7,69,26.9,0.5,0.3,0.54,4,0,Low,Low
2026-08-03 04:15:00,airport-road,22,60.9,45,31.9,2.2,1.9,0.65,4,0,Low,Low
2026-08-03 04:15:00,industrial-area,48,50.7,115,31.3,9.9,5.2,0.82,4,0,Low,Low
2026-08-03 04:15:00,city-hospital,34,57.8,51,27.1,4.3,2.1,0.71,4,0,Low,Low
2026-08-03 04:15:00,residential-zone,49,44.7,81,24.4,57.5,43.5,2.39,4,0,Low,Critical
2026-08-03 04:15:00,river-zone,37,57.8,75,33.5,0.0,0.0,0.69,4,0,Low,Low
2026-08-03 04:15:00,bus-terminal,26,54.7,61,27.7,21.1,12.5,1.29,4,0,Low,Moderate
2026-08-03 04:30:00,central-junction,46,48.9,79,26.2,25.6,15.1,1.41,4,0,Low,Moderate
2026-08-03 04:30:00,railway-station,40,43.8,73,21.0,86.1,63.6,3.35,4,0,Low,Critical
2026-08-03 04:30:00,airport-road,29,37.7,60,19.0,135.2,116.6,5.31,4,0,Low,Critical
2026-08-03 04:30:00,industrial-area,22,59.1,76,28.9,3.3,1.6,0.57,4,0,Low,Low
2026-08-03 04:30:00,city-hospital,19,61.9,71,35.2,9.4,8.0,0.83,4,0,Low,Low
2026-08-03 04:30:00,residential-zone,28,56.8,59,22.9,0.5,0.3,0.37,4,0,Low,Low
2026-08-03 04:30:00,river-zone,50,54.6,62,23.0,6.4,5.5,0.9,4,0,Low,Low
2026-08-03 04:30:00,bus-terminal,35,55.0,56,33.0,1.1,0.6,0.56,4,0,Low,Low
2026-08-03 04:45:00,central-junction,37,55.0,61,30.7,6.1,3.5,0.79,4,0,Low,Low
2026-08-03 04:45:00,railway-station,41,54.8,53,26.9,6.2,4.2,0.68,4,0,Low,Low
2026-08-03 04:45:00,airport-road,51,40.4,77,28.7,87.3,45.4,3.6,4,0,Moderate,Critical
2026-08-03 04:45:00,industrial-area,23,61.8,113,26.0,3.8,2.9,0.62,4,0,Low,Low
2026-08-03 04:45:00,city-hospital,42,57.5,71,24.2,5.6,2.5,0.58,4,0,Low,Low
2026-08-03 04:45:00,residential-zone,22,59.6,61,25.4,9.6,4.4,0.7,4,0,Low,Low
2026-08-03 04:45:00,river-zone,56,36.6,55,15.2,96.8,56.7,4.28,4,0,Moderate,Critical
2026-08-03 04:45:00,bus-terminal,49,57.1,90,29.6,0.5,0.4,0.57,4,0,Low,Low
2026-08-03 05:00:00,central-junction,45,55.9,82,31.8,1.9,1.1,0.66,5,0,Low,Low
2026-08-03 05:00:00,railway-station,53,42.0,79,26.6,93.6,81.9,3.59,5,0,Moderate,Critical
2026-08-03 05:00:00,airport-road,46,54.7,50,28.6,6.4,5.7,0.56,5,0,Low,Low
2026-08-03 05:00:00,industrial-area,31,58.1,73,23.5,9.6,5.4,0.79,5,0,Low,Low
2026-08-03 05:00:00,city-hospital,64,50.9,54,28.8,7.3,5.2,0.6,5,0,Moderate,Low
2026-08-03 05:00:00,residential-zone,49,52.2,60,22.1,10.0,4.7,0.94,5,0,Low,Low
2026-08-03 05:00:00,river-zone,45,40.9,83,17.3,80.6,33.5,3.59,5,0,Low,Critical
2026-08-03 05:00:00,bus-terminal,26,57.7,67,28.4,6.6,4.5,0.83,5,0,Low,Low
2026-08-03 05:15:00,central-junction,67,43.7,64,26.5,49.2,37.7,2.21,5,0,Moderate,High
2026-08-03 05:15:00,railway-station,35,56.3,63,32.8,10.0,7.8,0.94,5,0,Low,Low
2026-08-03 05:15:00,airport-road,26,60.2,71,31.5,10.0,6.7,0.82,5,0,Low,Low
2026-08-03 05:15:00,industrial-area,69,42.7,116,18.3,46.7,19.3,2.23,5,0,Moderate,High
2026-08-03 05:15:00,city-hospital,29,59.2,83,23.0,0.1,0.1,0.39,5,0,Low,Low
2026-08-03 05:15:00,residential-zone,50,54.8,59,28.3,6.4,3.2,0.78,5,0,Low,Low
2026-08-03 05:15:00,river-zone,23,60.8,79,21.9,6.8,5.8,0.92,5,0,Low,Low
2026-08-03 05:15:00,bus-terminal,53,52.5,82,33.9,0.9,0.7,0.55,5,0,Low,Low
2026-08-03 05:30:00,central-junction,60,53.4,72,26.6,0.4,0.3,0.53,5,0,Low,Low
2026-08-03 05:30:00,railway-station,64,51.0,69,29.6,0.1,0.1,0.56,5,0,Moderate,Low
2026-08-03 05:30:00,airport-road,54,52.0,69,35.8,1.3,0.8,0.52,5,0,Low,Low
2026-08-03 05:30:00,industrial-area,31,56.2,83,25.2,7.1,4.6,0.59,5,0,Low,Low
2026-08-03 05:30:00,city-hospital,30,60.2,71,25.6,5.3,2.5,0.76,5,0,Low,Low
2026-08-03 05:30:00,residential-zone,40,40.0,54,19.1,101.0,79.5,4.04,5,0,Low,Critical
2026-08-03 05:30:00,river-zone,33,56.0,54,34.4,0.3,0.3,0.81,5,0,Low,Low
2026-08-03 05:30:00,bus-terminal,44,55.4,51,27.2,1.9,0.8,0.55,5,0,Low,Low
2026-08-03 05:45:00,central-junction,65,49.3,87,32.7,0.9,0.5,0.55,5,0,Moderate,Low
2026-08-03 05:45:00,railway-station,32,55.7,44,23.9,1.0,0.8,0.44,5,0,Low,Low
2026-08-03 05:45:00,airport-road,39,54.3,63,35.9,1.2,1.0,0.41,5,0,Low,Low
2026-08-03 05:45:00,industrial-area,63,49.4,98,27.0,8.1,5.0,0.66,5,0,Moderate,Low
2026-08-03 05:45:00,city-hospital,64,51.7,71,21.7,3.9,3.5,0.68,5,0,Moderate,Low
2026-08-03 05:45:00,residential-zone,31,59.5,70,33.3,6.8,3.9,0.54,5,0,Low,Low
2026-08-03 05:45:00,river-zone,46,52.1,67,25.5,7.4,3.1,1.19,5,0,Low,Moderate
2026-08-03 05:45:00,bus-terminal,71,46.3,69,25.6,4.8,2.4,0.53,5,0,Moderate,Low
2026-08-03 06:00:00,central-junction,35,56.3,83,32.2,4.2,3.1,0.63,6,0,Low,Low
2026-08-03 06:00:00,railway-station,33,59.6,63,23.4,3.4,1.5,0.46,6,0,Low,Low
2026-08-03 06:00:00,airport-road,39,56.1,47,33.5,4.8,2.5,0.6,6,0,Low,Low
2026-08-03 06:00:00,industrial-area,54,54.8,100,28.8,4.9,3.8,0.5,6,0,Low,Low
2026-08-03 06:00:00,city-hospital,40,53.6,46,26.6,25.0,16.8,1.47,6,0,Low,Moderate
2026-08-03 06:00:00,residential-zone,47,50.5,44,33.8,10.0,5.9,0.76,6,0,Low,Low
2026-08-03 06:00:00,river-zone,55,52.8,67,25.9,1.7,0.8,0.95,6,0,Low,Low
2026-08-03 06:00:00,bus-terminal,36,59.3,65,31.5,1.8,1.2,0.56,6,0,Low,Low
2026-08-03 06:15:00,central-junction,50,47.9,77,21.5,48.4,39.5,2.26,6,0,Low,High
2026-08-03 06:15:00,railway-station,39,57.3,70,28.6,1.5,1.3,0.56,6,0,Low,Low
2026-08-03 06:15:00,airport-road,44,53.7,47,21.3,9.7,8.0,0.75,6,0,Low,Low
2026-08-03 06:15:00,industrial-area,39,55.6,68,29.8,6.7,5.5,0.6,6,0,Low,Low
2026-08-03 06:15:00,city-hospital,35,58.4,54,22.9,6.2,2.7,0.67,6,0,Low,Low
2026-08-03 06:15:00,residential-zone,32,48.5,54,25.4,70.3,49.9,2.97,6,0,Low,Critical
2026-08-03 06:15:00,river-zone,36,54.2,57,28.2,4.3,2.6,0.82,6,0,Low,Low
2026-08-03 06:15:00,bus-terminal,40,44.2,53,18.7,77.7,36.0,3.18,6,0,Low,Critical
2026-08-03 06:30:00,central-junction,44,54.3,71,28.0,6.7,5.1,0.68,6,0,Low,Low
2026-08-03 06:30:00,railway-station,73,50.7,90,29.2,4.1,2.9,0.58,6,0,Moderate,Low
2026-08-03 06:30:00,airport-road,30,58.3,68,30.0,1.6,1.2,0.65,6,0,Low,Low
2026-08-03 06:30:00,industrial-area,27,59.3,83,25.9,9.0,7.8,0.73,6,0,Low,Low
2026-08-03 06:30:00,city-hospital,34,54.0,66,26.9,7.1,2.9,0.7,6,0,Low,Low
2026-08-03 06:30:00,residential-zone,33,56.9,58,22.5,5.8,4.1,0.77,6,0,Low,Low
2026-08-03 06:30:00,river-zone,40,55.0,66,33.5,7.5,5.9,1.02,6,0,Low,Low
2026-08-03 06:30:00,bus-terminal,86,44.8,77,28.9,0.2,0.2,0.37,6,0,Moderate,Low
2026-08-03 06:45:00,central-junction,69,49.1,77,28.7,3.6,2.0,0.54,6,0,Moderate,Low
2026-08-03 06:45:00,railway-station,63,48.1,71,25.3,6.8,3.3,0.7,6,0,Moderate,Low
2026-08-03 06:45:00,airport-road,33,54.2,40,32.1,9.9,5.5,0.9,6,0,Low,Low
2026-08-03 06:45:00,industrial-area,35,59.0,116,29.2,2.4,1.8,0.47,6,0,Low,Low
2026-08-03 06:45:00,city-hospital,34,58.1,73,32.7,2.1,0.9,0.59,6,0,Low,Low
2026-08-03 06:45:00,residential-zone,33,54.5,87,24.1,4.3,3.3,0.49,6,0,Low,Low
2026-08-03 06:45:00,river-zone,40,52.5,68,32.0,5.3,2.4,1.01,6,0,Low,Low
2026-08-03 06:45:00,bus-terminal,29,56.0,40,34.6,2.7,1.7,0.49,6,0,Low,Low
2026-08-03 07:00:00,central-junction,36,55.2,54,32.4,7.1,4.0,0.71,7,0,Low,Low
2026-08-03 07:00:00,railway-station,45,54.3,82,26.2,9.0,7.7,0.79,7,0,Low,Low
2026-08-03 07:00:00,airport-road,41,56.9,77,25.1,2.7,1.3,0.62,7,0,Low,Low
2026-08-03 07:00:00,industrial-area,25,46.1,75,21.0,88.5,77.6,3.56,7,0,Low,Critical
2026-08-03 07:00:00,city-hospital,48,53.5,65,35.5,6.1,4.5,0.75,7,0,Low,Low
2026-08-03 07:00:00,residential-zone,47,53.4,82,32.2,1.6,1.3,0.44,7,0,Low,Low
2026-08-03 07:00:00,river-zone,50,43.0,51,16.3,87.0,73.8,3.83,7,0,Moderate,Critical
2026-08-03 07:00:00,bus-terminal,47,53.4,90,34.7,7.9,3.3,0.75,7,0,Low,Low
2026-08-03 07:15:00,central-junction,47,53.9,85,31.9,4.4,2.0,0.51,7,0,Low,Low
2026-08-03 07:15:00,railway-station,38,58.7,83,22.3,2.3,1.6,0.42,7,0,Low,Low
2026-08-03 07:15:00,airport-road,28,49.6,43,28.0,42.4,33.6,1.94,7,0,Low,High
2026-08-03 07:15:00,industrial-area,36,53.8,75,33.1,3.9,2.9,0.61,7,0,Low,Low
2026-08-03 07:15:00,city-hospital,47,51.8,80,26.3,0.6,0.4,0.38,7,0,Low,Low
2026-08-03 07:15:00,residential-zone,42,54.7,80,23.2,9.7,8.3,0.91,7,0,Low,Low
2026-08-03 07:15:00,river-zone,29,58.0,76,27.6,2.9,1.9,0.93,7,0,Low,Low
2026-08-03 07:15:00,bus-terminal,45,41.4,57,25.7,75.0,32.5,3.08,7,0,Low,Critical
2026-08-03 07:30:00,central-junction,49,53.9,67,32.0,5.0,4.4,0.69,7,0,Low,Low
2026-08-03 07:30:00,railway-station,41,57.9,73,26.0,0.5,0.4,0.51,7,0,Low,Low
2026-08-03 07:30:00,airport-road,32,54.7,62,29.5,5.0,4.4,0.65,7,0,Low,Low
2026-08-03 07:30:00,industrial-area,21,60.6,66,24.2,5.6,4.6,0.7,7,0,Low,Low
2026-08-03 07:30:00,city-hospital,42,57.5,54,25.5,0.6,0.4,0.37,7,0,Low,Low
2026-08-03 07:30:00,residential-zone,39,52.9,57,24.7,6.0,3.2,0.66,7,0,Low,Low
2026-08-03 07:30:00,river-zone,58,44.5,56,21.2,63.0,39.5,3.04,7,0,Moderate,Critical
2026-08-03 07:30:00,bus-terminal,24,58.3,53,35.5,4.6,1.9,0.48,7,0,Low,Low
2026-08-03 07:45:00,central-junction,70,47.7,58,31.2,1.8,1.4,0.64,7,0,Moderate,Low
2026-08-03 07:45:00,railway-station,64,39.2,85,26.3,62.6,26.9,2.6,7,0,Moderate,Critical
2026-08-03 07:45:00,airport-road,52,53.4,53,33.8,4.9,2.1,0.56,7,0,Low,Low
2026-08-03 07:45:00,industrial-area,60,38.5,108,26.3,78.3,63.3,3.17,7,0,Moderate,Critical
2026-08-03 07:45:00,city-hospital,61,49.9,89,22.6,4.2,2.3,0.61,7,0,Low,Low
2026-08-03 07:45:00,residential-zone,59,41.5,64,19.6,81.4,54.0,3.23,7,0,Moderate,Critical
2026-08-03 07:45:00,river-zone,31,58.3,54,27.0,3.9,2.7,1.03,7,0,Low,Low
2026-08-03 07:45:00,bus-terminal,24,59.0,56,28.6,8.4,4.7,0.87,7,0,Low,Low
2026-08-03 08:00:00,central-junction,93,42.3,86,35.3,8.2,4.2,0.82,8,0,Moderate,Low
2026-08-03 08:00:00,railway-station,154,29.7,112,24.6,6.4,5.2,0.78,8,0,High,Low
2026-08-03 08:00:00,airport-road,119,34.9,96,23.5,9.1,6.6,0.83,8,0,High,Low
2026-08-03 08:00:00,industrial-area,117,36.7,102,24.4,7.2,4.2,0.71,8,0,Moderate,Low
2026-08-03 08:00:00,city-hospital,94,45.7,66,35.2,7.0,3.2,0.73,8,0,Moderate,Low
2026-08-03 08:00:00,residential-zone,114,40.8,83,24.6,6.0,2.5,0.71,8,0,Moderate,Low
2026-08-03 08:00:00,river-zone,73,47.9,64,25.2,9.7,8.5,1.12,8,0,Moderate,Moderate
2026-08-03 08:00:00,bus-terminal,206,19.0,120,25.6,2.8,1.5,0.58,8,0,Critical,Low
2026-08-03 08:15:00,central-junction,190,22.8,82,35.6,3.0,1.4,0.45,8,0,Critical,Low
2026-08-03 08:15:00,railway-station,161,27.2,110,27.4,7.9,4.3,0.74,8,0,High,Low
2026-08-03 08:15:00,airport-road,126,34.0,75,24.9,3.6,1.9,0.7,8,0,High,Low
2026-08-03 08:15:00,industrial-area,135,36.7,111,23.6,0.4,0.3,0.44,8,0,High,Low
2026-08-03 08:15:00,city-hospital,80,48.1,81,29.7,4.3,3.1,0.66,8,0,Moderate,Low
2026-08-03 08:15:00,residential-zone,131,35.0,106,25.7,9.5,6.2,0.75,8,0,High,Low
2026-08-03 08:15:00,river-zone,135,32.9,86,26.1,20.5,9.9,1.51,8,0,High,Moderate
2026-08-03 08:15:00,bus-terminal,121,30.5,90,28.3,38.7,32.1,1.72,8,0,High,High
2026-08-03 08:30:00,central-junction,92,43.1,77,30.2,6.5,3.0,0.71,8,0,Moderate,Low
2026-08-03 08:30:00,railway-station,171,25.1,89,23.6,0.6,0.3,0.4,8,0,Critical,Low
2026-08-03 08:30:00,airport-road,100,29.1,88,24.4,76.5,62.6,3.04,8,0,High,Critical
2026-08-03 08:30:00,industrial-area,113,37.0,116,32.7,3.4,3.0,0.49,8,0,Moderate,Low
2026-08-03 08:30:00,city-hospital,79,47.5,77,26.0,0.3,0.2,0.44,8,0,Moderate,Low
2026-08-03 08:30:00,residential-zone,118,32.9,81,28.2,37.6,33.3,1.91,8,0,High,High
2026-08-03 08:30:00,river-zone,105,44.3,109,23.6,2.9,1.9,0.98,8,0,Moderate,Low
2026-08-03 08:30:00,bus-terminal,75,38.2,83,24.0,49.4,21.3,2.23,8,0,Moderate,High
2026-08-03 08:45:00,central-junction,92,47.2,82,32.9,0.2,0.1,0.54,8,0,Moderate,Low
2026-08-03 08:45:00,railway-station,71,46.6,57,27.3,4.1,3.3,0.65,8,0,Moderate,Low
2026-08-03 08:45:00,airport-road,91,42.1,61,26.3,5.7,5.0,0.61,8,0,Moderate,Low
2026-08-03 08:45:00,industrial-area,111,38.4,90,28.3,7.8,6.6,0.79,8,0,Moderate,Low
2026-08-03 08:45:00,city-hospital,130,36.9,68,28.9,3.7,2.2,0.59,8,0,High,Low
2026-08-03 08:45:00,residential-zone,151,29.7,95,33.1,9.7,4.6,0.73,8,0,High,Low
2026-08-03 08:45:00,river-zone,105,38.6,82,28.5,6.5,4.0,1.15,8,0,Moderate,Low
2026-08-03 08:45:00,bus-terminal,92,46.6,104,30.1,5.0,4.4,0.68,8,0,Moderate,Low
2026-08-03 09:00:00,central-junction,142,31.8,100,29.9,6.8,3.9,0.58,9,0,High,Low
2026-08-03 09:00:00,railway-station,73,45.9,85,24.7,0.5,0.4,0.57,9,0,Moderate,Low
2026-08-03 09:00:00,airport-road,87,43.6,88,33.2,2.1,1.1,0.42,9,0,Moderate,Low
2026-08-03 09:00:00,industrial-area,104,38.1,100,33.5,9.7,5.3,0.78,9,0,Moderate,Low
2026-08-03 09:00:00,city-hospital,54,52.3,70,23.6,1.5,0.8,0.47,9,0,Low,Low
2026-08-03 09:00:00,residential-zone,102,43.9,104,33.2,5.1,3.0,0.64,9,0,Moderate,Low
2026-08-03 09:00:00,river-zone,81,48.6,94,30.2,6.6,5.2,1.15,9,0,Moderate,Low
2026-08-03 09:00:00,bus-terminal,123,34.7,91,29.3,5.3,3.2,0.56,9,0,High,Low
2026-08-03 09:15:00,central-junction,76,49.8,82,26.4,4.7,4.2,0.75,9,0,Moderate,Low
2026-08-03 09:15:00,railway-station,113,38.4,62,27.8,9.5,4.8,0.77,9,0,Moderate,Low
2026-08-03 09:15:00,airport-road,128,34.1,84,34.9,6.0,5.1,0.7,9,0,High,Low
2026-08-03 09:15:00,industrial-area,126,38.9,113,28.8,2.9,1.3,0.45,9,0,Moderate,Low
2026-08-03 09:15:00,city-hospital,135,32.0,70,24.7,7.5,5.3,0.84,9,0,High,Low
2026-08-03 09:15:00,residential-zone,161,25.4,87,27.6,9.9,7.4,0.86,9,0,Critical,Low
2026-08-03 09:15:00,river-zone,130,24.1,95,28.2,74.7,64.8,3.28,9,0,High,Critical
2026-08-03 09:15:00,bus-terminal,67,49.5,66,28.8,6.9,5.0,0.81,9,0,Moderate,Low
2026-08-03 09:30:00,central-junction,95,44.0,76,29.2,8.1,5.1,0.58,9,0,Moderate,Low
2026-08-03 09:30:00,railway-station,130,35.0,100,29.1,0.5,0.4,0.5,9,0,High,Low
2026-08-03 09:30:00,airport-road,79,47.7,72,24.1,9.9,8.3,0.77,9,0,Moderate,Low
2026-08-03 09:30:00,industrial-area,76,45.1,85,34.4,10.0,4.2,0.89,9,0,Moderate,Low
2026-08-03 09:30:00,city-hospital,143,30.8,89,28.5,9.2,8.1,0.76,9,0,High,Low
2026-08-03 09:30:00,residential-zone,116,24.7,74,27.7,81.6,45.9,3.31,9,0,High,Critical
2026-08-03 09:30:00,river-zone,123,37.5,96,25.3,3.0,2.6,0.85,9,0,Moderate,Low
2026-08-03 09:30:00,bus-terminal,155,28.8,102,31.1,4.0,2.0,0.49,9,0,High,Low
2026-08-03 09:45:00,central-junction,203,20.8,112,29.0,8.3,3.8,0.8,9,0,Critical,Low
2026-08-03 09:45:00,railway-station,154,31.0,93,21.4,9.9,8.6,0.8,9,0,High,Low
2026-08-03 09:45:00,airport-road,72,46.1,68,34.7,2.4,1.7,0.65,9,0,Moderate,Low
2026-08-03 09:45:00,industrial-area,67,40.5,107,20.8,77.4,56.7,3.06,9,0,Moderate,Critical
2026-08-03 09:45:00,city-hospital,99,45.7,95,24.3,2.7,1.8,0.46,9,0,Moderate,Low
2026-08-03 09:45:00,residential-zone,109,42.6,90,25.9,7.0,4.0,0.65,9,0,Moderate,Low
2026-08-03 09:45:00,river-zone,102,44.3,72,28.7,4.8,2.2,1.11,9,0,Moderate,Low
2026-08-03 09:45:00,bus-terminal,100,45.0,70,34.7,2.9,2.0,0.64,9,0,Moderate,Low
2026-08-03 10:00:00,central-junction,76,45.5,86,22.1,4.9,3.1,0.7,10,0,Moderate,Low
2026-08-03 10:00:00,railway-station,97,45.2,57,32.4,7.7,3.7,0.59,10,0,Moderate,Low
2026-08-03 10:00:00,airport-road,87,46.4,70,22.7,4.0,2.3,0.5,10,0,Moderate,Low
2026-08-03 10:00:00,industrial-area,94,42.1,110,33.4,5.2,4.3,0.73,10,0,Moderate,Low
2026-08-03 10:00:00,city-hospital,107,36.9,90,26.0,38.8,34.9,1.72,10,0,Moderate,High
2026-08-03 10:00:00,residential-zone,60,49.0,73,31.9,7.6,5.2,0.85,10,0,Moderate,Low
2026-08-03 10:00:00,river-zone,93,41.8,76,33.1,9.6,6.6,1.08,10,0,Moderate,Moderate
2026-08-03 10:00:00,bus-terminal,80,44.3,59,30.3,3.5,1.8,0.46,10,0,Moderate,Low
2026-08-03 10:15:00,central-junction,128,35.7,79,34.7,0.6,0.5,0.56,10,0,High,Low
2026-08-03 10:15:00,railway-station,150,28.1,98,24.2,6.7,4.3,0.59,10,0,High,Low
2026-08-03 10:15:00,airport-road,52,53.5,65,27.3,6.9,4.6,0.72,10,0,Low,Low
2026-08-03 10:15:00,industrial-area,67,52.0,85,23.0,0.2,0.1,0.31,10,0,Moderate,Low
2026-08-03 10:15:00,city-hospital,108,31.3,87,27.8,75.8,47.0,3.05,10,0,High,Critical
2026-08-03 10:15:00,residential-zone,55,53.5,48,35.0,7.0,4.8,0.73,10,0,Low,Low
2026-08-03 10:15:00,river-zone,87,47.4,88,32.3,6.9,3.5,1.18,10,0,Moderate,Moderate
2026-08-03 10:15:00,bus-terminal,65,51.3,60,35.5,5.6,3.1,0.51,10,0,Moderate,Low
2026-08-03 10:30:00,central-junction,114,37.6,108,30.0,2.2,0.9,0.66,10,0,Moderate,Low
2026-08-03 10:30:00,railway-station,73,47.2,61,23.8,4.1,1.7,0.7,10,0,Moderate,Low
2026-08-03 10:30:00,airport-road,119,35.6,105,26.3,9.3,7.1,0.77,10,0,High,Low
2026-08-03 10:30:00,industrial-area,70,41.7,65,25.3,61.6,37.2,2.52,10,0,Moderate,Critical
2026-08-03 10:30:00,city-hospital,140,35.6,103,30.0,7.1,5.5,0.58,10,0,High,Low
2026-08-03 10:30:00,residential-zone,55,52.8,61,34.8,6.8,5.2,0.67,10,0,Low,Low
2026-08-03 10:30:00,river-zone,79,48.5,64,31.1,7.3,4.2,0.91,10,0,Moderate,Low
2026-08-03 10:30:00,bus-terminal,104,37.7,68,23.8,9.5,5.0,0.69,10,0,Moderate,Low
2026-08-03 10:45:00,central-junction,138,31.0,86,32.6,39.2,17.4,1.71,10,0,High,High
2026-08-03 10:45:00,railway-station,150,31.5,75,28.2,9.7,6.8,0.7,10,0,High,Low
2026-08-03 10:45:00,airport-road,97,39.2,67,27.3,39.3,20.8,1.93,10,0,Moderate,High
2026-08-03 10:45:00,industrial-area,74,47.7,92,24.4,3.1,2.0,0.65,10,0,Moderate,Low
2026-08-03 10:45:00,city-hospital,55,54.4,83,22.8,8.2,6.9,0.83,10,0,Low,Low
2026-08-03 10:45:00,residential-zone,79,45.8,59,32.1,6.1,3.5,0.58,10,0,Moderate,Low
2026-08-03 10:45:00,river-zone,119,37.2,71,35.0,7.0,5.1,1.17,10,0,Moderate,Moderate
2026-08-03 10:45:00,bus-terminal,114,39.7,88,21.8,6.6,3.6,0.55,10,0,Moderate,Low
2026-08-03 11:00:00,central-junction,40,57.6,51,33.1,8.3,3.9,0.76,11,0,Low,Low
2026-08-03 11:00:00,railway-station,39,54.5,62,33.9,4.1,2.8,0.61,11,0,Low,Low
2026-08-03 11:00:00,airport-road,18,60.4,62,28.9,6.7,5.2,0.79,11,0,Low,Low
2026-08-03 11:00:00,industrial-area,41,53.9,100,31.8,9.2,6.1,0.65,11,0,Low,Low
2026-08-03 11:00:00,city-hospital,28,55.9,81,33.7,0.4,0.3,0.56,11,0,Low,Low
2026-08-03 11:00:00,residential-zone,56,55.1,71,26.0,0.9,0.5,0.62,11,0,Low,Low
2026-08-03 11:00:00,river-zone,26,46.7,42,14.7,95.3,67.1,4.28,11,0,Low,Critical
2026-08-03 11:00:00,bus-terminal,82,46.4,69,29.6,3.0,1.6,0.53,11,0,Moderate,Low
2026-08-03 11:15:00,central-junction,35,56.2,62,24.0,8.0,6.8,0.72,11,0,Low,Low
2026-08-03 11:15:00,railway-station,70,46.2,62,31.9,3.8,2.8,0.46,11,0,Moderate,Low
2026-08-03 11:15:00,airport-road,37,52.9,64,32.2,7.2,4.4,0.72,11,0,Low,Low
2026-08-03 11:15:00,industrial-area,28,46.2,66,24.5,65.4,32.6,2.74,11,0,Low,Critical
2026-08-03 11:15:00,city-hospital,36,56.8,80,29.9,8.9,7.8,0.63,11,0,Low,Low
2026-08-03 11:15:00,residential-zone,46,51.6,73,34.4,6.9,5.6,0.6,11,0,Low,Low
2026-08-03 11:15:00,river-zone,28,55.5,60,30.6,8.8,5.6,1.07,11,0,Low,Low
2026-08-03 11:15:00,bus-terminal,29,54.8,46,20.2,28.6,23.6,1.59,11,0,Low,Moderate
2026-08-03 11:30:00,central-junction,40,55.9,48,24.1,3.9,3.2,0.71,11,0,Low,Low
2026-08-03 11:30:00,railway-station,72,50.3,79,23.3,4.9,3.3,0.74,11,0,Moderate,Low
2026-08-03 11:30:00,airport-road,23,61.2,61,27.7,5.7,2.8,0.58,11,0,Low,Low
2026-08-03 11:30:00,industrial-area,28,60.9,60,30.6,1.1,0.8,0.52,11,0,Low,Low
2026-08-03 11:30:00,city-hospital,30,58.2,52,27.5,6.1,2.8,0.69,11,0,Low,Low
2026-08-03 11:30:00,residential-zone,25,58.8,75,24.0,6.5,5.4,0.71,11,0,Low,Low
2026-08-03 11:30:00,river-zone,35,53.1,78,34.6,9.8,7.9,1.25,11,0,Low,Moderate
2026-08-03 11:30:00,bus-terminal,76,46.6,63,34.5,4.0,1.6,0.47,11,0,Moderate,Low
2026-08-03 11:45:00,central-junction,46,56.7,83,33.8,1.0,0.9,0.51,11,0,Low,Low
2026-08-03 11:45:00,railway-station,23,56.8,73,22.9,7.3,6.5,0.64,11,0,Low,Low
2026-08-03 11:45:00,airport-road,37,59.2,69,24.9,2.4,1.8,0.68,11,0,Low,Low
2026-08-03 11:45:00,industrial-area,28,60.0,64,23.0,2.2,1.1,0.52,11,0,Low,Low
2026-08-03 11:45:00,city-hospital,26,59.1,70,35.1,0.6,0.4,0.52,11,0,Low,Low
2026-08-03 11:45:00,residential-zone,26,59.9,62,27.8,8.9,4.4,0.84,11,0,Low,Low
2026-08-03 11:45:00,river-zone,59,50.4,62,30.9,2.3,2.0,0.82,11,0,Low,Low
2026-08-03 11:45:00,bus-terminal,86,43.9,92,33.3,9.0,7.7,0.63,11,0,Moderate,Low
2026-08-03 12:00:00,central-junction,48,55.4,54,32.5,4.7,3.0,0.58,12,0,Low,Low
2026-08-03 12:00:00,railway-station,58,51.5,83,26.2,5.2,3.9,0.53,12,0,Low,Low
2026-08-03 12:00:00,airport-road,33,57.2,48,34.8,9.9,4.1,0.81,12,0,Low,Low
2026-08-03 12:00:00,industrial-area,30,55.4,66,25.8,4.0,2.7,0.74,12,0,Low,Low
2026-08-03 12:00:00,city-hospital,36,56.0,82,22.1,2.0,1.3,0.62,12,0,Low,Low
2026-08-03 12:00:00,residential-zone,35,55.5,88,35.5,6.0,3.7,0.74,12,0,Low,Low
2026-08-03 12:00:00,river-zone,41,45.6,80,17.4,88.9,60.4,3.77,12,0,Low,Critical
2026-08-03 12:00:00,bus-terminal,29,59.8,80,27.4,5.4,2.2,0.69,12,0,Low,Low
2026-08-03 12:15:00,central-junction,58,49.2,47,29.8,7.0,3.9,0.67,12,0,Low,Low
2026-08-03 12:15:00,railway-station,56,47.1,80,25.0,20.8,18.1,1.04,12,0,Low,Moderate
2026-08-03 12:15:00,airport-road,42,56.7,54,25.9,3.5,1.9,0.52,12,0,Low,Low
2026-08-03 12:15:00,industrial-area,33,56.2,87,34.9,10.0,6.3,0.86,12,0,Low,Low
2026-08-03 12:15:00,city-hospital,24,55.8,45,27.3,7.7,4.2,0.77,12,0,Low,Low
2026-08-03 12:15:00,residential-zone,27,58.4,70,31.4,9.0,5.9,0.77,12,0,Low,Low
2026-08-03 12:15:00,river-zone,46,53.9,51,28.2,5.1,2.2,0.88,12,0,Low,Low
2026-08-03 12:15:00,bus-terminal,65,50.3,57,23.5,7.9,5.7,0.74,12,0,Moderate,Low
2026-08-03 12:30:00,central-junction,84,46.2,80,34.6,8.6,3.6,0.62,12,0,Moderate,Low
2026-08-03 12:30:00,railway-station,63,41.3,54,29.4,58.3,46.5,2.47,12,0,Moderate,Critical
2026-08-03 12:30:00,airport-road,41,58.2,76,22.6,2.5,1.2,0.6,12,0,Low,Low
2026-08-03 12:30:00,industrial-area,28,58.0,77,31.7,4.6,3.9,0.55,12,0,Low,Low
2026-08-03 12:30:00,city-hospital,55,49.4,87,28.2,7.7,4.4,0.6,12,0,Low,Low
2026-08-03 12:30:00,residential-zone,45,57.2,79,29.7,0.0,0.0,0.49,12,0,Low,Low
2026-08-03 12:30:00,river-zone,30,58.2,83,35.3,6.8,4.3,0.91,12,0,Low,Low
2026-08-03 12:30:00,bus-terminal,88,45.1,89,24.7,9.2,4.8,0.8,12,0,Moderate,Low
2026-08-03 12:45:00,central-junction,48,56.8,84,27.8,1.4,0.9,0.53,12,0,Low,Low
2026-08-03 12:45:00,railway-station,37,57.0,79,27.3,6.6,3.9,0.64,12,0,Low,Low
2026-08-03 12:45:00,airport-road,40,58.6,74,33.1,0.1,0.1,0.49,12,0,Low,Low
2026-08-03 12:45:00,industrial-area,45,39.3,93,22.2,96.2,61.9,3.91,12,0,Moderate,Critical
2026-08-03 12:45:00,city-hospital,60,48.7,78,29.0,3.0,2.7,0.56,12,0,Moderate,Low
2026-08-03 12:45:00,residential-zone,46,54.6,75,23.7,7.1,5.4,0.66,12,0,Low,Low
2026-08-03 12:45:00,river-zone,29,56.4,60,20.6,31.4,17.0,1.99,12,0,Low,High
2026-08-03 12:45:00,bus-terminal,42,56.4,62,28.1,4.3,3.6,0.56,12,0,Low,Low
2026-08-03 13:00:00,central-junction,34,56.2,61,33.9,1.6,1.3,0.42,13,0,Low,Low
2026-08-03 13:00:00,railway-station,41,54.3,83,28.7,8.9,5.8,0.71,13,0,Low,Low
2026-08-03 13:00:00,airport-road,43,55.0,73,25.1,7.9,3.3,0.84,13,0,Low,Low
2026-08-03 13:00:00,industrial-area,24,60.4,65,23.0,1.3,1.1,0.46,13,0,Low,Low
2026-08-03 13:00:00,city-hospital,40,56.9,72,35.0,8.0,7.0,0.85,13,0,Low,Low
2026-08-03 13:00:00,residential-zone,36,58.0,47,24.6,7.7,4.5,0.86,13,0,Low,Low
2026-08-03 13:00:00,river-zone,52,51.9,61,24.2,3.1,2.7,0.95,13,0,Low,Low
2026-08-03 13:00:00,bus-terminal,62,53.7,66,32.6,2.9,1.7,0.54,13,0,Low,Low
2026-08-03 13:15:00,central-junction,33,57.0,59,31.3,5.7,2.9,0.62,13,0,Low,Low
2026-08-03 13:15:00,railway-station,28,60.3,67,26.2,1.5,0.6,0.5,13,0,Low,Low
2026-08-03 13:15:00,airport-road,56,51.6,66,28.6,1.7,1.5,0.46,13,0,Low,Low
2026-08-03 13:15:00,industrial-area,32,55.3,82,25.0,2.5,1.4,0.47,13,0,Low,Low
2026-08-03 13:15:00,city-hospital,30,54.5,62,28.9,28.8,16.0,1.33,13,0,Low,Moderate
2026-08-03 13:15:00,residential-zone,57,49.7,73,22.1,8.8,6.3,0.83,13,0,Low,Low
2026-08-03 13:15:00,river-zone,24,57.7,55,26.5,7.7,3.7,1.08,13,0,Low,Low
2026-08-03 13:15:00,bus-terminal,55,54.1,83,32.4,8.9,3.9,0.66,13,0,Low,Low
2026-08-03 13:30:00,central-junction,32,57.9,42,21.7,8.2,6.5,0.87,13,0,Low,Low
2026-08-03 13:30:00,railway-station,26,60.3,68,33.8,1.1,0.9,0.51,13,0,Low,Low
2026-08-03 13:30:00,airport-road,65,51.0,72,29.5,1.2,0.9,0.53,13,0,Moderate,Low
2026-08-03 13:30:00,industrial-area,58,53.3,111,34.0,5.6,3.3,0.64,13,0,Low,Low
2026-08-03 13:30:00,city-hospital,52,51.0,80,23.2,5.0,4.0,0.52,13,0,Low,Low
2026-08-03 13:30:00,residential-zone,29,58.4,63,26.3,7.3,3.4,0.81,13,0,Low,Low
2026-08-03 13:30:00,river-zone,36,55.4,80,31.3,9.9,7.1,1.13,13,0,Low,Moderate
2026-08-03 13:30:00,bus-terminal,79,44.8,77,28.6,5.7,5.1,0.5,13,0,Moderate,Low
2026-08-03 13:45:00,central-junction,42,54.2,69,34.1,9.0,3.7,0.88,13,0,Low,Low
2026-08-03 13:45:00,railway-station,81,42.7,57,20.3,39.7,18.5,1.96,13,0,Moderate,High
2026-08-03 13:45:00,airport-road,51,53.1,68,32.6,3.3,2.8,0.69,13,0,Low,Low
2026-08-03 13:45:00,industrial-area,58,49.5,85,28.8,0.4,0.3,0.57,13,0,Low,Low
2026-08-03 13:45:00,city-hospital,30,56.2,74,35.2,4.4,1.8,0.52,13,0,Low,Low
2026-08-03 13:45:00,residential-zone,37,59.0,66,28.5,4.9,2.1,0.59,13,0,Low,Low
2026-08-03 13:45:00,river-zone,30,58.2,70,25.2,2.3,1.9,0.93,13,0,Low,Low
2026-08-03 13:45:00,bus-terminal,53,49.1,89,35.1,9.5,4.2,0.83,13,0,Low,Low
2026-08-03 14:00:00,central-junction,51,41.5,48,24.0,62.7,53.3,2.59,14,0,Moderate,Critical
2026-08-03 14:00:00,railway-station,40,56.1,78,33.5,10.0,4.9,0.83,14,0,Low,Low
2026-08-03 14:00:00,airport-road,41,56.1,66,25.2,9.8,8.5,0.77,14,0,Low,Low
2026-08-03 14:00:00,industrial-area,41,51.7,110,32.7,9.7,5.5,0.88,14,0,Low,Low
2026-08-03 14:00:00,city-hospital,43,53.1,67,33.7,5.6,2.8,0.68,14,0,Low,Low
2026-08-03 14:00:00,residential-zone,53,54.0,88,22.2,3.9,2.9,0.64,14,0,Low,Low
2026-08-03 14:00:00,river-zone,63,52.5,64,27.2,8.7,4.0,1.17,14,0,Low,Moderate
2026-08-03 14:00:00,bus-terminal,32,57.1,66,31.0,3.6,2.9,0.66,14,0,Low,Low
2026-08-03 14:15:00,central-junction,60,48.1,61,32.3,8.8,6.8,0.68,14,0,Moderate,Low
2026-08-03 14:15:00,railway-station,66,50.1,81,32.1,7.2,4.1,0.61,14,0,Moderate,Low
2026-08-03 14:15:00,airport-road,58,35.0,75,14.6,130.9,95.3,5.02,14,0,Moderate,Critical
2026-08-03 14:15:00,industrial-area,55,49.5,99,32.1,3.5,2.2,0.57,14,0,Low,Low
2026-08-03 14:15:00,city-hospital,35,53.6,48,31.5,5.5,2.8,0.66,14,0,Low,Low
2026-08-03 14:15:00,residential-zone,36,56.1,68,25.5,5.4,4.2,0.59,14,0,Low,Low
2026-08-03 14:15:00,river-zone,37,56.0,85,26.1,5.6,2.9,0.97,14,0,Low,Low
2026-08-03 14:15:00,bus-terminal,57,55.4,67,33.4,0.4,0.3,0.53,14,0,Low,Low
2026-08-03 14:30:00,central-junction,55,53.3,50,29.6,8.3,4.3,0.65,14,0,Low,Low
2026-08-03 14:30:00,railway-station,59,49.4,54,25.6,1.5,1.1,0.46,14,0,Low,Low
2026-08-03 14:30:00,airport-road,67,48.4,73,33.5,6.9,3.2,0.79,14,0,Moderate,Low
2026-08-03 14:30:00,industrial-area,25,56.4,107,29.6,1.2,0.9,0.41,14,0,Low,Low
2026-08-03 14:30:00,city-hospital,35,55.5,52,29.2,0.6,0.4,0.58,14,0,Low,Low
2026-08-03 14:30:00,residential-zone,33,59.3,49,31.1,5.1,4.5,0.73,14,0,Low,Low
2026-08-03 14:30:00,river-zone,29,59.2,81,27.4,2.8,1.3,0.89,14,0,Low,Low
2026-08-03 14:30:00,bus-terminal,30,57.9,82,34.4,2.5,2.0,0.52,14,0,Low,Low
2026-08-03 14:45:00,central-junction,56,49.0,82,22.5,7.5,6.7,0.84,14,0,Low,Low
2026-08-03 14:45:00,railway-station,33,57.5,87,26.8,3.8,1.6,0.49,14,0,Low,Low
2026-08-03 14:45:00,airport-road,42,49.1,77,24.4,37.9,21.7,1.8,14,0,Low,High
2026-08-03 14:45:00,industrial-area,33,50.5,82,21.8,29.6,11.9,1.47,14,0,Low,Moderate
2026-08-03 14:45:00,city-hospital,35,58.6,53,30.8,6.7,3.8,0.72,14,0,Low,Low
2026-08-03 14:45:00,residential-zone,51,55.3,51,32.4,9.2,7.1,0.92,14,0,Low,Low
2026-08-03 14:45:00,river-zone,16,60.4,57,34.5,8.8,5.3,1.12,14,0,Low,Moderate
2026-08-03 14:45:00,bus-terminal,54,53.8,57,34.4,3.6,1.9,0.58,14,0,Low,Low
2026-08-03 15:00:00,central-junction,78,43.5,67,32.3,38.3,31.5,1.85,15,0,Moderate,High
2026-08-03 15:00:00,railway-station,63,33.4,77,16.0,125.5,81.8,4.7,15,0,Moderate,Critical
2026-08-03 15:00:00,airport-road,24,59.0,68,28.0,3.1,1.5,0.46,15,0,Low,Low
2026-08-03 15:00:00,industrial-area,37,58.1,99,30.9,9.1,4.8,0.8,15,0,Low,Low
2026-08-03 15:00:00,city-hospital,28,54.9,53,26.8,7.8,3.5,0.77,15,0,Low,Low
2026-08-03 15:00:00,residential-zone,36,53.9,63,32.8,8.7,6.6,0.87,15,0,Low,Low
2026-08-03 15:00:00,river-zone,23,51.3,50,27.8,62.6,35.3,3.04,15,0,Low,Critical
2026-08-03 15:00:00,bus-terminal,51,53.2,77,32.6,1.1,0.8,0.51,15,0,Low,Low
2026-08-03 15:15:00,central-junction,78,48.0,82,31.2,6.5,5.8,0.74,15,0,Moderate,Low
2026-08-03 15:15:00,railway-station,49,54.2,64,31.7,6.1,3.2,0.73,15,0,Low,Low
2026-08-03 15:15:00,airport-road,65,32.0,72,14.4,114.3,97.2,4.5,15,0,Moderate,Critical
2026-08-03 15:15:00,industrial-area,39,56.9,122,26.7,0.7,0.4,0.56,15,0,Low,Low
2026-08-03 15:15:00,city-hospital,31,55.0,66,22.3,8.3,5.4,0.68,15,0,Low,Low
2026-08-03 15:15:00,residential-zone,40,57.9,50,35.1,0.7,0.4,0.51,15,0,Low,Low
2026-08-03 15:15:00,river-zone,36,55.6,78,26.9,3.0,2.0,1.01,15,0,Low,Low
2026-08-03 15:15:00,bus-terminal,31,56.5,64,28.4,3.5,2.4,0.49,15,0,Low,Low
2026-08-03 15:30:00,central-junction,34,57.7,73,33.4,0.5,0.3,0.5,15,0,Low,Low
2026-08-03 15:30:00,railway-station,69,50.3,83,25.1,9.8,4.4,0.86,15,0,Moderate,Low
2026-08-03 15:30:00,airport-road,28,55.5,46,27.4,2.5,1.1,0.63,15,0,Low,Low
2026-08-03 15:30:00,industrial-area,24,58.5,91,24.7,8.6,4.7,0.76,15,0,Low,Low
2026-08-03 15:30:00,city-hospital,36,54.4,60,35.5,4.3,2.7,0.61,15,0,Low,Low
2026-08-03 15:30:00,residential-zone,39,56.6,65,25.3,7.3,3.4,0.62,15,0,Low,Low
2026-08-03 15:30:00,river-zone,49,47.2,89,20.6,30.2,15.1,1.93,15,0,Low,High
2026-08-03 15:30:00,bus-terminal,47,56.0,74,25.9,8.4,5.8,0.74,15,0,Low,Low
2026-08-03 15:45:00,central-junction,30,58.3,64,34.6,1.4,1.0,0.52,15,0,Low,Low
2026-08-03 15:45:00,railway-station,54,43.8,75,29.7,58.2,44.4,2.38,15,0,Moderate,Critical
2026-08-03 15:45:00,airport-road,59,50.4,68,30.0,5.9,3.4,0.69,15,0,Low,Low
2026-08-03 15:45:00,industrial-area,45,52.2,62,31.6,8.4,6.3,0.6,15,0,Low,Low
2026-08-03 15:45:00,city-hospital,25,59.7,80,25.2,4.6,3.5,0.69,15,0,Low,Low
2026-08-03 15:45:00,residential-zone,41,56.0,76,34.0,1.2,0.9,0.6,15,0,Low,Low
2026-08-03 15:45:00,river-zone,26,57.7,74,24.6,3.6,3.0,0.78,15,0,Low,Low
2026-08-03 15:45:00,bus-terminal,43,54.7,80,35.5,1.3,0.8,0.51,15,0,Low,Low
2026-08-03 16:00:00,central-junction,57,51.8,81,29.3,8.9,5.9,0.68,16,0,Low,Low
2026-08-03 16:00:00,railway-station,35,58.9,62,28.5,7.0,5.3,0.69,16,0,Low,Low
2026-08-03 16:00:00,airport-road,49,51.4,82,33.8,9.4,7.7,0.68,16,0,Low,Low
2026-08-03 16:00:00,industrial-area,39,53.4,64,31.8,6.8,4.8,0.68,16,0,Low,Low
2026-08-03 16:00:00,city-hospital,23,58.3,55,28.4,0.2,0.1,0.53,16,0,Low,Low
2026-08-03 16:00:00,residential-zone,46,55.3,73,30.4,6.1,5.2,0.66,16,0,Low,Low
2026-08-03 16:00:00,river-zone,32,56.2,70,25.1,6.8,2.7,1.06,16,0,Low,Low
2026-08-03 16:00:00,bus-terminal,47,53.6,45,23.0,4.2,1.8,0.51,16,0,Low,Low
2026-08-03 16:15:00,central-junction,41,57.0,69,27.0,1.9,1.4,0.61,16,0,Low,Low
2026-08-03 16:15:00,railway-station,35,59.0,65,30.9,5.0,2.2,0.75,16,0,Low,Low
2026-08-03 16:15:00,airport-road,18,61.3,74,34.0,4.5,2.8,0.53,16,0,Low,Low
2026-08-03 16:15:00,industrial-area,51,50.9,100,24.7,1.2,0.6,0.51,16,0,Low,Low
2026-08-03 16:15:00,city-hospital,41,43.6,77,23.8,72.2,33.3,2.9,16,0,Low,Critical
2026-08-03 16:15:00,residential-zone,48,55.5,70,33.3,9.5,3.8,0.71,16,0,Low,Low
2026-08-03 16:15:00,river-zone,58,51.4,86,25.7,2.8,1.8,0.84,16,0,Low,Low
2026-08-03 16:15:00,bus-terminal,43,56.5,75,23.4,0.6,0.3,0.36,16,0,Low,Low
2026-08-03 16:30:00,central-junction,43,55.9,71,31.3,4.1,2.5,0.48,16,0,Low,Low
2026-08-03 16:30:00,railway-station,54,52.3,64,35.0,7.4,5.1,0.85,16,0,Low,Low
2026-08-03 16:30:00,airport-road,26,58.6,58,23.6,7.8,4.8,0.68,16,0,Low,Low
2026-08-03 16:30:00,industrial-area,62,52.6,63,22.1,1.0,0.9,0.34,16,0,Low,Low
2026-08-03 16:30:00,city-hospital,31,60.3,55,21.7,5.7,2.7,0.51,16,0,Low,Low
2026-08-03 16:30:00,residential-zone,51,56.2,93,30.1,0.8,0.4,0.35,16,0,Low,Low
2026-08-03 16:30:00,river-zone,54,54.1,59,32.4,4.9,3.0,0.9,16,0,Low,Low
2026-08-03 16:30:00,bus-terminal,64,49.0,84,29.0,1.7,1.0,0.52,16,0,Moderate,Low
2026-08-03 16:45:00,central-junction,59,53.9,90,34.6,1.5,1.0,0.63,16,0,Low,Low
2026-08-03 16:45:00,railway-station,50,54.1,49,33.0,0.7,0.6,0.57,16,0,Low,Low
2026-08-03 16:45:00,airport-road,23,56.2,75,27.2,7.6,6.2,0.77,16,0,Low,Low
2026-08-03 16:45:00,industrial-area,41,52.8,70,29.4,8.5,3.4,0.75,16,0,Low,Low
2026-08-03 16:45:00,city-hospital,34,58.3,48,31.2,7.3,3.7,0.8,16,0,Low,Low
2026-08-03 16:45:00,residential-zone,39,48.1,59,28.7,70.8,59.0,2.85,16,0,Low,Critical
2026-08-03 16:45:00,river-zone,43,58.0,56,32.9,0.8,0.5,0.69,16,0,Low,Low
2026-08-03 16:45:00,bus-terminal,65,52.5,64,32.0,7.4,4.9,0.81,16,0,Moderate,Low
2026-08-03 17:00:00,central-junction,128,34.3,110,34.6,4.8,3.3,0.69,17,0,High,Low
2026-08-03 17:00:00,railway-station,93,45.0,71,28.9,0.4,0.3,0.38,17,0,Moderate,Low
2026-08-03 17:00:00,airport-road,101,41.0,77,22.6,8.6,3.4,0.63,17,0,Moderate,Low
2026-08-03 17:00:00,industrial-area,94,41.0,116,23.3,2.3,1.7,0.45,17,0,Moderate,Low
2026-08-03 17:00:00,city-hospital,170,25.9,109,27.3,9.6,5.6,0.81,17,0,Critical,Low
2026-08-03 17:00:00,residential-zone,108,33.5,79,20.0,66.0,37.7,2.73,17,0,High,Critical
2026-08-03 17:00:00,river-zone,82,48.4,81,30.7,9.7,8.3,1.08,17,0,Moderate,Moderate
2026-08-03 17:00:00,bus-terminal,205,18.9,106,28.9,4.0,2.6,0.47,17,0,Critical,Low
2026-08-03 17:15:00,central-junction,89,44.1,75,28.7,9.0,4.0,0.82,17,0,Moderate,Low
2026-08-03 17:15:00,railway-station,90,39.2,82,21.2,57.9,35.6,2.59,17,0,Moderate,Critical
2026-08-03 17:15:00,airport-road,73,47.8,92,28.0,6.3,4.9,0.8,17,0,Moderate,Low
2026-08-03 17:15:00,industrial-area,136,35.8,110,31.5,0.7,0.4,0.54,17,0,High,Low
2026-08-03 17:15:00,city-hospital,66,46.9,63,35.0,9.5,5.9,0.8,17,0,Moderate,Low
2026-08-03 17:15:00,residential-zone,96,41.0,80,23.1,6.7,4.4,0.68,17,0,Moderate,Low
2026-08-03 17:15:00,river-zone,71,50.6,95,32.9,2.3,1.9,0.89,17,0,Moderate,Low
2026-08-03 17:15:00,bus-terminal,184,7.2,85,19.6,115.7,73.9,4.58,17,0,Critical,Critical
2026-08-03 17:30:00,central-junction,96,42.5,63,35.9,0.4,0.2,0.49,17,0,Moderate,Low
2026-08-03 17:30:00,railway-station,150,33.1,110,29.3,3.7,1.9,0.72,17,0,High,Low
2026-08-03 17:30:00,airport-road,116,41.9,65,25.7,3.0,1.9,0.68,17,0,Moderate,Low
2026-08-03 17:30:00,industrial-area,108,39.3,85,31.3,4.9,2.4,0.76,17,0,Moderate,Low
2026-08-03 17:30:00,city-hospital,59,50.1,84,29.2,8.9,5.2,0.73,17,0,Low,Low
2026-08-03 17:30:00,residential-zone,105,40.8,71,34.7,7.6,3.9,0.8,17,0,Moderate,Low
2026-08-03 17:30:00,river-zone,110,39.6,76,33.1,24.4,11.5,1.68,17,0,Moderate,Moderate
2026-08-03 17:30:00,bus-terminal,126,35.6,81,22.8,0.4,0.3,0.38,17,0,High,Low
2026-08-03 17:45:00,central-junction,133,35.5,82,24.1,8.8,5.0,0.71,17,0,High,Low
2026-08-03 17:45:00,railway-station,135,37.3,96,24.9,5.6,2.7,0.75,17,0,High,Low
2026-08-03 17:45:00,airport-road,84,45.2,80,27.6,1.6,1.1,0.57,17,0,Moderate,Low
2026-08-03 17:45:00,industrial-area,123,35.2,95,30.0,3.9,2.3,0.54,17,0,High,Low
2026-08-03 17:45:00,city-hospital,78,48.2,86,24.2,5.1,3.9,0.76,17,0,Moderate,Low
2026-08-03 17:45:00,residential-zone,148,12.8,63,22.6,127.9,54.1,4.98,17,0,Critical,Critical
2026-08-03 17:45:00,river-zone,109,37.6,102,31.1,5.9,3.3,1.1,17,0,Moderate,Low
2026-08-03 17:45:00,bus-terminal,116,38.8,101,33.4,3.1,2.7,0.51,17,0,Moderate,Low
2026-08-03 18:00:00,central-junction,164,25.5,106,24.2,9.7,4.5,0.64,18,0,Critical,Low
2026-08-03 18:00:00,railway-station,157,31.7,97,27.1,0.9,0.7,0.59,18,0,High,Low
2026-08-03 18:00:00,airport-road,111,42.0,72,31.1,6.2,4.3,0.63,18,0,Moderate,Low
2026-08-03 18:00:00,industrial-area,71,48.8,106,30.7,8.2,7.3,0.68,18,0,Moderate,Low
2026-08-03 18:00:00,city-hospital,69,48.5,80,22.1,9.3,8.2,0.72,18,0,Moderate,Low
2026-08-03 18:00:00,residential-zone,106,39.9,95,25.5,1.2,0.5,0.4,18,0,Moderate,Low
2026-08-03 18:00:00,river-zone,63,51.7,52,26.2,8.9,3.8,1.04,18,0,Low,Low
2026-08-03 18:00:00,bus-terminal,94,46.0,97,30.0,0.4,0.2,0.44,18,0,Moderate,Low
2026-08-03 18:15:00,central-junction,195,21.1,98,31.3,5.5,3.6,0.76,18,0,Critical,Low
2026-08-03 18:15:00,railway-station,97,41.6,96,28.2,1.9,1.0,0.55,18,0,Moderate,Low
2026-08-03 18:15:00,airport-road,101,44.4,82,29.3,2.1,1.5,0.46,18,0,Moderate,Low
2026-08-03 18:15:00,industrial-area,68,48.5,100,32.3,0.7,0.4,0.52,18,0,Moderate,Low
2026-08-03 18:15:00,city-hospital,88,39.0,84,21.5,33.7,21.4,1.75,18,0,Moderate,High
2026-08-03 18:15:00,residential-zone,68,48.3,79,29.8,9.8,6.8,0.78,18,0,Moderate,Low
2026-08-03 18:15:00,river-zone,69,48.8,91,32.6,2.2,1.3,0.8,18,0,Moderate,Low
2026-08-03 18:15:00,bus-terminal,153,27.8,84,24.1,9.5,6.9,0.92,18,0,High,Low
2026-08-03 18:30:00,central-junction,187,15.0,89,23.7,54.0,35.4,2.3,18,0,Critical,High
2026-08-03 18:30:00,railway-station,67,52.5,69,26.1,2.7,2.0,0.55,18,0,Moderate,Low
2026-08-03 18:30:00,airport-road,99,41.1,99,31.7,7.5,6.6,0.59,18,0,Moderate,Low
2026-08-03 18:30:00,industrial-area,88,40.0,112,21.2,24.4,10.2,1.21,18,0,Moderate,Moderate
2026-08-03 18:30:00,city-hospital,91,41.7,74,22.6,9.8,6.1,0.87,18,0,Moderate,Low
2026-08-03 18:30:00,residential-zone,81,46.8,60,34.4,7.6,4.5,0.65,18,0,Moderate,Low
2026-08-03 18:30:00,river-zone,107,40.0,99,21.4,8.1,4.1,1.12,18,0,Moderate,Low
2026-08-03 18:30:00,bus-terminal,149,17.2,90,19.3,86.5,35.4,3.52,18,0,Critical,Critical
2026-08-03 18:45:00,central-junction,128,34.0,92,34.7,9.9,7.8,0.68,18,0,High,Low
2026-08-03 18:45:00,railway-station,87,46.3,54,27.9,5.9,2.7,0.57,18,0,Moderate,Low
2026-08-03 18:45:00,airport-road,88,42.9,94,30.1,2.4,2.2,0.61,18,0,Moderate,Low
2026-08-03 18:45:00,industrial-area,151,16.2,107,14.6,108.0,64.1,4.35,18,0,Critical,Critical
2026-08-03 18:45:00,city-hospital,131,34.3,94,29.8,6.4,2.8,0.78,18,0,High,Low
2026-08-03 18:45:00,residential-zone,115,21.5,64,24.3,118.8,73.2,4.65,18,0,High,Critical
2026-08-03 18:45:00,river-zone,85,46.9,78,34.9,5.3,2.4,1.07,18,0,Moderate,Low
2026-08-03 18:45:00,bus-terminal,137,37.1,96,29.7,0.7,0.3,0.59,18,0,High,Low
2026-08-03 19:00:00,central-junction,168,24.6,108,34.4,9.3,5.1,0.72,19,0,Critical,Low
2026-08-03 19:00:00,railway-station,202,12.3,123,20.9,48.0,30.1,2.1,19,0,Critical,High
2026-08-03 19:00:00,airport-road,114,38.5,95,27.1,4.1,3.6,0.6,19,0,Moderate,Low
2026-08-03 19:00:00,industrial-area,77,44.4,98,30.2,9.0,5.5,0.81,19,0,Moderate,Low
2026-08-03 19:00:00,city-hospital,60,51.7,53,35.1,9.1,4.3,0.8,19,0,Low,Low
2026-08-03 19:00:00,residential-zone,71,48.8,72,23.7,7.5,4.5,0.64,19,0,Moderate,Low
2026-08-03 19:00:00,river-zone,105,42.1,80,26.6,3.3,2.5,0.89,19,0,Moderate,Low
2026-08-03 19:00:00,bus-terminal,168,24.3,95,32.9,4.8,2.1,0.76,19,0,Critical,Low
2026-08-03 19:15:00,central-junction,110,39.0,80,30.8,7.5,3.4,0.71,19,0,Moderate,Low
2026-08-03 19:15:00,railway-station,190,23.6,89,23.7,5.5,2.9,0.62,19,0,Critical,Low
2026-08-03 19:15:00,airport-road,100,42.4,89,30.9,2.0,1.6,0.55,19,0,Moderate,Low
2026-08-03 19:15:00,industrial-area,117,39.2,107,30.8,7.7,3.3,0.71,19,0,Moderate,Low
2026-08-03 19:15:00,city-hospital,81,47.1,94,35.6,1.6,1.3,0.57,19,0,Moderate,Low
2026-08-03 19:15:00,residential-zone,123,37.2,73,32.0,0.4,0.3,0.32,19,0,High,Low
2026-08-03 19:15:00,river-zone,89,44.3,84,21.8,5.8,4.6,1.06,19,0,Moderate,Low
2026-08-03 19:15:00,bus-terminal,163,25.4,80,34.5,9.4,4.4,0.88,19,0,Critical,Low
2026-08-03 19:30:00,central-junction,116,41.1,111,33.2,1.5,1.3,0.37,19,0,Moderate,Low
2026-08-03 19:30:00,railway-station,151,30.1,96,26.0,2.5,2.2,0.63,19,0,High,Low
2026-08-03 19:30:00,airport-road,96,40.6,98,31.5,9.4,4.8,0.87,19,0,Moderate,Low
2026-08-03 19:30:00,industrial-area,64,50.8,68,29.1,4.5,2.4,0.54,19,0,Moderate,Low
2026-08-03 19:30:00,city-hospital,56,47.0,78,30.9,29.7,14.3,1.47,19,0,Low,Moderate
2026-08-03 19:30:00,residential-zone,125,21.2,71,18.4,113.9,67.6,4.29,19,0,Critical,Critical
2026-08-03 19:30:00,river-zone,103,43.5,75,30.5,5.8,3.6,1.06,19,0,Moderate,Low
2026-08-03 19:30:00,bus-terminal,88,43.6,99,26.9,8.1,4.1,0.86,19,0,Moderate,Low
2026-08-03 19:45:00,central-junction,65,48.4,80,30.2,2.6,2.3,0.39,19,0,Moderate,Low
2026-08-03 19:45:00,railway-station,205,16.6,96,33.9,6.9,5.7,0.74,19,0,Critical,Low
2026-08-03 19:45:00,airport-road,85,45.6,101,26.0,3.7,3.2,0.5,19,0,Moderate,Low
2026-08-03 19:45:00,industrial-area,100,39.7,91,34.6,3.5,2.2,0.71,19,0,Moderate,Low
2026-08-03 19:45:00,city-hospital,99,40.5,90,22.0,4.7,3.8,0.54,19,0,Moderate,Low
2026-08-03 19:45:00,residential-zone,106,38.3,96,27.4,2.9,1.6,0.6,19,0,Moderate,Low
2026-08-03 19:45:00,river-zone,101,45.0,78,27.9,0.4,0.3,0.91,19,0,Moderate,Low
2026-08-03 19:45:00,bus-terminal,99,29.6,84,18.0,88.6,50.1,3.42,19,0,High,Critical
2026-08-03 20:00:00,central-junction,153,16.8,70,14.4,105.3,71.4,4.1,20,0,Critical,Critical
2026-08-03 20:00:00,railway-station,105,41.3,93,34.3,4.1,1.9,0.68,20,0,Moderate,Low
2026-08-03 20:00:00,airport-road,93,43.9,87,33.9,4.9,3.6,0.74,20,0,Moderate,Low
2026-08-03 20:00:00,industrial-area,56,50.9,82,30.5,5.3,4.3,0.66,20,0,Low,Low
2026-08-03 20:00:00,city-hospital,87,41.6,81,22.1,9.1,5.4,0.76,20,0,Moderate,Low
2026-08-03 20:00:00,residential-zone,104,31.9,70,24.1,54.9,31.9,2.47,20,0,High,Critical
2026-08-03 20:00:00,river-zone,67,47.2,79,30.2,7.2,3.5,0.94,20,0,Moderate,Low
2026-08-03 20:00:00,bus-terminal,188,25.7,100,23.4,4.2,2.7,0.62,20,0,Critical,Low
2026-08-03 20:15:00,central-junction,137,33.0,88,22.1,3.7,2.8,0.56,20,0,High,Low
2026-08-03 20:15:00,railway-station,88,43.4,82,35.4,7.4,5.8,0.81,20,0,Moderate,Low
2026-08-03 20:15:00,airport-road,96,44.5,91,25.7,2.7,1.3,0.43,20,0,Moderate,Low
2026-08-03 20:15:00,industrial-area,102,42.4,115,31.7,10.0,6.2,0.85,20,0,Moderate,Low
2026-08-03 20:15:00,city-hospital,128,28.1,81,19.2,38.6,24.7,1.77,20,0,High,High
2026-08-03 20:15:00,residential-zone,73,28.5,58,24.5,117.9,96.6,4.71,20,0,Moderate,Critical
2026-08-03 20:15:00,river-zone,64,44.0,77,26.7,56.5,23.8,2.71,20,0,Moderate,Critical
2026-08-03 20:15:00,bus-terminal,99,43.6,85,29.7,6.4,3.1,0.62,20,0,Moderate,Low
2026-08-03 20:30:00,central-junction,179,23.4,107,25.7,2.3,2.0,0.5,20,0,Critical,Low
2026-08-03 20:30:00,railway-station,167,28.0,106,24.1,0.1,0.1,0.32,20,0,High,Low
2026-08-03 20:30:00,airport-road,107,39.7,66,25.2,6.7,3.4,0.67,20,0,Moderate,Low
2026-08-03 20:30:00,industrial-area,152,33.0,123,27.5,4.7,3.8,0.73,20,0,High,Low
2026-08-03 20:30:00,city-hospital,103,38.7,84,29.1,6.2,3.7,0.59,20,0,Moderate,Low
2026-08-03 20:30:00,residential-zone,85,42.6,76,25.1,8.5,6.2,0.74,20,0,Moderate,Low
2026-08-03 20:30:00,river-zone,60,53.4,85,35.6,4.3,2.0,0.95,20,0,Low,Low
2026-08-03 20:30:00,bus-terminal,118,38.6,64,33.9,7.7,6.4,0.65,20,0,Moderate,Low
2026-08-03 20:45:00,central-junction,125,30.0,91,31.4,39.7,25.6,1.85,20,0,High,High
2026-08-03 20:45:00,railway-station,90,45.5,94,30.0,1.0,0.9,0.56,20,0,Moderate,Low
2026-08-03 20:45:00,airport-road,108,37.6,78,25.5,8.3,6.3,0.61,20,0,Moderate,Low
2026-08-03 20:45:00,industrial-area,70,43.6,107,20.0,43.6,20.6,1.89,20,0,Moderate,High
2026-08-03 20:45:00,city-hospital,52,55.2,73,29.9,1.3,0.6,0.51,20,0,Low,Low
2026-08-03 20:45:00,residential-zone,81,43.7,55,24.9,7.7,5.8,0.72,20,0,Moderate,Low
2026-08-03 20:45:00,river-zone,138,31.4,103,31.9,6.2,4.2,1.01,20,0,High,Low
2026-08-03 20:45:00,bus-terminal,141,32.5,87,25.0,5.0,3.8,0.64,20,0,High,Low
2026-08-03 21:00:00,central-junction,64,49.8,84,23.5,1.7,1.5,0.41,21,0,Moderate,Low
2026-08-03 21:00:00,railway-station,46,55.8,89,24.8,0.6,0.5,0.41,21,0,Low,Low
2026-08-03 21:00:00,airport-road,25,58.1,51,27.1,4.5,1.9,0.66,21,0,Low,Low
2026-08-03 21:00:00,industrial-area,40,56.1,90,23.7,0.6,0.4,0.34,21,0,Low,Low
2026-08-03 21:00:00,city-hospital,61,51.3,67,31.9,3.3,1.6,0.53,21,0,Low,Low
2026-08-03 21:00:00,residential-zone,19,50.8,73,25.3,70.9,30.2,3.07,21,0,Low,Critical
2026-08-03 21:00:00,river-zone,18,41.6,64,18.6,133.3,111.8,5.52,21,0,Low,Critical
2026-08-03 21:00:00,bus-terminal,39,56.0,77,31.1,0.8,0.4,0.46,21,0,Low,Low
2026-08-03 21:15:00,central-junction,44,54.0,80,34.6,7.0,6.2,0.78,21,0,Low,Low
2026-08-03 21:15:00,railway-station,41,45.6,63,18.2,75.0,47.7,2.94,21,0,Low,Critical
2026-08-03 21:15:00,airport-road,30,54.4,64,34.4,9.5,5.1,0.73,21,0,Low,Low
2026-08-03 21:15:00,industrial-area,33,55.5,108,34.5,2.8,2.3,0.65,21,0,Low,Low
2026-08-03 21:15:00,city-hospital,67,50.0,84,26.1,9.9,7.7,0.84,21,0,Moderate,Low
2026-08-03 21:15:00,residential-zone,47,52.2,62,29.1,4.9,3.2,0.64,21,0,Low,Low
2026-08-03 21:15:00,river-zone,31,58.0,76,23.8,6.2,4.3,1.14,21,0,Low,Low
2026-08-03 21:15:00,bus-terminal,41,57.5,45,28.6,0.1,0.1,0.41,21,0,Low,Low
2026-08-03 21:30:00,central-junction,61,53.6,65,34.8,3.1,1.4,0.67,21,0,Low,Low
2026-08-03 21:30:00,railway-station,34,58.8,65,30.6,9.5,4.4,0.67,21,0,Low,Low
2026-08-03 21:30:00,airport-road,36,54.1,47,21.6,6.0,4.0,0.57,21,0,Low,Low
2026-08-03 21:30:00,industrial-area,37,56.4,85,34.3,9.5,5.7,0.85,21,0,Low,Low
2026-08-03 21:30:00,city-hospital,20,57.9,42,24.5,8.2,5.8,0.87,21,0,Low,Low
2026-08-03 21:30:00,residential-zone,48,54.7,66,27.8,9.9,6.6,0.86,21,0,Low,Low
2026-08-03 21:30:00,river-zone,46,51.9,74,29.4,7.3,3.0,1.18,21,0,Low,Moderate
2026-08-03 21:30:00,bus-terminal,45,54.0,48,28.3,8.1,4.6,0.73,21,0,Low,Low
2026-08-03 21:45:00,central-junction,42,52.4,77,21.6,6.4,3.6,0.6,21,0,Low,Low
2026-08-03 21:45:00,railway-station,68,48.5,88,25.5,9.5,6.2,0.88,21,0,Moderate,Low
2026-08-03 21:45:00,airport-road,41,56.3,51,27.7,2.6,2.0,0.67,21,0,Low,Low
2026-08-03 21:45:00,industrial-area,35,55.4,76,23.2,1.7,1.5,0.43,21,0,Low,Low
2026-08-03 21:45:00,city-hospital,36,56.6,63,34.4,6.9,3.7,0.74,21,0,Low,Low
2026-08-03 21:45:00,residential-zone,38,39.8,52,15.6,109.7,69.7,4.18,21,0,Low,Critical
2026-08-03 21:45:00,river-zone,36,56.4,49,25.3,3.5,1.8,0.93,21,0,Low,Low
2026-08-03 21:45:00,bus-terminal,44,54.8,52,27.1,7.7,6.2,0.58,21,0,Low,Low
2026-08-03 22:00:00,central-junction,43,43.5,71,23.1,66.5,41.8,2.9,22,0,Low,Critical
2026-08-03 22:00:00,railway-station,44,51.9,52,31.2,8.2,5.4,0.86,22,0,Low,Low
2026-08-03 22:00:00,airport-road,18,50.8,46,25.9,50.8,39.3,2.29,22,0,Low,High
2026-08-03 22:00:00,industrial-area,52,52.4,107,32.5,4.9,4.0,0.69,22,0,Low,Low
2026-08-03 22:00:00,city-hospital,35,59.2,77,24.7,2.9,1.9,0.47,22,0,Low,Low
2026-08-03 22:00:00,residential-zone,41,49.0,74,20.4,58.8,52.5,2.5,22,0,Low,Critical
2026-08-03 22:00:00,river-zone,37,53.2,90,29.6,6.4,5.3,1.11,22,0,Low,Low
2026-08-03 22:00:00,bus-terminal,50,35.3,59,17.1,130.5,107.9,4.95,22,0,Moderate,Critical
2026-08-03 22:15:00,central-junction,54,48.2,81,23.1,50.6,36.6,2.19,22,0,Moderate,High
2026-08-03 22:15:00,railway-station,50,50.1,70,24.5,7.1,4.2,0.82,22,0,Low,Low
2026-08-03 22:15:00,airport-road,63,53.5,81,34.8,2.1,1.8,0.54,22,0,Low,Low
2026-08-03 22:15:00,industrial-area,22,56.2,93,28.8,23.9,12.2,1.26,22,0,Low,Moderate
2026-08-03 22:15:00,city-hospital,31,60.6,59,28.4,3.0,2.3,0.51,22,0,Low,Low
2026-08-03 22:15:00,residential-zone,22,61.0,73,27.1,7.6,6.0,0.73,22,0,Low,Low
2026-08-03 22:15:00,river-zone,38,56.7,81,27.8,1.8,0.9,0.94,22,0,Low,Low
2026-08-03 22:15:00,bus-terminal,38,54.2,42,27.3,8.6,3.8,0.84,22,0,Low,Low
2026-08-03 22:30:00,central-junction,52,53.0,61,29.1,2.1,1.3,0.51,22,0,Low,Low
2026-08-03 22:30:00,railway-station,54,46.1,56,28.0,65.3,36.2,2.79,22,0,Moderate,Critical
2026-08-03 22:30:00,airport-road,46,34.1,50,17.9,126.8,88.1,4.84,22,0,Moderate,Critical
2026-08-03 22:30:00,industrial-area,41,52.1,79,24.7,8.0,3.7,0.64,22,0,Low,Low
2026-08-03 22:30:00,city-hospital,45,55.9,74,27.2,2.1,1.4,0.4,22,0,Low,Low
2026-08-03 22:30:00,residential-zone,25,61.0,74,29.7,6.9,3.6,0.59,22,0,Low,Low
2026-08-03 22:30:00,river-zone,36,56.4,70,32.4,8.9,5.0,1.1,22,0,Low,Moderate
2026-08-03 22:30:00,bus-terminal,50,54.1,71,25.7,3.3,1.9,0.55,22,0,Low,Low
2026-08-03 22:45:00,central-junction,38,48.6,72,27.4,38.6,32.9,1.95,22,0,Low,High
2026-08-03 22:45:00,railway-station,60,50.1,62,32.7,26.4,21.6,1.46,22,0,Low,Moderate
2026-08-03 22:45:00,airport-road,34,59.1,84,30.5,0.5,0.4,0.5,22,0,Low,Low
2026-08-03 22:45:00,industrial-area,31,55.4,65,28.5,2.6,2.0,0.4,22,0,Low,Low
2026-08-03 22:45:00,city-hospital,31,57.1,79,26.9,5.5,2.7,0.55,22,0,Low,Low
2026-08-03 22:45:00,residential-zone,59,48.5,51,29.2,4.4,2.3,0.75,22,0,Low,Low
2026-08-03 22:45:00,river-zone,32,56.9,67,34.1,6.4,2.9,1.16,22,0,Low,Low
2026-08-03 22:45:00,bus-terminal,26,57.2,52,35.4,6.7,3.7,0.69,22,0,Low,Low
2026-08-03 23:00:00,central-junction,50,50.1,76,28.1,7.0,5.6,0.69,23,0,Low,Low
2026-08-03 23:00:00,railway-station,32,38.8,45,26.2,119.2,86.7,4.61,23,0,Low,Critical
2026-08-03 23:00:00,airport-road,53,51.9,61,33.9,0.5,0.3,0.47,23,0,Low,Low
2026-08-03 23:00:00,industrial-area,37,55.9,89,22.0,7.6,4.6,0.81,23,0,Low,Low
2026-08-03 23:00:00,city-hospital,41,53.7,61,24.0,3.5,2.8,0.47,23,0,Low,Low
2026-08-03 23:00:00,residential-zone,25,52.0,72,27.2,34.7,24.8,1.56,23,0,Low,Moderate
2026-08-03 23:00:00,river-zone,28,60.1,54,25.9,5.5,2.4,1.04,23,0,Low,Low
2026-08-03 23:00:00,bus-terminal,58,53.7,80,22.9,6.1,3.0,0.75,23,0,Low,Low
2026-08-03 23:15:00,central-junction,43,56.1,61,31.4,0.6,0.5,0.43,23,0,Low,Low
2026-08-03 23:15:00,railway-station,45,53.3,79,27.4,0.9,0.4,0.44,23,0,Low,Low
2026-08-03 23:15:00,airport-road,22,62.2,48,26.9,4.1,2.0,0.65,23,0,Low,Low
2026-08-03 23:15:00,industrial-area,37,54.7,82,33.5,8.2,4.6,0.74,23,0,Low,Low
2026-08-03 23:15:00,city-hospital,37,58.6,53,28.7,8.1,6.8,0.79,23,0,Low,Low
2026-08-03 23:15:00,residential-zone,39,53.0,77,25.1,8.8,4.7,0.86,23,0,Low,Low
2026-08-03 23:15:00,river-zone,41,37.5,57,20.4,114.6,99.1,4.73,23,0,Low,Critical
2026-08-03 23:15:00,bus-terminal,50,50.5,78,26.3,24.7,16.2,1.38,23,0,Low,Moderate
2026-08-03 23:30:00,central-junction,50,34.9,51,15.1,138.1,92.2,5.21,23,0,Moderate,Critical
2026-08-03 23:30:00,railway-station,53,50.4,51,27.6,9.1,7.3,0.62,23,0,Low,Low
2026-08-03 23:30:00,airport-road,55,49.6,78,28.0,9.6,6.4,0.93,23,0,Low,Low
2026-08-03 23:30:00,industrial-area,40,54.1,72,30.8,6.1,3.7,0.53,23,0,Low,Low
2026-08-03 23:30:00,city-hospital,48,56.2,45,32.2,2.9,1.6,0.41,23,0,Low,Low
2026-08-03 23:30:00,residential-zone,47,35.7,57,14.6,114.9,56.9,4.57,23,0,Moderate,Critical
2026-08-03 23:30:00,river-zone,56,50.7,82,29.5,9.9,4.4,1.16,23,0,Low,Moderate
2026-08-03 23:30:00,bus-terminal,60,50.9,59,27.9,1.0,0.8,0.5,23,0,Low,Low
2026-08-03 23:45:00,central-junction,44,57.8,85,29.4,2.5,2.1,0.44,23,0,Low,Low
2026-08-03 23:45:00,railway-station,44,53.0,56,27.7,9.0,5.1,0.84,23,0,Low,Low
2026-08-03 23:45:00,airport-road,32,54.0,75,33.0,8.5,6.5,0.86,23,0,Low,Low
2026-08-03 23:45:00,industrial-area,33,59.3,94,32.7,9.5,7.5,0.72,23,0,Low,Low
2026-08-03 23:45:00,city-hospital,60,49.9,69,24.3,4.4,1.9,0.74,23,0,Low,Low
2026-08-03 23:45:00,residential-zone,41,56.6,81,33.4,3.6,1.5,0.45,23,0,Low,Low
2026-08-03 23:45:00,river-zone,31,48.7,62,29.3,45.8,21.6,2.26,23,0,Low,High
2026-08-03 23:45:00,bus-terminal,41,55.7,63,28.6,6.8,3.0,0.81,23,0,Low,Low
2026-08-04 00:00:00,central-junction,66,44.9,53,24.2,38.2,31.0,1.9,0,1,Moderate,High
2026-08-04 00:00:00,railway-station,43,48.4,69,22.8,43.1,29.1,1.85,0,1,Low,High
2026-08-04 00:00:00,airport-road,25,53.7,62,28.3,21.7,12.5,1.11,0,1,Low,Moderate
2026-08-04 00:00:00,industrial-area,60,49.2,106,34.8,6.5,4.6,0.78,0,1,Low,Low
2026-08-04 00:00:00,city-hospital,34,58.5,81,35.6,1.0,0.4,0.45,0,1,Low,Low
2026-08-04 00:00:00,residential-zone,38,54.4,77,22.2,7.2,6.3,0.79,0,1,Low,Low
2026-08-04 00:00:00,river-zone,26,60.4,61,34.7,6.8,4.6,1.01,0,1,Low,Low
2026-08-04 00:00:00,bus-terminal,65,46.2,46,28.8,39.6,18.3,1.93,0,1,Moderate,High
2026-08-04 00:15:00,central-junction,50,51.7,48,30.9,2.1,0.9,0.48,0,1,Low,Low
2026-08-04 00:15:00,railway-station,30,57.2,71,26.8,8.0,6.1,0.82,0,1,Low,Low
2026-08-04 00:15:00,airport-road,21,52.5,52,31.3,36.7,32.5,1.67,0,1,Low,High
2026-08-04 00:15:00,industrial-area,35,60.0,89,24.2,2.2,1.3,0.43,0,1,Low,Low
2026-08-04 00:15:00,city-hospital,30,56.8,43,25.3,4.7,2.3,0.74,0,1,Low,Low
2026-08-04 00:15:00,residential-zone,45,55.3,75,31.6,4.1,1.8,0.5,0,1,Low,Low
2026-08-04 00:15:00,river-zone,40,57.6,86,25.2,2.7,1.3,1.0,0,1,Low,Low
2026-08-04 00:15:00,bus-terminal,39,57.0,66,34.4,6.2,3.9,0.59,0,1,Low,Low
2026-08-04 00:30:00,central-junction,43,51.4,76,31.1,8.2,4.7,0.82,0,1,Low,Low
2026-08-04 00:30:00,railway-station,63,49.2,62,32.4,5.0,3.7,0.59,0,1,Moderate,Low
2026-08-04 00:30:00,airport-road,67,52.3,60,29.9,0.6,0.3,0.58,0,1,Moderate,Low
2026-08-04 00:30:00,industrial-area,24,61.2,88,22.3,2.8,1.7,0.63,0,1,Low,Low
2026-08-04 00:30:00,city-hospital,46,53.8,68,24.4,9.7,8.1,0.75,0,1,Low,Low
2026-08-04 00:30:00,residential-zone,32,58.8,41,25.4,6.6,3.8,0.61,0,1,Low,Low
2026-08-04 00:30:00,river-zone,34,49.7,58,31.5,48.0,25.9,2.56,0,1,Low,High
2026-08-04 00:30:00,bus-terminal,54,53.7,79,25.1,3.3,2.3,0.65,0,1,Low,Low
2026-08-04 00:45:00,central-junction,48,52.8,47,28.5,0.8,0.4,0.46,0,1,Low,Low
2026-08-04 00:45:00,railway-station,62,53.0,93,23.4,2.7,1.5,0.58,0,1,Low,Low
2026-08-04 00:45:00,airport-road,37,55.1,61,27.7,8.4,4.3,0.69,0,1,Low,Low
2026-08-04 00:45:00,industrial-area,58,43.4,100,18.9,48.6,29.4,2.16,0,1,Moderate,High
2026-08-04 00:45:00,city-hospital,34,58.8,48,24.9,9.0,6.1,0.67,0,1,Low,Low
2026-08-04 00:45:00,residential-zone,21,58.5,59,23.9,6.3,4.9,0.56,0,1,Low,Low
2026-08-04 00:45:00,river-zone,38,53.6,58,33.6,3.3,1.6,0.84,0,1,Low,Low
2026-08-04 00:45:00,bus-terminal,43,44.9,49,29.9,72.8,39.3,2.87,0,1,Low,Critical
2026-08-04 01:00:00,central-junction,62,52.5,75,23.4,1.8,1.0,0.66,1,1,Low,Low
2026-08-04 01:00:00,railway-station,48,53.7,86,28.1,6.4,4.9,0.66,1,1,Low,Low
2026-08-04 01:00:00,airport-road,21,57.1,50,21.9,6.4,3.9,0.82,1,1,Low,Low
2026-08-04 01:00:00,industrial-area,47,53.5,111,25.3,2.7,1.7,0.58,1,1,Low,Low
2026-08-04 01:00:00,city-hospital,49,54.2,76,22.3,1.0,0.9,0.6,1,1,Low,Low
2026-08-04 01:00:00,residential-zone,22,52.4,48,30.2,69.6,60.3,2.93,1,1,Low,Critical
2026-08-04 01:00:00,river-zone,41,52.1,83,26.2,6.3,3.3,0.92,1,1,Low,Low
2026-08-04 01:00:00,bus-terminal,52,42.5,67,20.5,89.9,64.9,3.71,1,1,Moderate,Critical
2026-08-04 01:15:00,central-junction,28,58.7,61,35.2,5.0,3.0,0.68,1,1,Low,Low
2026-08-04 01:15:00,railway-station,65,50.8,62,26.8,7.0,5.7,0.57,1,1,Moderate,Low
2026-08-04 01:15:00,airport-road,38,56.2,52,27.4,3.9,2.8,0.59,1,1,Low,Low
2026-08-04 01:15:00,industrial-area,54,49.6,69,20.8,39.8,29.0,1.91,1,1,Low,High
2026-08-04 01:15:00,city-hospital,42,55.0,49,30.2,0.3,0.2,0.58,1,1,Low,Low
2026-08-04 01:15:00,residential-zone,26,60.0,79,26.9,5.0,3.0,0.75,1,1,Low,Low
2026-08-04 01:15:00,river-zone,30,57.3,38,32.4,4.7,3.5,1.06,1,1,Low,Low
2026-08-04 01:15:00,bus-terminal,35,56.7,79,21.6,8.7,7.0,0.81,1,1,Low,Low
2026-08-04 01:30:00,central-junction,76,46.2,90,31.5,4.1,3.5,0.45,1,1,Moderate,Low
2026-08-04 01:30:00,railway-station,31,59.2,59,31.7,7.6,6.2,0.61,1,1,Low,Low
2026-08-04 01:30:00,airport-road,33,55.9,64,24.7,1.1,0.9,0.56,1,1,Low,Low
2026-08-04 01:30:00,industrial-area,38,55.7,65,34.8,9.4,6.7,0.85,1,1,Low,Low
2026-08-04 01:30:00,city-hospital,43,52.8,79,29.9,0.4,0.3,0.34,1,1,Low,Low
2026-08-04 01:30:00,residential-zone,33,54.7,51,24.7,0.9,0.6,0.59,1,1,Low,Low
2026-08-04 01:30:00,river-zone,34,56.1,76,30.5,9.4,7.9,0.98,1,1,Low,Low
2026-08-04 01:30:00,bus-terminal,56,39.1,81,19.6,78.3,37.9,3.26,1,1,Moderate,Critical
2026-08-04 01:45:00,central-junction,37,56.7,62,24.5,7.4,6.3,0.86,1,1,Low,Low
2026-08-04 01:45:00,railway-station,79,49.7,60,21.7,5.0,2.1,0.51,1,1,Moderate,Low
2026-08-04 01:45:00,airport-road,47,55.3,86,29.6,3.8,2.4,0.52,1,1,Low,Low
2026-08-04 01:45:00,industrial-area,19,38.6,45,12.4,129.0,67.9,4.87,1,1,Low,Critical
2026-08-04 01:45:00,city-hospital,40,42.0,75,18.4,99.3,63.2,3.87,1,1,Low,Critical
2026-08-04 01:45:00,residential-zone,65,48.5,68,27.8,1.4,0.9,0.55,1,1,Moderate,Low
2026-08-04 01:45:00,river-zone,38,57.4,73,35.0,7.1,6.3,1.07,1,1,Low,Low
2026-08-04 01:45:00,bus-terminal,55,52.3,81,30.9,3.8,3.4,0.44,1,1,Low,Low
2026-08-04 02:00:00,central-junction,42,54.9,77,29.5,0.9,0.7,0.44,2,1,Low,Low
2026-08-04 02:00:00,railway-station,33,54.9,60,33.7,5.7,4.2,0.76,2,1,Low,Low
2026-08-04 02:00:00,airport-road,42,57.0,60,30.6,6.7,4.7,0.58,2,1,Low,Low
2026-08-04 02:00:00,industrial-area,35,39.7,90,14.9,109.4,48.7,4.22,2,1,Low,Critical
2026-08-04 02:00:00,city-hospital,44,56.8,88,28.3,1.5,0.9,0.39,2,1,Low,Low
2026-08-04 02:00:00,residential-zone,44,52.1,72,27.9,9.6,7.7,0.65,2,1,Low,Low
2026-08-04 02:00:00,river-zone,47,51.8,75,32.0,0.8,0.4,0.76,2,1,Low,Low
2026-08-04 02:00:00,bus-terminal,64,50.0,58,35.7,1.8,1.4,0.48,2,1,Moderate,Low
2026-08-04 02:15:00,central-junction,45,56.8,81,34.7,2.3,1.0,0.39,2,1,Low,Low
2026-08-04 02:15:00,railway-station,50,54.4,65,31.1,3.0,2.3,0.47,2,1,Low,Low
2026-08-04 02:15:00,airport-road,25,42.5,42,23.4,126.2,87.6,4.93,2,1,Low,Critical
2026-08-04 02:15:00,industrial-area,46,52.6,77,31.0,0.5,0.2,0.5,2,1,Low,Low
2026-08-04 02:15:00,city-hospital,29,60.1,63,29.8,6.7,2.8,0.69,2,1,Low,Low
2026-08-04 02:15:00,residential-zone,23,48.4,50,19.2,74.5,42.4,3.13,2,1,Low,Critical
2026-08-04 02:15:00,river-zone,44,54.4,79,32.9,8.6,3.9,1.21,2,1,Low,Moderate
2026-08-04 02:15:00,bus-terminal,41,52.6,57,24.1,7.6,4.0,0.65,2,1,Low,Low
2026-08-04 02:30:00,central-junction,66,35.9,67,13.7,109.6,53.0,4.16,2,1,Moderate,Critical
2026-08-04 02:30:00,railway-station,23,46.2,38,18.1,75.8,51.6,3.14,2,1,Low,Critical
2026-08-04 02:30:00,airport-road,37,45.7,42,25.6,76.8,43.4,3.12,2,1,Low,Critical
2026-08-04 02:30:00,industrial-area,30,58.3,97,26.2,8.8,6.6,0.84,2,1,Low,Low
2026-08-04 02:30:00,city-hospital,25,56.6,79,22.0,3.5,1.5,0.51,2,1,Low,Low
2026-08-04 02:30:00,residential-zone,43,53.2,72,21.7,8.6,4.5,0.86,2,1,Low,Low
2026-08-04 02:30:00,river-zone,32,59.4,85,26.3,0.3,0.1,0.81,2,1,Low,Low
2026-08-04 02:30:00,bus-terminal,73,46.1,88,34.6,4.9,3.8,0.59,2,1,Moderate,Low
2026-08-04 02:45:00,central-junction,75,29.9,43,22.3,138.0,101.4,5.16,2,1,Moderate,Critical
2026-08-04 02:45:00,railway-station,34,50.1,71,22.1,51.0,39.6,2.38,2,1,Low,Critical
2026-08-04 02:45:00,airport-road,26,49.6,34,24.5,74.2,45.1,2.91,2,1,Low,Critical
2026-08-04 02:45:00,industrial-area,35,55.8,94,31.7,4.1,3.1,0.55,2,1,Low,Low
2026-08-04 02:45:00,city-hospital,27,58.6,43,28.2,8.0,5.6,0.78,2,1,Low,Low
2026-08-04 02:45:00,residential-zone,34,53.9,62,28.4,8.8,7.1,0.62,2,1,Low,Low
2026-08-04 02:45:00,river-zone,32,58.7,56,23.0,8.6,4.6,1.11,2,1,Low,Moderate
2026-08-04 02:45:00,bus-terminal,62,53.0,98,28.6,6.5,4.8,0.72,2,1,Low,Low
2026-08-04 03:00:00,central-junction,60,49.2,69,34.4,4.0,2.1,0.71,3,1,Low,Low
2026-08-04 03:00:00,railway-station,65,51.8,59,34.6,5.7,4.9,0.7,3,1,Moderate,Low
2026-08-04 03:00:00,airport-road,25,58.2,66,26.7,6.7,5.9,0.7,3,1,Low,Low
2026-08-04 03:00:00,industrial-area,27,57.1,102,30.1,8.8,7.4,0.63,3,1,Low,Low
2026-08-04 03:00:00,city-hospital,36,59.7,77,31.2,1.5,0.9,0.44,3,1,Low,Low
2026-08-04 03:00:00,residential-zone,51,55.8,54,24.5,4.6,3.7,0.73,3,1,Low,Low
2026-08-04 03:00:00,river-zone,34,59.1,69,32.5,5.8,3.2,0.88,3,1,Low,Low
2026-08-04 03:00:00,bus-terminal,49,52.4,75,29.3,9.5,4.1,0.75,3,1,Low,Low
2026-08-04 03:15:00,central-junction,60,32.3,41,25.8,112.9,89.8,4.28,3,1,Moderate,Critical
2026-08-04 03:15:00,railway-station,37,56.6,44,28.7,6.6,2.7,0.82,3,1,Low,Low
2026-08-04 03:15:00,airport-road,26,57.0,55,35.9,0.7,0.6,0.34,3,1,Low,Low
2026-08-04 03:15:00,industrial-area,30,55.4,99,21.6,5.0,2.3,0.74,3,1,Low,Low
2026-08-04 03:15:00,city-hospital,33,38.1,36,13.7,118.3,67.8,4.51,3,1,Low,Critical
2026-08-04 03:15:00,residential-zone,29,60.1,50,30.3,1.2,0.6,0.45,3,1,Low,Low
2026-08-04 03:15:00,river-zone,43,39.3,68,15.6,91.4,73.6,3.94,3,1,Low,Critical
2026-08-04 03:15:00,bus-terminal,51,54.0,90,23.1,0.4,0.3,0.49,3,1,Low,Low
2026-08-04 03:30:00,central-junction,25,59.3,80,31.2,7.0,6.2,0.8,3,1,Low,Low
2026-08-04 03:30:00,railway-station,43,52.0,45,33.9,9.0,4.1,0.86,3,1,Low,Low
2026-08-04 03:30:00,airport-road,32,56.0,69,32.6,6.6,4.3,0.68,3,1,Low,Low
2026-08-04 03:30:00,industrial-area,64,49.1,78,22.9,1.6,0.7,0.52,3,1,Moderate,Low
2026-08-04 03:30:00,city-hospital,55,53.0,59,24.0,8.0,4.2,0.73,3,1,Low,Low
2026-08-04 03:30:00,residential-zone,31,58.8,38,31.7,2.8,2.0,0.62,3,1,Low,Low
2026-08-04 03:30:00,river-zone,48,43.0,67,28.9,81.2,56.4,3.71,3,1,Moderate,Critical
2026-08-04 03:30:00,bus-terminal,60,50.4,76,21.3,22.3,11.6,1.2,3,1,Low,Moderate
2026-08-04 03:45:00,central-junction,37,59.0,86,30.7,0.5,0.3,0.45,3,1,Low,Low
2026-08-04 03:45:00,railway-station,68,50.4,61,26.6,0.2,0.2,0.43,3,1,Moderate,Low
2026-08-04 03:45:00,airport-road,42,43.4,44,22.5,93.5,61.8,3.59,3,1,Low,Critical
2026-08-04 03:45:00,industrial-area,40,52.3,99,28.8,9.7,7.6,0.74,3,1,Low,Low
2026-08-04 03:45:00,city-hospital,39,48.2,72,26.2,65.5,49.4,2.61,3,1,Low,Critical
2026-08-04 03:45:00,residential-zone,46,50.5,50,29.6,9.8,5.5,0.77,3,1,Low,Low
2026-08-04 03:45:00,river-zone,35,58.5,52,32.5,6.5,3.6,1.03,3,1,Low,Low
2026-08-04 03:45:00,bus-terminal,53,54.4,84,23.0,6.6,4.5,0.73,3,1,Low,Low
2026-08-04 04:00:00,central-junction,25,57.9,72,32.2,4.1,2.8,0.69,4,1,Low,Low
2026-08-04 04:00:00,railway-station,56,50.1,60,29.9,8.0,4.8,0.73,4,1,Low,Low
2026-08-04 04:00:00,airport-road,46,50.5,63,34.8,9.8,4.5,0.69,4,1,Low,Low
2026-08-04 04:00:00,industrial-area,39,54.9,81,26.3,8.2,3.7,0.69,4,1,Low,Low
2026-08-04 04:00:00,city-hospital,32,57.9,69,24.7,4.1,2.3,0.64,4,1,Low,Low
2026-08-04 04:00:00,residential-zone,48,52.3,70,33.6,9.5,7.2,0.68,4,1,Low,Low
2026-08-04 04:00:00,river-zone,45,42.7,53,19.5,91.3,37.4,4.01,4,1,Low,Critical
2026-08-04 04:00:00,bus-terminal,43,53.7,78,29.3,1.0,0.6,0.47,4,1,Low,Low
2026-08-04 04:15:00,central-junction,38,54.2,67,27.5,5.2,2.7,0.75,4,1,Low,Low
2026-08-04 04:15:00,railway-station,52,55.7,65,22.0,3.2,2.6,0.68,4,1,Low,Low
2026-08-04 04:15:00,airport-road,34,57.5,60,35.2,9.2,7.6,0.68,4,1,Low,Low
2026-08-04 04:15:00,industrial-area,55,49.8,98,21.9,4.1,2.2,0.51,4,1,Low,Low
2026-08-04 04:15:00,city-hospital,26,56.3,50,27.8,7.2,3.9,0.78,4,1,Low,Low
2026-08-04 04:15:00,residential-zone,31,58.5,41,25.5,6.5,3.1,0.7,4,1,Low,Low
2026-08-04 04:15:00,river-zone,35,58.9,58,32.0,3.8,3.0,0.8,4,1,Low,Low
2026-08-04 04:15:00,bus-terminal,55,52.8,53,27.3,1.2,0.9,0.36,4,1,Low,Low
2026-08-04 04:30:00,central-junction,45,47.5,45,31.4,45.9,33.1,2.08,4,1,Low,High
2026-08-04 04:30:00,railway-station,64,48.2,47,28.8,34.6,21.0,1.76,4,1,Moderate,High
2026-08-04 04:30:00,airport-road,49,50.9,74,23.8,4.2,2.2,0.6,4,1,Low,Low
2026-08-04 04:30:00,industrial-area,25,61.0,85,29.7,7.2,5.3,0.65,4,1,Low,Low
2026-08-04 04:30:00,city-hospital,31,57.9,59,23.6,9.7,7.0,0.86,4,1,Low,Low
2026-08-04 04:30:00,residential-zone,37,54.3,51,30.1,1.4,1.0,0.39,4,1,Low,Low
2026-08-04 04:30:00,river-zone,17,59.9,45,22.7,2.9,2.4,0.84,4,1,Low,Low
2026-08-04 04:30:00,bus-terminal,41,55.4,87,29.1,6.8,3.0,0.67,4,1,Low,Low
2026-08-04 04:45:00,central-junction,40,47.0,40,23.1,78.2,44.2,3.07,4,1,Low,Critical
2026-08-04 04:45:00,railway-station,43,56.0,59,27.4,4.9,2.0,0.58,4,1,Low,Low
2026-08-04 04:45:00,airport-road,28,60.0,60,33.2,5.1,3.7,0.63,4,1,Low,Low
2026-08-04 04:45:00,industrial-area,24,60.0,85,29.8,8.1,6.9,0.8,4,1,Low,Low
2026-08-04 04:45:00,city-hospital,54,40.4,69,28.4,68.3,35.4,2.88,4,1,Moderate,Critical
2026-08-04 04:45:00,residential-zone,22,61.3,81,24.1,3.1,1.9,0.5,4,1,Low,Low
2026-08-04 04:45:00,river-zone,51,51.3,85,31.2,2.9,2.3,0.95,4,1,Low,Low
2026-08-04 04:45:00,bus-terminal,38,58.6,84,24.2,3.0,1.2,0.43,4,1,Low,Low
2026-08-04 05:00:00,central-junction,48,51.3,69,32.7,6.8,3.2,0.81,5,1,Low,Low
2026-08-04 05:00:00,railway-station,77,49.3,90,28.1,7.1,4.9,0.75,5,1,Moderate,Low
2026-08-04 05:00:00,airport-road,20,48.5,60,24.4,77.4,35.2,3.14,5,1,Low,Critical
2026-08-04 05:00:00,industrial-area,55,50.3,91,33.8,3.7,2.7,0.56,5,1,Low,Low
2026-08-04 05:00:00,city-hospital,24,58.5,74,25.5,7.9,3.4,0.6,5,1,Low,Low
2026-08-04 05:00:00,residential-zone,51,53.1,74,26.8,2.9,2.5,0.49,5,1,Low,Low
2026-08-04 05:00:00,river-zone,45,51.4,75,27.5,27.5,21.1,1.91,5,1,Low,High
2026-08-04 05:00:00,bus-terminal,69,48.3,89,23.3,6.7,4.1,0.59,5,1,Moderate,Low
2026-08-04 05:15:00,central-junction,60,49.2,90,27.8,9.3,4.1,0.68,5,1,Low,Low
2026-08-04 05:15:00,railway-station,34,59.6,71,30.2,2.6,1.7,0.6,5,1,Low,Low
2026-08-04 05:15:00,airport-road,33,47.9,52,20.4,56.6,40.6,2.51,5,1,Low,Critical
2026-08-04 05:15:00,industrial-area,38,43.9,84,16.3,103.0,80.0,4.08,5,1,Low,Critical
2026-08-04 05:15:00,city-hospital,40,56.7,66,34.5,2.1,1.2,0.49,5,1,Low,Low
2026-08-04 05:15:00,residential-zone,33,47.1,60,23.6,59.6,30.3,2.63,5,1,Low,Critical
2026-08-04 05:15:00,river-zone,48,41.9,59,26.2,77.7,67.9,3.45,5,1,Moderate,Critical
2026-08-04 05:15:00,bus-terminal,82,45.4,79,31.2,1.8,1.5,0.57,5,1,Moderate,Low
2026-08-04 05:30:00,central-junction,78,45.6,67,26.7,4.4,3.8,0.6,5,1,Moderate,Low
2026-08-04 05:30:00,railway-station,48,53.9,74,21.5,7.7,3.2,0.78,5,1,Low,Low
2026-08-04 05:30:00,airport-road,26,56.7,68,31.1,4.1,2.6,0.45,5,1,Low,Low
2026-08-04 05:30:00,industrial-area,27,47.4,58,24.8,70.4,36.1,3.01,5,1,Low,Critical
2026-08-04 05:30:00,city-hospital,40,58.2,85,29.3,0.4,0.3,0.49,5,1,Low,Low
2026-08-04 05:30:00,residential-zone,31,56.8,66,23.2,0.7,0.6,0.62,5,1,Low,Low
2026-08-04 05:30:00,river-zone,39,53.1,64,22.3,8.4,4.3,1.01,5,1,Low,Low
2026-08-04 05:30:00,bus-terminal,47,54.8,64,29.2,3.7,1.9,0.55,5,1,Low,Low
2026-08-04 05:45:00,central-junction,39,58.5,76,35.0,3.3,2.0,0.58,5,1,Low,Low
2026-08-04 05:45:00,railway-station,33,54.4,62,29.8,7.1,4.1,0.68,5,1,Low,Low
2026-08-04 05:45:00,airport-road,23,55.7,42,23.8,10.0,6.1,0.83,5,1,Low,Low
2026-08-04 05:45:00,industrial-area,48,53.9,82,30.1,1.3,0.8,0.35,5,1,Low,Low
2026-08-04 05:45:00,city-hospital,42,43.8,68,18.3,70.8,50.2,2.93,5,1,Low,Critical
2026-08-04 05:45:00,residential-zone,67,47.4,85,25.8,8.4,4.3,0.64,5,1,Moderate,Low
2026-08-04 05:45:00,river-zone,27,53.4,64,30.7,48.8,34.0,2.4,5,1,Low,High
2026-08-04 05:45:00,bus-terminal,53,40.4,74,22.1,89.4,58.8,3.52,5,1,Moderate,Critical
2026-08-04 06:00:00,central-junction,44,53.8,46,25.5,2.6,1.4,0.39,6,1,Low,Low
2026-08-04 06:00:00,railway-station,41,50.1,52,21.2,35.0,24.6,1.65,6,1,Low,High
2026-08-04 06:00:00,airport-road,38,54.7,71,25.5,6.3,5.6,0.58,6,1,Low,Low
2026-08-04 06:00:00,industrial-area,41,58.3,73,22.7,3.7,2.5,0.54,6,1,Low,Low
2026-08-04 06:00:00,city-hospital,31,43.8,49,16.6,89.2,50.3,3.49,6,1,Low,Critical
2026-08-04 06:00:00,residential-zone,34,59.3,53,26.7,2.0,1.5,0.51,6,1,Low,Low
2026-08-04 06:00:00,river-zone,42,53.9,61,29.1,0.9,0.4,0.72,6,1,Low,Low
2026-08-04 06:00:00,bus-terminal,47,55.1,78,33.0,6.7,3.5,0.63,6,1,Low,Low
2026-08-04 06:15:00,central-junction,58,50.1,90,26.4,3.8,2.3,0.64,6,1,Low,Low
2026-08-04 06:15:00,railway-station,58,36.5,57,21.3,111.7,78.6,4.32,6,1,Moderate,Critical
2026-08-04 06:15:00,airport-road,52,49.7,57,22.1,9.7,7.9,0.94,6,1,Low,Low
2026-08-04 06:15:00,industrial-area,42,53.8,76,23.4,5.0,3.5,0.65,6,1,Low,Low
2026-08-04 06:15:00,city-hospital,38,54.2,86,26.8,9.2,6.1,0.7,6,1,Low,Low
2026-08-04 06:15:00,residential-zone,56,53.2,85,24.5,2.0,0.8,0.42,6,1,Low,Low
2026-08-04 06:15:00,river-zone,27,56.6,54,22.5,5.1,2.8,0.96,6,1,Low,Low
2026-08-04 06:15:00,bus-terminal,42,57.1,67,35.0,9.3,6.9,0.92,6,1,Low,Low
2026-08-04 06:30:00,central-junction,31,50.3,71,19.2,35.9,17.0,1.82,6,1,Low,High
2026-08-04 06:30:00,railway-station,51,42.1,58,21.5,59.4,48.5,2.51,6,1,Moderate,Critical
2026-08-04 06:30:00,airport-road,23,59.4,73,27.8,6.9,4.0,0.63,6,1,Low,Low
2026-08-04 06:30:00,industrial-area,38,53.7,73,26.1,6.4,5.4,0.7,6,1,Low,Low
2026-08-04 06:30:00,city-hospital,48,55.0,77,27.7,9.7,8.5,0.77,6,1,Low,Low
2026-08-04 06:30:00,residential-zone,28,58.1,50,28.2,8.3,6.9,0.81,6,1,Low,Low
2026-08-04 06:30:00,river-zone,18,54.1,43,22.9,62.5,55.4,2.96,6,1,Low,Critical
2026-08-04 06:30:00,bus-terminal,59,49.9,72,32.1,1.1,0.8,0.55,6,1,Low,Low
2026-08-04 06:45:00,central-junction,38,43.3,60,19.1,87.6,75.3,3.6,6,1,Low,Critical
2026-08-04 06:45:00,railway-station,40,53.1,51,27.0,6.6,4.9,0.75,6,1,Low,Low
2026-08-04 06:45:00,airport-road,29,58.2,66,24.7,2.3,1.3,0.43,6,1,Low,Low
2026-08-04 06:45:00,industrial-area,50,49.8,66,23.1,36.7,24.6,1.74,6,1,Low,High
2026-08-04 06:45:00,city-hospital,61,40.4,68,28.0,56.9,42.5,2.39,6,1,Moderate,Critical
2026-08-04 06:45:00,residential-zone,24,57.0,78,25.4,4.8,3.8,0.75,6,1,Low,Low
2026-08-04 06:45:00,river-zone,37,56.0,67,23.8,8.2,3.4,0.98,6,1,Low,Low
2026-08-04 06:45:00,bus-terminal,61,52.0,55,29.5,1.9,1.5,0.66,6,1,Low,Low
2026-08-04 07:00:00,central-junction,67,48.8,51,32.9,4.8,4.1,0.55,7,1,Moderate,Low
2026-08-04 07:00:00,railway-station,50,55.2,74,30.6,5.7,4.6,0.64,7,1,Low,Low
2026-08-04 07:00:00,airport-road,52,51.2,51,31.7,1.7,1.4,0.62,7,1,Low,Low
2026-08-04 07:00:00,industrial-area,46,53.2,109,29.8,2.4,1.1,0.39,7,1,Low,Low
2026-08-04 07:00:00,city-hospital,46,56.1,54,29.1,4.2,3.2,0.59,7,1,Low,Low
2026-08-04 07:00:00,residential-zone,20,62.3,70,27.9,2.2,1.8,0.49,7,1,Low,Low
2026-08-04 07:00:00,river-zone,42,54.6,71,26.5,8.7,6.0,1.18,7,1,Low,Moderate
2026-08-04 07:00:00,bus-terminal,44,52.1,78,34.4,6.1,2.7,0.75,7,1,Low,Low
2026-08-04 07:15:00,central-junction,58,51.5,50,25.7,8.0,6.3,0.7,7,1,Low,Low
2026-08-04 07:15:00,railway-station,57,51.2,65,28.4,9.9,7.1,0.66,7,1,Low,Low
2026-08-04 07:15:00,airport-road,24,57.8,46,32.9,1.5,1.0,0.49,7,1,Low,Low
2026-08-04 07:15:00,industrial-area,26,55.1,69,32.8,9.9,4.8,0.73,7,1,Low,Low
2026-08-04 07:15:00,city-hospital,42,55.6,55,32.8,7.8,6.9,0.64,7,1,Low,Low
2026-08-04 07:15:00,residential-zone,37,53.9,56,23.8,28.7,22.3,1.55,7,1,Low,Moderate
2026-08-04 07:15:00,river-zone,34,59.5,54,25.0,0.1,0.1,0.76,7,1,Low,Low
2026-08-04 07:15:00,bus-terminal,52,50.6,55,24.2,6.2,3.4,0.54,7,1,Low,Low
2026-08-04 07:30:00,central-junction,49,53.3,76,30.5,4.1,3.5,0.52,7,1,Low,Low
2026-08-04 07:30:00,railway-station,39,58.4,47,25.6,3.3,1.5,0.52,7,1,Low,Low
2026-08-04 07:30:00,airport-road,55,53.7,75,24.5,8.4,4.9,0.86,7,1,Low,Low
2026-08-04 07:30:00,industrial-area,48,43.1,87,28.3,82.3,38.8,3.29,7,1,Low,Critical
2026-08-04 07:30:00,city-hospital,54,55.5,67,27.9,0.5,0.4,0.43,7,1,Low,Low
2026-08-04 07:30:00,residential-zone,58,52.3,64,23.2,9.7,5.4,0.65,7,1,Low,Low
2026-08-04 07:30:00,river-zone,36,56.9,77,25.0,3.8,1.9,0.96,7,1,Low,Low
2026-08-04 07:30:00,bus-terminal,27,60.4,57,28.8,3.7,2.0,0.63,7,1,Low,Low
2026-08-04 07:45:00,central-junction,63,49.3,80,31.3,2.0,1.1,0.51,7,1,Moderate,Low
2026-08-04 07:45:00,railway-station,44,53.9,53,31.6,4.0,2.1,0.64,7,1,Low,Low
2026-08-04 07:45:00,airport-road,62,52.8,78,27.1,5.5,2.6,0.78,7,1,Low,Low
2026-08-04 07:45:00,industrial-area,37,57.3,114,31.2,6.0,4.8,0.64,7,1,Low,Low
2026-08-04 07:45:00,city-hospital,50,53.1,77,24.5,2.7,1.5,0.53,7,1,Low,Low
2026-08-04 07:45:00,residential-zone,31,58.0,77,21.9,2.0,1.6,0.53,7,1,Low,Low
2026-08-04 07:45:00,river-zone,46,53.9,56,22.1,4.8,2.1,0.93,7,1,Low,Low
2026-08-04 07:45:00,bus-terminal,69,49.1,74,29.3,4.5,1.9,0.7,7,1,Moderate,Low
2026-08-04 08:00:00,central-junction,122,18.1,57,20.2,120.4,90.9,4.66,8,1,Critical,Critical
2026-08-04 08:00:00,railway-station,100,42.9,89,29.4,4.8,3.7,0.56,8,1,Moderate,Low
2026-08-04 08:00:00,airport-road,71,50.5,89,26.2,0.5,0.3,0.36,8,1,Moderate,Low
2026-08-04 08:00:00,industrial-area,78,47.7,109,25.9,6.2,2.7,0.8,8,1,Moderate,Low
2026-08-04 08:00:00,city-hospital,58,44.6,85,23.6,62.2,37.7,2.5,8,1,Moderate,Critical
2026-08-04 08:00:00,residential-zone,125,26.8,89,18.6,61.1,52.7,2.47,8,1,High,Critical
2026-08-04 08:00:00,river-zone,106,34.3,67,25.9,43.8,35.5,2.39,8,1,High,High
2026-08-04 08:00:00,bus-terminal,81,39.1,60,24.9,64.5,49.6,2.72,8,1,Moderate,Critical
2026-08-04 08:15:00,central-junction,134,33.4,91,31.4,2.8,1.9,0.5,8,1,High,Low
2026-08-04 08:15:00,railway-station,172,25.9,113,27.3,5.5,2.8,0.65,8,1,Critical,Low
2026-08-04 08:15:00,airport-road,88,47.6,86,22.4,2.3,1.6,0.43,8,1,Moderate,Low
2026-08-04 08:15:00,industrial-area,70,38.1,87,18.0,76.4,52.0,3.11,8,1,Moderate,Critical
2026-08-04 08:15:00,city-hospital,102,39.1,83,28.3,7.6,6.7,0.57,8,1,Moderate,Low
2026-08-04 08:15:00,residential-zone,95,41.2,73,26.2,5.4,4.4,0.53,8,1,Moderate,Low
2026-08-04 08:15:00,river-zone,138,32.1,95,23.9,4.3,3.5,0.85,8,1,High,Low
2026-08-04 08:15:00,bus-terminal,153,27.9,91,28.7,5.7,2.8,0.68,8,1,High,Low
2026-08-04 08:30:00,central-junction,175,20.3,95,23.8,22.2,13.2,1.11,8,1,Critical,Moderate
2026-08-04 08:30:00,railway-station,211,20.9,129,24.8,2.7,2.0,0.42,8,1,Critical,Low
2026-08-04 08:30:00,airport-road,131,35.7,105,30.8,2.1,1.0,0.64,8,1,High,Low
2026-08-04 08:30:00,industrial-area,93,40.9,98,33.9,5.2,4.5,0.6,8,1,Moderate,Low
2026-08-04 08:30:00,city-hospital,76,32.9,76,24.9,86.3,63.3,3.5,8,1,Moderate,Critical
2026-08-04 08:30:00,residential-zone,75,45.3,75,32.9,4.6,2.0,0.52,8,1,Moderate,Low
2026-08-04 08:30:00,river-zone,104,42.2,70,22.3,5.3,3.2,0.87,8,1,Moderate,Low
2026-08-04 08:30:00,bus-terminal,88,45.7,90,23.4,8.0,3.9,0.84,8,1,Moderate,Low
2026-08-04 08:45:00,central-junction,59,51.4,96,26.0,1.3,1.2,0.55,8,1,Low,Low
2026-08-04 08:45:00,railway-station,85,46.1,60,31.4,0.5,0.3,0.36,8,1,Moderate,Low
2026-08-04 08:45:00,airport-road,57,52.2,90,23.1,5.4,2.6,0.73,8,1,Low,Low
2026-08-04 08:45:00,industrial-area,77,48.0,80,24.4,4.0,2.8,0.59,8,1,Moderate,Low
2026-08-04 08:45:00,city-hospital,47,57.3,80,27.2,0.5,0.4,0.59,8,1,Low,Low
2026-08-04 08:45:00,residential-zone,47,55.2,60,24.6,8.7,6.9,0.61,8,1,Low,Low
2026-08-04 08:45:00,river-zone,85,30.7,68,15.0,109.8,58.6,4.72,8,1,Moderate,Critical
2026-08-04 08:45:00,bus-terminal,121,38.7,72,30.5,0.1,0.1,0.55,8,1,Moderate,Low
2026-08-04 09:00:00,central-junction,117,38.5,75,27.8,0.3,0.2,0.31,9,1,Moderate,Low
2026-08-04 09:00:00,railway-station,99,43.3,82,30.5,5.5,4.0,0.75,9,1,Moderate,Low
2026-08-04 09:00:00,airport-road,81,32.0,57,22.7,105.5,72.4,4.22,9,1,Moderate,Critical
2026-08-04 09:00:00,industrial-area,89,43.8,81,26.6,5.2,4.3,0.6,9,1,Moderate,Low
2026-08-04 09:00:00,city-hospital,56,49.7,79,22.8,3.3,2.4,0.43,9,1,Low,Low
2026-08-04 09:00:00,residential-zone,120,34.8,96,30.1,7.6,4.1,0.74,9,1,High,Low
2026-08-04 09:00:00,river-zone,58,49.7,87,23.5,0.6,0.3,0.69,9,1,Low,Low
2026-08-04 09:00:00,bus-terminal,121,40.5,97,26.1,0.4,0.3,0.38,9,1,Moderate,Low
2026-08-04 09:15:00,central-junction,160,27.4,86,26.3,5.5,4.4,0.71,9,1,High,Low
2026-08-04 09:15:00,railway-station,81,42.5,92,23.8,49.9,32.8,2.2,9,1,Moderate,High
2026-08-04 09:15:00,airport-road,69,49.8,77,27.5,10.0,5.4,0.65,9,1,Moderate,Low
2026-08-04 09:15:00,industrial-area,78,48.1,113,31.2,0.0,0.0,0.57,9,1,Moderate,Low
2026-08-04 09:15:00,city-hospital,89,41.8,62,22.6,30.3,16.9,1.64,9,1,Moderate,Moderate
2026-08-04 09:15:00,residential-zone,101,44.8,56,30.9,4.4,2.7,0.68,9,1,Moderate,Low
2026-08-04 09:15:00,river-zone,83,47.4,75,31.3,2.8,1.3,0.93,9,1,Moderate,Low
2026-08-04 09:15:00,bus-terminal,125,20.6,83,16.6,93.7,53.6,3.77,9,1,Critical,Critical
2026-08-04 09:30:00,central-junction,136,32.1,95,31.5,8.2,3.5,0.66,9,1,High,Low
2026-08-04 09:30:00,railway-station,160,27.4,83,27.3,8.6,4.7,0.85,9,1,High,Low
2026-08-04 09:30:00,airport-road,109,40.2,78,32.9,5.2,4.3,0.53,9,1,Moderate,Low
2026-08-04 09:30:00,industrial-area,143,34.1,112,21.7,6.3,5.2,0.78,9,1,High,Low
2026-08-04 09:30:00,city-hospital,73,51.0,83,33.5,5.8,4.7,0.72,9,1,Moderate,Low
2026-08-04 09:30:00,residential-zone,140,32.5,100,30.7,3.5,2.0,0.55,9,1,High,Low
2026-08-04 09:30:00,river-zone,76,44.8,84,25.3,9.0,6.3,1.07,9,1,Moderate,Low
2026-08-04 09:30:00,bus-terminal,135,35.7,85,32.4,4.5,4.0,0.67,9,1,High,Low
2026-08-04 09:45:00,central-junction,80,50.2,81,27.0,1.1,0.7,0.38,9,1,Moderate,Low
2026-08-04 09:45:00,railway-station,174,25.8,78,22.1,9.6,8.0,0.78,9,1,Critical,Low
2026-08-04 09:45:00,airport-road,117,40.9,103,35.3,3.1,1.4,0.43,9,1,Moderate,Low
2026-08-04 09:45:00,industrial-area,73,50.9,94,24.7,1.4,1.0,0.46,9,1,Moderate,Low
2026-08-04 09:45:00,city-hospital,79,45.5,76,30.4,5.2,3.5,0.69,9,1,Moderate,Low
2026-08-04 09:45:00,residential-zone,86,46.6,74,29.3,8.4,7.1,0.77,9,1,Moderate,Low
2026-08-04 09:45:00,river-zone,68,47.6,73,28.7,7.7,6.6,1.21,9,1,Moderate,Moderate
2026-08-04 09:45:00,bus-terminal,102,44.0,79,25.7,8.5,5.2,0.62,9,1,Moderate,Low
2026-08-04 10:00:00,central-junction,119,36.3,102,30.6,24.6,13.3,1.27,10,1,Moderate,Moderate
2026-08-04 10:00:00,railway-station,191,20.8,114,34.5,5.2,3.0,0.59,10,1,Critical,Low
2026-08-04 10:00:00,airport-road,109,29.6,63,17.4,79.0,67.5,3.14,10,1,High,Critical
2026-08-04 10:00:00,industrial-area,105,41.3,121,30.4,7.2,6.1,0.75,10,1,Moderate,Low
2026-08-04 10:00:00,city-hospital,116,38.9,99,27.3,4.2,2.0,0.7,10,1,Moderate,Low
2026-08-04 10:00:00,residential-zone,105,39.5,87,30.2,1.4,0.7,0.63,10,1,Moderate,Low
2026-08-04 10:00:00,river-zone,46,51.7,84,31.4,23.4,13.4,1.7,10,1,Low,Moderate
2026-08-04 10:00:00,bus-terminal,139,35.3,100,28.0,6.5,5.4,0.73,10,1,High,Low
2026-08-04 10:15:00,central-junction,138,36.6,99,33.1,3.9,2.3,0.5,10,1,High,Low
2026-08-04 10:15:00,railway-station,134,36.3,108,22.5,2.3,1.6,0.66,10,1,High,Low
2026-08-04 10:15:00,airport-road,88,45.2,94,22.9,7.5,5.9,0.58,10,1,Moderate,Low
2026-08-04 10:15:00,industrial-area,79,46.2,110,35.4,2.2,1.7,0.41,10,1,Moderate,Low
2026-08-04 10:15:00,city-hospital,151,32.8,85,31.8,9.1,7.0,0.76,10,1,High,Low
2026-08-04 10:15:00,residential-zone,105,31.4,60,19.5,88.3,44.8,3.65,10,1,High,Critical
2026-08-04 10:15:00,river-zone,84,43.8,95,30.9,7.5,4.0,0.97,10,1,Moderate,Low
2026-08-04 10:15:00,bus-terminal,109,37.0,69,22.3,44.3,26.2,2.06,10,1,Moderate,High
2026-08-04 10:30:00,central-junction,125,29.9,65,29.4,41.2,26.7,1.95,10,1,High,High
2026-08-04 10:30:00,railway-station,88,37.3,62,24.4,38.4,28.9,1.68,10,1,Moderate,High
2026-08-04 10:30:00,airport-road,162,26.0,98,24.9,3.3,1.5,0.49,10,1,Critical,Low
2026-08-04 10:30:00,industrial-area,158,31.7,103,30.7,1.3,1.0,0.51,10,1,High,Low
2026-08-04 10:30:00,city-hospital,70,50.8,74,23.7,4.1,2.8,0.53,10,1,Moderate,Low
2026-08-04 10:30:00,residential-zone,84,47.7,83,32.2,7.9,6.2,0.65,10,1,Moderate,Low
2026-08-04 10:30:00,river-zone,68,47.5,63,23.8,8.3,5.7,1.05,10,1,Moderate,Low
2026-08-04 10:30:00,bus-terminal,106,40.1,101,23.5,3.4,2.6,0.59,10,1,Moderate,Low
2026-08-04 10:45:00,central-junction,214,6.2,81,28.4,84.4,72.2,3.37,10,1,Critical,Critical
2026-08-04 10:45:00,railway-station,193,24.7,84,33.5,1.9,0.8,0.54,10,1,Critical,Low
2026-08-04 10:45:00,airport-road,139,34.8,78,26.1,4.8,2.4,0.57,10,1,High,Low
2026-08-04 10:45:00,industrial-area,88,44.3,115,22.1,0.6,0.3,0.49,10,1,Moderate,Low
2026-08-04 10:45:00,city-hospital,74,48.5,66,35.3,8.4,4.3,0.7,10,1,Moderate,Low
2026-08-04 10:45:00,residential-zone,90,43.7,69,23.5,8.6,6.8,0.78,10,1,Moderate,Low
2026-08-04 10:45:00,river-zone,81,42.2,79,29.4,38.9,19.8,2.02,10,1,Moderate,High
2026-08-04 10:45:00,bus-terminal,104,43.4,104,27.1,7.0,4.1,0.75,10,1,Moderate,Low
2026-08-04 11:00:00,central-junction,66,50.0,85,31.2,0.3,0.2,0.4,11,1,Moderate,Low
2026-08-04 11:00:00,railway-station,75,50.9,76,30.6,3.2,1.5,0.44,11,1,Moderate,Low
2026-08-04 11:00:00,airport-road,35,47.4,72,25.0,52.5,45.0,2.24,11,1,Low,Critical
2026-08-04 11:00:00,industrial-area,53,49.2,100,34.8,9.8,6.7,0.65,11,1,Low,Low
2026-08-04 11:00:00,city-hospital,33,60.5,45,22.6,0.6,0.4,0.36,11,1,Low,Low
2026-08-04 11:00:00,residential-zone,32,59.1,85,29.5,4.7,2.9,0.54,11,1,Low,Low
2026-08-04 11:00:00,river-zone,32,58.9,58,30.3,1.3,1.1,0.97,11,1,Low,Low
2026-08-04 11:00:00,bus-terminal,28,36.5,57,20.7,131.1,54.0,4.98,11,1,Low,Critical
2026-08-04 11:15:00,central-junction,44,54.9,49,22.2,4.8,2.9,0.52,11,1,Low,Low
2026-08-04 11:15:00,railway-station,76,43.2,69,28.9,44.4,21.8,1.88,11,1,Moderate,High
2026-08-04 11:15:00,airport-road,63,40.8,70,28.0,85.8,75.1,3.38,11,1,Moderate,Critical
2026-08-04 11:15:00,industrial-area,24,56.8,69,25.9,4.2,3.4,0.67,11,1,Low,Low
2026-08-04 11:15:00,city-hospital,27,58.1,76,24.6,7.9,5.4,0.64,11,1,Low,Low
2026-08-04 11:15:00,residential-zone,63,49.8,65,32.8,8.6,4.9,0.69,11,1,Moderate,Low
2026-08-04 11:15:00,river-zone,21,60.3,51,22.9,5.6,3.2,1.09,11,1,Low,Low
2026-08-04 11:15:00,bus-terminal,71,50.3,78,24.2,6.2,5.3,0.71,11,1,Moderate,Low
2026-08-04 11:30:00,central-junction,49,53.8,77,33.9,9.1,6.7,0.8,11,1,Low,Low
2026-08-04 11:30:00,railway-station,23,57.1,49,29.7,2.9,2.2,0.56,11,1,Low,Low
2026-08-04 11:30:00,airport-road,55,54.0,55,28.2,7.6,5.1,0.66,11,1,Low,Low
2026-08-04 11:30:00,industrial-area,22,56.8,107,22.3,5.1,4.3,0.68,11,1,Low,Low
2026-08-04 11:30:00,city-hospital,29,57.1,50,33.8,9.4,6.4,0.72,11,1,Low,Low
2026-08-04 11:30:00,residential-zone,42,54.5,72,27.7,6.1,3.3,0.65,11,1,Low,Low
2026-08-04 11:30:00,river-zone,28,56.1,79,34.0,2.3,2.0,0.88,11,1,Low,Low
2026-08-04 11:30:00,bus-terminal,48,52.8,77,22.4,8.4,4.7,0.6,11,1,Low,Low
2026-08-04 11:45:00,central-junction,43,57.2,85,26.8,4.9,4.0,0.59,11,1,Low,Low
2026-08-04 11:45:00,railway-station,48,53.0,70,24.1,4.5,2.7,0.52,11,1,Low,Low
2026-08-04 11:45:00,airport-road,34,55.2,70,30.0,8.0,6.0,0.59,11,1,Low,Low
2026-08-04 11:45:00,industrial-area,44,40.8,71,27.6,88.6,46.6,3.59,11,1,Low,Critical
2026-08-04 11:45:00,city-hospital,38,55.4,82,22.6,6.4,5.5,0.74,11,1,Low,Low
2026-08-04 11:45:00,residential-zone,37,57.4,80,29.1,2.9,1.9,0.56,11,1,Low,Low
2026-08-04 11:45:00,river-zone,37,53.4,50,33.2,4.0,1.8,0.85,11,1,Low,Low
2026-08-04 11:45:00,bus-terminal,66,49.1,77,33.2,7.7,6.1,0.7,11,1,Moderate,Low
2026-08-04 12:00:00,central-junction,65,49.3,67,24.2,1.3,0.7,0.61,12,1,Moderate,Low
2026-08-04 12:00:00,railway-station,65,51.7,78,29.2,6.7,5.8,0.74,12,1,Moderate,Low
2026-08-04 12:00:00,airport-road,24,48.7,55,27.8,77.3,38.9,3.03,12,1,Low,Critical
2026-08-04 12:00:00,industrial-area,56,52.6,110,23.1,9.4,4.3,0.82,12,1,Low,Low
2026-08-04 12:00:00,city-hospital,34,53.9,72,34.8,8.2,3.4,0.83,12,1,Low,Low
2026-08-04 12:00:00,residential-zone,33,58.0,42,32.2,8.9,4.5,0.63,12,1,Low,Low
2026-08-04 12:00:00,river-zone,50,51.7,87,22.5,6.7,3.7,1.06,12,1,Low,Low
2026-08-04 12:00:00,bus-terminal,28,58.1,76,31.9,5.2,2.7,0.66,12,1,Low,Low
2026-08-04 12:15:00,central-junction,33,46.8,76,19.7,84.3,40.8,3.35,12,1,Low,Critical
2026-08-04 12:15:00,railway-station,50,54.1,69,33.3,7.6,3.5,0.81,12,1,Low,Low
2026-08-04 12:15:00,airport-road,45,53.7,68,32.5,4.4,3.5,0.56,12,1,Low,Low
2026-08-04 12:15:00,industrial-area,45,52.6,82,22.4,7.8,3.3,0.67,12,1,Low,Low
2026-08-04 12:15:00,city-hospital,16,60.7,70,35.0,3.5,2.3,0.47,12,1,Low,Low
2026-08-04 12:15:00,residential-zone,49,52.4,76,30.3,3.1,1.3,0.46,12,1,Low,Low
2026-08-04 12:15:00,river-zone,46,47.1,53,29.9,64.7,55.4,3.11,12,1,Low,Critical
2026-08-04 12:15:00,bus-terminal,28,59.6,70,29.2,4.6,2.8,0.69,12,1,Low,Low
2026-08-04 12:30:00,central-junction,59,49.1,79,33.2,1.0,0.8,0.43,12,1,Low,Low
2026-08-04 12:30:00,railway-station,23,60.7,69,28.9,7.3,6.4,0.79,12,1,Low,Low
2026-08-04 12:30:00,airport-road,51,54.1,51,28.0,9.7,5.2,0.87,12,1,Low,Low
2026-08-04 12:30:00,industrial-area,24,58.4,112,29.5,8.1,4.7,0.83,12,1,Low,Low
2026-08-04 12:30:00,city-hospital,45,52.2,87,27.3,8.3,6.1,0.63,12,1,Low,Low
2026-08-04 12:30:00,residential-zone,42,43.4,61,23.5,83.4,47.0,3.26,12,1,Low,Critical
2026-08-04 12:30:00,river-zone,43,57.3,77,30.5,4.4,1.9,0.84,12,1,Low,Low
2026-08-04 12:30:00,bus-terminal,32,40.0,31,21.2,117.1,52.0,4.59,12,1,Low,Critical
2026-08-04 12:45:00,central-junction,38,57.2,58,26.1,4.0,1.8,0.5,12,1,Low,Low
2026-08-04 12:45:00,railway-station,31,55.4,57,34.1,8.3,3.4,0.63,12,1,Low,Low
2026-08-04 12:45:00,airport-road,33,59.1,55,35.6,2.5,1.5,0.54,12,1,Low,Low
2026-08-04 12:45:00,industrial-area,42,53.6,70,30.2,9.7,7.5,0.65,12,1,Low,Low
2026-08-04 12:45:00,city-hospital,62,51.6,67,22.2,9.4,8.1,0.82,12,1,Low,Low
2026-08-04 12:45:00,residential-zone,35,48.6,67,31.1,58.9,35.1,2.38,12,1,Low,Critical
2026-08-04 12:45:00,river-zone,55,50.2,70,24.5,7.6,3.1,1.04,12,1,Low,Low
2026-08-04 12:45:00,bus-terminal,68,51.1,63,32.0,2.2,1.5,0.53,12,1,Moderate,Low
2026-08-04 13:00:00,central-junction,25,60.8,40,30.3,5.2,3.0,0.77,13,1,Low,Low
2026-08-04 13:00:00,railway-station,69,46.5,84,34.3,5.7,4.5,0.73,13,1,Moderate,Low
2026-08-04 13:00:00,airport-road,31,57.8,56,24.6,9.4,5.9,0.7,13,1,Low,Low
2026-08-04 13:00:00,industrial-area,31,56.1,63,34.2,1.4,0.7,0.43,13,1,Low,Low
2026-08-04 13:00:00,city-hospital,29,59.6,75,24.3,2.9,2.2,0.65,13,1,Low,Low
2026-08-04 13:00:00,residential-zone,46,52.8,66,21.8,7.5,5.7,0.62,13,1,Low,Low
2026-08-04 13:00:00,river-zone,44,55.6,79,23.5,7.2,3.7,0.98,13,1,Low,Low
2026-08-04 13:00:00,bus-terminal,51,53.5,79,28.7,1.9,1.4,0.48,13,1,Low,Low
2026-08-04 13:15:00,central-junction,57,51.7,74,26.6,1.1,0.9,0.58,13,1,Low,Low
2026-08-04 13:15:00,railway-station,45,51.7,76,23.4,2.8,2.2,0.48,13,1,Low,Low
2026-08-04 13:15:00,airport-road,23,56.6,38,30.1,5.2,2.7,0.64,13,1,Low,Low
2026-08-04 13:15:00,industrial-area,36,58.0,89,23.6,3.2,2.1,0.58,13,1,Low,Low
2026-08-04 13:15:00,city-hospital,36,53.3,72,28.2,9.0,7.5,0.9,13,1,Low,Low
2026-08-04 13:15:00,residential-zone,41,57.7,71,32.4,3.9,1.8,0.56,13,1,Low,Low
2026-08-04 13:15:00,river-zone,60,48.8,74,29.5,8.3,7.0,1.21,13,1,Moderate,Moderate
2026-08-04 13:15:00,bus-terminal,55,50.9,91,29.2,6.1,4.6,0.53,13,1,Low,Low
2026-08-04 13:30:00,central-junction,53,54.0,64,30.6,7.7,6.8,0.87,13,1,Low,Low
2026-08-04 13:30:00,railway-station,56,33.7,75,15.4,132.9,105.1,5.03,13,1,Moderate,Critical
2026-08-04 13:30:00,airport-road,31,41.4,44,19.1,105.0,77.4,4.14,13,1,Low,Critical
2026-08-04 13:30:00,industrial-area,29,55.7,72,30.9,8.7,4.3,0.62,13,1,Low,Low
2026-08-04 13:30:00,city-hospital,42,57.1,60,23.9,2.6,2.0,0.59,13,1,Low,Low
2026-08-04 13:30:00,residential-zone,25,58.6,75,25.5,2.3,2.0,0.42,13,1,Low,Low
2026-08-04 13:30:00,river-zone,36,58.4,53,31.8,8.8,6.9,1.19,13,1,Low,Moderate
2026-08-04 13:30:00,bus-terminal,53,54.2,46,30.0,8.1,4.2,0.66,13,1,Low,Low
2026-08-04 13:45:00,central-junction,49,52.4,80,27.6,6.3,5.3,0.58,13,1,Low,Low
2026-08-04 13:45:00,railway-station,51,53.1,74,32.9,0.6,0.4,0.59,13,1,Low,Low
2026-08-04 13:45:00,airport-road,37,57.3,58,30.6,3.6,1.8,0.63,13,1,Low,Low
2026-08-04 13:45:00,industrial-area,25,53.7,71,22.2,58.7,30.3,2.64,13,1,Low,Critical
2026-08-04 13:45:00,city-hospital,67,47.3,85,27.8,3.9,2.7,0.61,13,1,Moderate,Low
2026-08-04 13:45:00,residential-zone,28,61.1,72,29.7,4.0,3.4,0.6,13,1,Low,Low
2026-08-04 13:45:00,river-zone,49,53.6,63,24.4,1.4,1.1,0.93,13,1,Low,Low
2026-08-04 13:45:00,bus-terminal,47,52.0,67,24.6,0.6,0.4,0.61,13,1,Low,Low
2026-08-04 14:00:00,central-junction,62,48.8,88,35.3,5.8,4.4,0.64,14,1,Moderate,Low
2026-08-04 14:00:00,railway-station,79,50.1,73,28.9,3.1,2.2,0.49,14,1,Moderate,Low
2026-08-04 14:00:00,airport-road,45,58.0,80,34.7,0.4,0.2,0.44,14,1,Low,Low
2026-08-04 14:00:00,industrial-area,42,56.4,69,22.9,5.5,4.9,0.68,14,1,Low,Low
2026-08-04 14:00:00,city-hospital,30,55.3,39,22.3,1.1,0.8,0.48,14,1,Low,Low
2026-08-04 14:00:00,residential-zone,53,50.2,65,34.2,2.3,1.8,0.46,14,1,Low,Low
2026-08-04 14:00:00,river-zone,27,57.6,77,26.4,9.8,4.9,1.02,14,1,Low,Low
2026-08-04 14:00:00,bus-terminal,81,47.8,61,32.7,0.2,0.1,0.43,14,1,Moderate,Low
2026-08-04 14:15:00,central-junction,56,53.7,73,32.3,8.2,7.3,0.83,14,1,Low,Low
2026-08-04 14:15:00,railway-station,36,56.2,57,25.2,5.7,2.6,0.62,14,1,Low,Low
2026-08-04 14:15:00,airport-road,25,54.6,50,21.7,48.7,22.9,2.11,14,1,Low,High
2026-08-04 14:15:00,industrial-area,33,59.9,71,27.7,3.2,1.8,0.62,14,1,Low,Low
2026-08-04 14:15:00,city-hospital,28,56.7,74,26.8,0.9,0.4,0.52,14,1,Low,Low
2026-08-04 14:15:00,residential-zone,29,55.2,45,28.5,37.3,16.3,1.73,14,1,Low,High
2026-08-04 14:15:00,river-zone,37,54.3,50,29.2,6.9,3.8,1.18,14,1,Low,Moderate
2026-08-04 14:15:00,bus-terminal,77,50.7,74,35.8,2.1,1.1,0.47,14,1,Moderate,Low
2026-08-04 14:30:00,central-junction,39,55.6,88,24.3,7.0,5.4,0.8,14,1,Low,Low
2026-08-04 14:30:00,railway-station,40,53.1,74,25.3,25.3,15.3,1.29,14,1,Low,Moderate
2026-08-04 14:30:00,airport-road,50,51.8,90,28.6,4.4,3.2,0.71,14,1,Low,Low
2026-08-04 14:30:00,industrial-area,29,60.6,89,24.1,0.8,0.3,0.37,14,1,Low,Low
2026-08-04 14:30:00,city-hospital,31,56.8,53,33.1,1.2,1.0,0.51,14,1,Low,Low
2026-08-04 14:30:00,residential-zone,25,56.0,52,22.4,9.1,7.0,0.83,14,1,Low,Low
2026-08-04 14:30:00,river-zone,45,52.5,73,31.0,9.5,8.1,1.19,14,1,Low,Moderate
2026-08-04 14:30:00,bus-terminal,77,45.3,67,26.1,3.0,2.5,0.69,14,1,Moderate,Low
2026-08-04 14:45:00,central-junction,41,54.2,81,32.4,25.2,11.7,1.19,14,1,Low,Moderate
2026-08-04 14:45:00,railway-station,67,46.6,86,29.6,9.8,7.3,0.86,14,1,Moderate,Low
2026-08-04 14:45:00,airport-road,28,60.9,69,24.0,4.2,2.8,0.74,14,1,Low,Low
2026-08-04 14:45:00,industrial-area,41,36.7,78,15.0,128.9,54.7,4.93,14,1,Low,Critical
2026-08-04 14:45:00,city-hospital,34,46.1,72,28.8,68.2,33.0,2.84,14,1,Low,Critical
2026-08-04 14:45:00,residential-zone,31,41.8,41,16.6,104.7,79.1,3.97,14,1,Low,Critical
2026-08-04 14:45:00,river-zone,31,55.2,86,28.7,3.9,2.2,1.05,14,1,Low,Low
2026-08-04 14:45:00,bus-terminal,34,54.5,81,28.8,9.0,7.3,0.83,14,1,Low,Low
2026-08-04 15:00:00,central-junction,59,50.6,79,28.0,9.4,5.3,0.72,15,1,Low,Low
2026-08-04 15:00:00,railway-station,77,49.0,74,35.3,2.5,1.6,0.58,15,1,Moderate,Low
2026-08-04 15:00:00,airport-road,28,55.1,75,24.4,10.0,4.7,0.84,15,1,Low,Low
2026-08-04 15:00:00,industrial-area,29,60.0,71,35.2,2.5,2.1,0.5,15,1,Low,Low
2026-08-04 15:00:00,city-hospital,27,60.1,47,27.2,5.7,3.9,0.69,15,1,Low,Low
2026-08-04 15:00:00,residential-zone,59,51.9,59,23.5,4.1,2.3,0.64,15,1,Low,Low
2026-08-04 15:00:00,river-zone,46,53.1,68,34.4,2.0,1.0,0.73,15,1,Low,Low
2026-08-04 15:00:00,bus-terminal,79,44.2,87,28.9,9.9,4.4,0.74,15,1,Moderate,Low
2026-08-04 15:15:00,central-junction,40,54.2,42,30.8,3.9,3.1,0.45,15,1,Low,Low
2026-08-04 15:15:00,railway-station,49,54.0,82,31.0,1.5,1.3,0.64,15,1,Low,Low
2026-08-04 15:15:00,airport-road,48,52.5,86,28.7,9.5,3.8,0.87,15,1,Low,Low
2026-08-04 15:15:00,industrial-area,52,55.0,116,32.5,8.7,3.9,0.87,15,1,Low,Low
2026-08-04 15:15:00,city-hospital,57,44.5,58,17.7,69.7,42.1,2.83,15,1,Moderate,Critical
2026-08-04 15:15:00,residential-zone,21,59.2,49,21.8,6.7,3.6,0.67,15,1,Low,Low
2026-08-04 15:15:00,river-zone,28,56.1,61,30.3,9.9,4.0,1.27,15,1,Low,Moderate
2026-08-04 15:15:00,bus-terminal,50,55.1,64,35.2,0.8,0.4,0.63,15,1,Low,Low
2026-08-04 15:30:00,central-junction,61,41.3,49,21.2,83.6,63.8,3.44,15,1,Moderate,Critical
2026-08-04 15:30:00,railway-station,32,44.9,74,17.7,74.2,44.1,3.0,15,1,Low,Critical
2026-08-04 15:30:00,airport-road,50,49.7,94,35.2,9.5,5.6,0.68,15,1,Low,Low
2026-08-04 15:30:00,industrial-area,44,52.2,81,24.6,1.4,1.0,0.42,15,1,Low,Low
2026-08-04 15:30:00,city-hospital,25,58.1,72,26.0,2.7,2.2,0.59,15,1,Low,Low
2026-08-04 15:30:00,residential-zone,22,54.3,50,26.6,34.2,29.0,1.79,15,1,Low,High
2026-08-04 15:30:00,river-zone,19,59.2,69,27.7,2.5,1.9,0.83,15,1,Low,Low
2026-08-04 15:30:00,bus-terminal,37,56.0,67,23.7,8.8,7.2,0.9,15,1,Low,Low
2026-08-04 15:45:00,central-junction,37,55.3,77,22.6,9.7,8.0,0.87,15,1,Low,Low
2026-08-04 15:45:00,railway-station,39,58.1,43,35.5,1.4,1.1,0.44,15,1,Low,Low
2026-08-04 15:45:00,airport-road,37,57.8,54,34.6,3.3,1.4,0.7,15,1,Low,Low
2026-08-04 15:45:00,industrial-area,34,57.5,59,23.8,7.3,5.3,0.74,15,1,Low,Low
2026-08-04 15:45:00,city-hospital,49,53.9,58,30.6,7.4,3.5,0.61,15,1,Low,Low
2026-08-04 15:45:00,residential-zone,60,50.8,61,24.1,5.3,3.4,0.54,15,1,Low,Low
2026-08-04 15:45:00,river-zone,45,53.4,68,29.0,4.1,3.2,0.97,15,1,Low,Low
2026-08-04 15:45:00,bus-terminal,42,43.3,71,24.7,76.1,58.0,3.25,15,1,Low,Critical
2026-08-04 16:00:00,central-junction,47,52.6,77,26.0,5.0,3.2,0.63,16,1,Low,Low
2026-08-04 16:00:00,railway-station,49,55.9,56,31.9,4.8,2.2,0.56,16,1,Low,Low
2026-08-04 16:00:00,airport-road,45,55.6,78,30.7,6.9,4.2,0.81,16,1,Low,Low
2026-08-04 16:00:00,industrial-area,33,56.1,89,29.2,2.0,1.3,0.4,16,1,Low,Low
2026-08-04 16:00:00,city-hospital,27,59.9,51,33.2,4.8,2.0,0.56,16,1,Low,Low
2026-08-04 16:00:00,residential-zone,21,55.6,54,32.4,26.7,18.4,1.43,16,1,Low,Moderate
2026-08-04 16:00:00,river-zone,22,61.1,65,29.2,9.5,6.5,1.18,16,1,Low,Moderate
2026-08-04 16:00:00,bus-terminal,40,58.0,79,34.9,3.5,1.5,0.56,16,1,Low,Low
2026-08-04 16:15:00,central-junction,52,52.7,59,27.4,1.8,0.8,0.39,16,1,Low,Low
2026-08-04 16:15:00,railway-station,36,54.2,70,31.2,7.7,6.2,0.6,16,1,Low,Low
2026-08-04 16:15:00,airport-road,48,53.7,54,31.7,8.6,5.9,0.71,16,1,Low,Low
2026-08-04 16:15:00,industrial-area,42,53.8,86,29.1,5.8,4.8,0.54,16,1,Low,Low
2026-08-04 16:15:00,city-hospital,42,55.5,83,33.6,1.0,0.8,0.56,16,1,Low,Low
2026-08-04 16:15:00,residential-zone,35,55.8,50,22.7,8.6,7.1,0.77,16,1,Low,Low
2026-08-04 16:15:00,river-zone,55,54.3,69,31.0,3.8,2.8,1.03,16,1,Low,Low
2026-08-04 16:15:00,bus-terminal,73,45.7,57,27.5,6.3,2.5,0.69,16,1,Moderate,Low
2026-08-04 16:30:00,central-junction,85,42.3,61,29.2,9.0,6.4,0.83,16,1,Moderate,Low
2026-08-04 16:30:00,railway-station,22,58.5,47,28.1,3.1,1.3,0.71,16,1,Low,Low
2026-08-04 16:30:00,airport-road,44,56.0,69,33.7,0.5,0.3,0.6,16,1,Low,Low
2026-08-04 16:30:00,industrial-area,52,52.0,112,23.4,6.6,5.0,0.55,16,1,Low,Low
2026-08-04 16:30:00,city-hospital,37,55.2,47,30.9,8.4,5.8,0.72,16,1,Low,Low
2026-08-04 16:30:00,residential-zone,20,60.7,68,28.4,0.3,0.2,0.51,16,1,Low,Low
2026-08-04 16:30:00,river-zone,31,57.4,74,29.4,1.3,0.9,0.98,16,1,Low,Low
2026-08-04 16:30:00,bus-terminal,46,54.8,79,26.5,9.9,7.5,0.77,16,1,Low,Low
2026-08-04 16:45:00,central-junction,28,57.4,51,30.2,9.2,6.7,0.78,16,1,Low,Low
2026-08-04 16:45:00,railway-station,65,49.4,57,23.6,0.4,0.3,0.36,16,1,Moderate,Low
2026-08-04 16:45:00,airport-road,39,52.9,61,28.2,8.0,5.1,0.72,16,1,Low,Low
2026-08-04 16:45:00,industrial-area,23,57.9,73,30.5,2.2,1.0,0.43,16,1,Low,Low
2026-08-04 16:45:00,city-hospital,42,57.2,77,26.8,0.3,0.3,0.52,16,1,Low,Low
2026-08-04 16:45:00,residential-zone,52,45.2,55,25.8,74.6,49.0,3.17,16,1,Moderate,Critical
2026-08-04 16:45:00,river-zone,53,51.2,78,27.5,4.6,3.7,0.97,16,1,Low,Low
2026-08-04 16:45:00,bus-terminal,66,45.3,82,29.1,26.6,21.3,1.35,16,1,Moderate,Moderate
2026-08-04 17:00:00,central-junction,165,29.1,87,27.3,1.7,1.1,0.5,17,1,High,Low
2026-08-04 17:00:00,railway-station,122,40.1,89,33.2,4.1,2.0,0.45,17,1,Moderate,Low
2026-08-04 17:00:00,airport-road,88,44.3,78,22.1,9.0,7.6,0.64,17,1,Moderate,Low
2026-08-04 17:00:00,industrial-area,51,53.0,91,33.0,9.3,4.8,0.83,17,1,Low,Low
2026-08-04 17:00:00,city-hospital,56,50.5,51,27.0,2.7,1.9,0.6,17,1,Low,Low
2026-08-04 17:00:00,residential-zone,76,49.8,79,22.2,6.6,3.7,0.82,17,1,Moderate,Low
2026-08-04 17:00:00,river-zone,100,41.2,87,21.7,6.1,2.8,1.11,17,1,Moderate,Low
2026-08-04 17:00:00,bus-terminal,139,34.6,103,33.5,1.6,0.8,0.54,17,1,High,Low
2026-08-04 17:15:00,central-junction,86,38.9,72,18.3,66.1,34.8,2.72,17,1,Moderate,Critical
2026-08-04 17:15:00,railway-station,178,23.6,103,31.9,4.7,2.9,0.62,17,1,Critical,Low
2026-08-04 17:15:00,airport-road,115,22.5,71,20.9,134.2,77.8,5.2,17,1,High,Critical
2026-08-04 17:15:00,industrial-area,67,48.9,85,21.4,8.6,4.6,0.69,17,1,Moderate,Low
2026-08-04 17:15:00,city-hospital,73,49.3,95,30.6,1.8,1.2,0.54,17,1,Moderate,Low
2026-08-04 17:15:00,residential-zone,84,47.7,83,33.2,8.5,4.8,0.84,17,1,Moderate,Low
2026-08-04 17:15:00,river-zone,85,47.2,83,23.6,4.8,2.2,1.04,17,1,Moderate,Low
2026-08-04 17:15:00,bus-terminal,175,22.9,86,26.6,7.4,3.8,0.82,17,1,Critical,Low
2026-08-04 17:30:00,central-junction,171,27.3,113,34.0,5.8,3.0,0.69,17,1,Critical,Low
2026-08-04 17:30:00,railway-station,147,33.0,99,31.4,5.1,2.9,0.49,17,1,High,Low
2026-08-04 17:30:00,airport-road,141,31.5,101,28.3,0.6,0.2,0.57,17,1,High,Low
2026-08-04 17:30:00,industrial-area,147,23.0,116,17.8,71.9,63.8,3.01,17,1,Critical,Critical
2026-08-04 17:30:00,city-hospital,120,38.2,85,35.2,4.2,2.2,0.49,17,1,Moderate,Low
2026-08-04 17:30:00,residential-zone,130,33.6,95,33.4,9.9,7.0,0.89,17,1,High,Low
2026-08-04 17:30:00,river-zone,69,41.0,71,32.4,40.1,34.4,2.34,17,1,Moderate,High
2026-08-04 17:30:00,bus-terminal,167,21.5,77,30.4,35.5,28.1,1.74,17,1,Critical,High
2026-08-04 17:45:00,central-junction,83,45.4,92,32.1,7.7,3.7,0.58,17,1,Moderate,Low
2026-08-04 17:45:00,railway-station,164,23.6,95,29.9,28.7,18.9,1.38,17,1,Critical,Moderate
2026-08-04 17:45:00,airport-road,102,39.9,76,22.3,0.7,0.6,0.56,17,1,Moderate,Low
2026-08-04 17:45:00,industrial-area,66,49.9,62,31.3,3.5,2.6,0.51,17,1,Moderate,Low
2026-08-04 17:45:00,city-hospital,79,44.3,81,32.4,3.1,2.3,0.57,17,1,Moderate,Low
2026-08-04 17:45:00,residential-zone,74,49.4,81,30.3,6.5,5.4,0.65,17,1,Moderate,Low
2026-08-04 17:45:00,river-zone,117,26.0,79,23.2,96.8,40.8,4.06,17,1,High,Critical
2026-08-04 17:45:00,bus-terminal,95,41.0,88,22.6,9.3,3.8,0.69,17,1,Moderate,Low
2026-08-04 18:00:00,central-junction,92,45.1,71,26.8,1.9,1.4,0.47,18,1,Moderate,Low
2026-08-04 18:00:00,railway-station,77,45.1,65,31.5,9.9,4.3,0.94,18,1,Moderate,Low
2026-08-04 18:00:00,airport-road,74,47.3,82,21.6,7.7,4.5,0.57,18,1,Moderate,Low
2026-08-04 18:00:00,industrial-area,112,39.9,91,32.4,3.3,1.7,0.7,18,1,Moderate,Low
2026-08-04 18:00:00,city-hospital,131,32.5,81,22.9,9.7,6.4,0.79,18,1,High,Low
2026-08-04 18:00:00,residential-zone,97,40.8,97,35.4,3.7,2.7,0.53,18,1,Moderate,Low
2026-08-04 18:00:00,river-zone,163,13.8,95,26.8,83.8,42.5,3.67,18,1,Critical,Critical
2026-08-04 18:00:00,bus-terminal,79,46.9,86,29.6,5.8,4.9,0.55,18,1,Moderate,Low
2026-08-04 18:15:00,central-junction,138,32.5,94,31.4,0.1,0.1,0.46,18,1,High,Low
2026-08-04 18:15:00,railway-station,148,29.9,79,22.0,4.8,2.7,0.76,18,1,High,Low
2026-08-04 18:15:00,airport-road,80,35.8,74,26.1,61.5,31.2,2.71,18,1,Moderate,Critical
2026-08-04 18:15:00,industrial-area,110,41.5,85,27.4,8.3,6.5,0.87,18,1,Moderate,Low
2026-08-04 18:15:00,city-hospital,111,43.5,98,27.5,0.6,0.4,0.57,18,1,Moderate,Low
2026-08-04 18:15:00,residential-zone,115,30.8,86,28.0,45.3,36.3,2.02,18,1,High,High
2026-08-04 18:15:00,river-zone,101,27.5,73,18.8,84.9,59.7,3.7,18,1,High,Critical
2026-08-04 18:15:00,bus-terminal,125,37.4,63,30.6,4.9,2.5,0.6,18,1,High,Low
2026-08-04 18:30:00,central-junction,107,42.6,72,31.9,5.8,2.9,0.76,18,1,Moderate,Low
2026-08-04 18:30:00,railway-station,168,28.4,97,31.4,4.1,3.5,0.52,18,1,High,Low
2026-08-04 18:30:00,airport-road,142,30.7,90,34.3,8.5,6.4,0.78,18,1,High,Low
2026-08-04 18:30:00,industrial-area,135,36.0,97,34.5,1.5,1.3,0.62,18,1,High,Low
2026-08-04 18:30:00,city-hospital,102,40.4,90,27.5,9.3,6.6,0.92,18,1,Moderate,Low
2026-08-04 18:30:00,residential-zone,56,54.8,84,34.5,3.0,2.1,0.41,18,1,Low,Low
2026-08-04 18:30:00,river-zone,77,44.3,61,26.7,7.9,6.3,1.07,18,1,Moderate,Low
2026-08-04 18:30:00,bus-terminal,148,26.6,85,28.6,24.5,18.0,1.42,18,1,High,Moderate
2026-08-04 18:45:00,central-junction,139,24.9,93,28.9,54.0,31.6,2.36,18,1,High,High
2026-08-04 18:45:00,railway-station,118,38.8,63,29.0,8.4,6.4,0.7,18,1,Moderate,Low
2026-08-04 18:45:00,airport-road,66,47.5,60,28.7,8.9,7.8,0.82,18,1,Moderate,Low
2026-08-04 18:45:00,industrial-area,123,36.3,104,27.3,9.4,5.7,0.7,18,1,High,Low
2026-08-04 18:45:00,city-hospital,69,49.6,77,22.5,3.5,2.5,0.71,18,1,Moderate,Low
2026-08-04 18:45:00,residential-zone,71,47.5,87,26.1,1.4,1.0,0.4,18,1,Moderate,Low
2026-08-04 18:45:00,river-zone,100,35.7,77,22.7,47.6,42.3,2.59,18,1,Moderate,Critical
2026-08-04 18:45:00,bus-terminal,136,35.5,89,28.4,3.5,2.6,0.49,18,1,High,Low
2026-08-04 19:00:00,central-junction,81,47.4,65,23.1,7.0,5.7,0.6,19,1,Moderate,Low
2026-08-04 19:00:00,railway-station,147,32.4,114,23.8,4.5,2.8,0.6,19,1,High,Low
2026-08-04 19:00:00,airport-road,154,29.9,101,33.5,8.2,6.5,0.74,19,1,High,Low
2026-08-04 19:00:00,industrial-area,93,44.1,127,33.0,0.3,0.2,0.52,19,1,Moderate,Low
2026-08-04 19:00:00,city-hospital,133,35.9,99,30.0,8.0,7.2,0.59,19,1,High,Low
2026-08-04 19:00:00,residential-zone,106,39.8,73,34.3,5.8,4.0,0.75,19,1,Moderate,Low
2026-08-04 19:00:00,river-zone,121,38.4,92,27.7,5.6,3.7,0.86,19,1,Moderate,Low
2026-08-04 19:00:00,bus-terminal,90,36.2,61,23.5,56.7,28.6,2.35,19,1,Moderate,High
2026-08-04 19:15:00,central-junction,165,29.1,85,25.0,3.1,2.2,0.53,19,1,High,Low
2026-08-04 19:15:00,railway-station,126,35.9,91,30.2,4.5,2.6,0.58,19,1,High,Low
2026-08-04 19:15:00,airport-road,89,47.6,68,30.9,2.1,1.6,0.6,19,1,Moderate,Low
2026-08-04 19:15:00,industrial-area,71,50.5,75,25.5,9.4,7.2,0.74,19,1,Moderate,Low
2026-08-04 19:15:00,city-hospital,102,39.7,75,25.8,5.5,4.3,0.72,19,1,Moderate,Low
2026-08-04 19:15:00,residential-zone,99,43.9,85,26.1,2.1,1.1,0.52,19,1,Moderate,Low
2026-08-04 19:15:00,river-zone,71,47.8,61,27.3,6.1,3.7,0.97,19,1,Moderate,Low
2026-08-04 19:15:00,bus-terminal,69,40.2,71,30.0,65.3,52.2,2.61,19,1,Moderate,Critical
2026-08-04 19:30:00,central-junction,91,42.3,78,22.0,9.9,5.2,0.73,19,1,Moderate,Low
2026-08-04 19:30:00,railway-station,90,33.0,90,24.8,63.1,30.6,2.67,19,1,Moderate,Critical
2026-08-04 19:30:00,airport-road,87,46.0,101,25.0,9.9,4.5,0.68,19,1,Moderate,Low
2026-08-04 19:30:00,industrial-area,149,30.7,116,33.3,1.0,0.6,0.5,19,1,High,Low
2026-08-04 19:30:00,city-hospital,108,41.7,87,31.9,4.1,1.6,0.68,19,1,Moderate,Low
2026-08-04 19:30:00,residential-zone,59,50.9,85,27.4,9.3,5.2,0.68,19,1,Low,Low
2026-08-04 19:30:00,river-zone,115,39.5,69,27.0,3.6,3.1,0.92,19,1,Moderate,Low
2026-08-04 19:30:00,bus-terminal,85,44.5,80,30.2,0.2,0.2,0.46,19,1,Moderate,Low
2026-08-04 19:45:00,central-junction,191,17.6,88,25.6,38.8,17.9,1.74,19,1,Critical,High
2026-08-04 19:45:00,railway-station,71,49.5,95,26.9,3.3,1.5,0.71,19,1,Moderate,Low
2026-08-04 19:45:00,airport-road,143,18.8,89,26.9,81.7,61.4,3.43,19,1,Critical,Critical
2026-08-04 19:45:00,industrial-area,99,43.7,80,21.9,9.2,6.0,0.73,19,1,Moderate,Low
2026-08-04 19:45:00,city-hospital,70,48.4,91,27.9,3.5,2.0,0.47,19,1,Moderate,Low
2026-08-04 19:45:00,residential-zone,67,47.6,64,30.0,1.3,1.1,0.59,19,1,Moderate,Low
2026-08-04 19:45:00,river-zone,81,45.1,98,23.4,7.8,4.5,1.0,19,1,Moderate,Low
2026-08-04 19:45:00,bus-terminal,145,31.3,96,34.3,6.6,3.1,0.59,19,1,High,Low
2026-08-04 20:00:00,central-junction,186,22.0,114,30.7,23.9,15.5,1.39,20,1,Critical,Moderate
2026-08-04 20:00:00,railway-station,128,33.0,85,21.9,6.8,5.0,0.8,20,1,High,Low
2026-08-04 20:00:00,airport-road,85,44.6,57,28.1,4.5,2.4,0.52,20,1,Moderate,Low
2026-08-04 20:00:00,industrial-area,118,41.1,88,34.5,5.3,3.9,0.64,20,1,Moderate,Low
2026-08-04 20:00:00,city-hospital,107,32.4,65,26.8,41.9,37.4,2.06,20,1,High,High
2026-08-04 20:00:00,residential-zone,131,32.8,101,29.5,3.4,2.2,0.62,20,1,High,Low
2026-08-04 20:00:00,river-zone,62,49.6,79,24.8,4.9,3.6,1.0,20,1,Moderate,Low
2026-08-04 20:00:00,bus-terminal,94,45.6,64,30.1,5.9,4.1,0.71,20,1,Moderate,Low
2026-08-04 20:15:00,central-junction,62,39.5,60,28.0,87.8,62.1,3.58,20,1,Moderate,Critical
2026-08-04 20:15:00,railway-station,158,31.1,78,25.0,7.5,3.7,0.85,20,1,High,Low
2026-08-04 20:15:00,airport-road,69,50.3,86,33.4,5.8,2.8,0.74,20,1,Moderate,Low
2026-08-04 20:15:00,industrial-area,123,35.7,99,25.2,8.4,4.9,0.6,20,1,High,Low
2026-08-04 20:15:00,city-hospital,141,32.2,68,35.0,0.8,0.4,0.61,20,1,High,Low
2026-08-04 20:15:00,residential-zone,86,44.8,75,28.6,9.9,7.1,0.86,20,1,Moderate,Low
2026-08-04 20:15:00,river-zone,143,33.8,105,23.7,5.8,5.2,1.11,20,1,High,Low
2026-08-04 20:15:00,bus-terminal,167,29.4,85,29.0,4.2,3.3,0.48,20,1,High,Low
2026-08-04 20:30:00,central-junction,80,43.7,85,24.8,8.8,4.1,0.86,20,1,Moderate,Low
2026-08-04 20:30:00,railway-station,86,33.3,71,23.1,81.6,67.2,3.21,20,1,Moderate,Critical
2026-08-04 20:30:00,airport-road,107,23.6,46,14.6,125.3,62.6,4.79,20,1,High,Critical
2026-08-04 20:30:00,industrial-area,66,52.5,72,26.0,4.8,2.2,0.58,20,1,Moderate,Low
2026-08-04 20:30:00,city-hospital,130,36.2,94,27.4,9.3,5.6,0.63,20,1,High,Low
2026-08-04 20:30:00,residential-zone,62,51.0,59,24.1,7.0,5.9,0.64,20,1,Low,Low
2026-08-04 20:30:00,river-zone,99,43.3,87,31.5,2.2,1.8,0.76,20,1,Moderate,Low
2026-08-04 20:30:00,bus-terminal,91,46.5,56,26.9,7.1,4.6,0.79,20,1,Moderate,Low
2026-08-04 20:45:00,central-junction,136,34.7,89,22.5,6.3,4.9,0.63,20,1,High,Low
2026-08-04 20:45:00,railway-station,121,30.6,76,23.2,71.8,60.6,2.91,20,1,High,Critical
2026-08-04 20:45:00,airport-road,72,48.8,81,28.5,5.7,4.8,0.74,20,1,Moderate,Low
2026-08-04 20:45:00,industrial-area,90,44.9,108,30.5,4.2,2.8,0.5,20,1,Moderate,Low
2026-08-04 20:45:00,city-hospital,67,49.1,54,29.0,3.0,2.0,0.46,20,1,Moderate,Low
2026-08-04 20:45:00,residential-zone,151,29.8,80,35.2,1.4,1.0,0.64,20,1,High,Low
2026-08-04 20:45:00,river-zone,83,49.3,77,30.9,2.3,1.2,0.86,20,1,Moderate,Low
2026-08-04 20:45:00,bus-terminal,130,38.4,64,25.7,2.6,2.2,0.39,20,1,High,Low
2026-08-04 21:00:00,central-junction,57,50.0,55,30.6,32.5,15.8,1.54,21,1,Moderate,Moderate
2026-08-04 21:00:00,railway-station,63,52.5,61,31.3,1.9,0.9,0.53,21,1,Low,Low
2026-08-04 21:00:00,airport-road,40,57.8,62,31.4,7.0,5.4,0.64,21,1,Low,Low
2026-08-04 21:00:00,industrial-area,53,50.4,101,27.7,4.4,2.0,0.55,21,1,Low,Low
2026-08-04 21:00:00,city-hospital,26,55.7,53,28.5,8.7,6.7,0.61,21,1,Low,Low
2026-08-04 21:00:00,residential-zone,61,53.6,70,33.6,1.1,0.8,0.55,21,1,Low,Low
2026-08-04 21:00:00,river-zone,23,61.6,46,23.0,3.4,1.6,1.0,21,1,Low,Low
2026-08-04 21:00:00,bus-terminal,32,56.7,72,33.6,8.3,4.3,0.81,21,1,Low,Low
2026-08-04 21:15:00,central-junction,39,48.8,59,27.6,31.0,13.1,1.61,21,1,Low,Moderate
2026-08-04 21:15:00,railway-station,32,46.0,69,24.9,60.7,54.6,2.61,21,1,Low,Critical
2026-08-04 21:15:00,airport-road,26,59.8,50,31.5,9.5,8.5,0.74,21,1,Low,Low
2026-08-04 21:15:00,industrial-area,44,53.1,88,26.8,4.2,1.8,0.56,21,1,Low,Low
2026-08-04 21:15:00,city-hospital,42,53.5,53,30.9,3.5,1.5,0.51,21,1,Low,Low
2026-08-04 21:15:00,residential-zone,24,60.1,48,30.1,6.7,6.0,0.83,21,1,Low,Low
2026-08-04 21:15:00,river-zone,28,59.6,63,28.6,3.8,1.9,0.8,21,1,Low,Low
2026-08-04 21:15:00,bus-terminal,44,55.3,67,24.6,1.8,1.1,0.55,21,1,Low,Low
2026-08-04 21:30:00,central-junction,39,55.7,61,33.7,7.3,5.3,0.8,21,1,Low,Low
2026-08-04 21:30:00,railway-station,52,54.1,50,23.0,6.7,4.6,0.59,21,1,Low,Low
2026-08-04 21:30:00,airport-road,26,61.1,47,22.3,2.7,2.0,0.41,21,1,Low,Low
2026-08-04 21:30:00,industrial-area,54,54.0,119,24.1,1.4,1.2,0.38,21,1,Low,Low
2026-08-04 21:30:00,city-hospital,34,45.9,67,20.9,69.2,46.2,2.92,21,1,Low,Critical
2026-08-04 21:30:00,residential-zone,42,53.5,80,24.5,6.2,2.6,0.6,21,1,Low,Low
2026-08-04 21:30:00,river-zone,24,59.7,46,21.8,5.9,3.3,0.92,21,1,Low,Low
2026-08-04 21:30:00,bus-terminal,50,55.7,82,32.8,1.9,0.8,0.62,21,1,Low,Low
2026-08-04 21:45:00,central-junction,45,55.0,81,32.9,9.4,5.5,0.79,21,1,Low,Low
2026-08-04 21:45:00,railway-station,58,53.8,56,34.1,1.6,1.2,0.45,21,1,Low,Low
2026-08-04 21:45:00,airport-road,37,54.4,78,31.7,6.9,4.0,0.83,21,1,Low,Low
2026-08-04 21:45:00,industrial-area,42,55.3,78,26.8,3.9,2.4,0.71,21,1,Low,Low
2026-08-04 21:45:00,city-hospital,38,59.1,61,26.5,2.9,1.4,0.59,21,1,Low,Low
2026-08-04 21:45:00,residential-zone,52,55.2,80,24.0,7.3,3.1,0.67,21,1,Low,Low
2026-08-04 21:45:00,river-zone,28,60.7,44,23.5,5.2,2.3,0.87,21,1,Low,Low
2026-08-04 21:45:00,bus-terminal,55,51.5,82,25.5,9.6,7.7,0.74,21,1,Low,Low
2026-08-04 22:00:00,central-junction,70,48.0,89,34.7,3.8,2.5,0.65,22,1,Moderate,Low
2026-08-04 22:00:00,railway-station,54,53.3,51,26.1,7.6,5.2,0.81,22,1,Low,Low
2026-08-04 22:00:00,airport-road,60,53.4,81,29.1,0.4,0.2,0.57,22,1,Low,Low
2026-08-04 22:00:00,industrial-area,40,55.4,69,34.2,1.5,0.8,0.56,22,1,Low,Low
2026-08-04 22:00:00,city-hospital,50,55.9,76,27.3,0.9,0.8,0.35,22,1,Low,Low
2026-08-04 22:00:00,residential-zone,52,37.7,74,20.3,119.8,56.9,4.77,22,1,Moderate,Critical
2026-08-04 22:00:00,river-zone,25,60.9,67,32.1,7.9,3.3,1.1,22,1,Low,Low
2026-08-04 22:00:00,bus-terminal,55,50.9,56,26.0,9.5,6.4,0.83,22,1,Low,Low
2026-08-04 22:15:00,central-junction,65,49.1,59,34.1,4.1,2.4,0.54,22,1,Moderate,Low
2026-08-04 22:15:00,railway-station,79,48.0,71,33.2,9.7,6.8,0.7,22,1,Moderate,Low
2026-08-04 22:15:00,airport-road,34,58.2,71,34.0,8.5,6.9,0.88,22,1,Low,Low
2026-08-04 22:15:00,industrial-area,41,56.4,79,25.8,4.8,3.4,0.53,22,1,Low,Low
2026-08-04 22:15:00,city-hospital,40,52.3,83,26.7,9.7,5.5,0.77,22,1,Low,Low
2026-08-04 22:15:00,residential-zone,27,59.5,61,23.9,2.2,1.9,0.43,22,1,Low,Low
2026-08-04 22:15:00,river-zone,39,53.9,67,30.5,9.6,6.5,1.04,22,1,Low,Low
2026-08-04 22:15:00,bus-terminal,27,44.9,58,23.5,84.6,53.3,3.43,22,1,Low,Critical
2026-08-04 22:30:00,central-junction,49,47.0,62,21.8,31.4,21.8,1.54,22,1,Low,Moderate
2026-08-04 22:30:00,railway-station,58,53.0,83,34.7,3.3,1.5,0.56,22,1,Low,Low
2026-08-04 22:30:00,airport-road,25,58.1,72,27.9,1.3,0.8,0.62,22,1,Low,Low
2026-08-04 22:30:00,industrial-area,21,57.3,113,32.1,2.4,1.8,0.47,22,1,Low,Low
2026-08-04 22:30:00,city-hospital,51,52.9,60,33.0,2.4,1.5,0.55,22,1,Low,Low
2026-08-04 22:30:00,residential-zone,38,55.9,64,24.0,4.4,2.6,0.68,22,1,Low,Low
2026-08-04 22:30:00,river-zone,30,60.8,49,24.1,3.9,1.9,0.9,22,1,Low,Low
2026-08-04 22:30:00,bus-terminal,31,55.9,58,32.8,9.1,5.5,0.69,22,1,Low,Low
2026-08-04 22:45:00,central-junction,34,40.3,65,19.9,104.3,42.8,3.97,22,1,Low,Critical
2026-08-04 22:45:00,railway-station,41,55.4,66,26.2,9.9,4.3,0.65,22,1,Low,Low
2026-08-04 22:45:00,airport-road,22,60.2,72,25.2,5.9,4.7,0.7,22,1,Low,Low
2026-08-04 22:45:00,industrial-area,37,58.4,69,28.9,3.5,2.9,0.62,22,1,Low,Low
2026-08-04 22:45:00,city-hospital,27,59.1,46,31.2,3.7,2.7,0.45,22,1,Low,Low
2026-08-04 22:45:00,residential-zone,31,59.2,72,26.2,1.8,1.0,0.5,22,1,Low,Low
2026-08-04 22:45:00,river-zone,23,58.6,61,26.6,7.8,3.8,1.2,22,1,Low,Moderate
2026-08-04 22:45:00,bus-terminal,46,55.5,53,21.6,5.5,4.1,0.68,22,1,Low,Low
2026-08-04 23:00:00,central-junction,30,58.7,80,28.2,2.3,1.4,0.59,23,1,Low,Low
2026-08-04 23:00:00,railway-station,60,50.2,62,22.9,1.0,0.8,0.58,23,1,Low,Low
2026-08-04 23:00:00,airport-road,33,53.9,46,24.7,6.2,4.6,0.52,23,1,Low,Low
2026-08-04 23:00:00,industrial-area,21,62.1,100,24.8,2.9,1.3,0.48,23,1,Low,Low
2026-08-04 23:00:00,city-hospital,20,57.4,37,35.4,2.3,1.2,0.63,23,1,Low,Low
2026-08-04 23:00:00,residential-zone,29,58.5,55,32.5,4.0,2.3,0.48,23,1,Low,Low
2026-08-04 23:00:00,river-zone,37,55.1,71,29.5,4.2,2.6,0.91,23,1,Low,Low
2026-08-04 23:00:00,bus-terminal,50,44.7,50,29.0,74.2,47.3,3.16,23,1,Moderate,Critical
2026-08-04 23:15:00,central-junction,69,52.1,65,29.8,0.3,0.2,0.56,23,1,Moderate,Low
2026-08-04 23:15:00,railway-station,63,51.6,81,23.6,0.7,0.3,0.33,23,1,Low,Low
2026-08-04 23:15:00,airport-road,51,51.7,66,31.9,5.0,3.5,0.74,23,1,Low,Low
2026-08-04 23:15:00,industrial-area,35,45.0,71,25.7,68.0,50.1,2.69,23,1,Low,Critical
2026-08-04 23:15:00,city-hospital,36,56.6,44,29.9,2.1,1.9,0.42,23,1,Low,Low
2026-08-04 23:15:00,residential-zone,28,58.8,73,30.8,4.3,3.4,0.49,23,1,Low,Low
2026-08-04 23:15:00,river-zone,45,53.1,88,25.9,8.9,6.1,1.03,23,1,Low,Low
2026-08-04 23:15:00,bus-terminal,56,39.9,70,27.5,79.0,38.9,3.28,23,1,Moderate,Critical
2026-08-04 23:30:00,central-junction,39,52.6,68,23.7,9.2,7.4,0.77,23,1,Low,Low
2026-08-04 23:30:00,railway-station,78,48.7,50,22.6,3.9,1.6,0.61,23,1,Moderate,Low
2026-08-04 23:30:00,airport-road,30,58.4,82,25.3,9.8,7.1,0.69,23,1,Low,Low
2026-08-04 23:30:00,industrial-area,55,52.3,108,26.1,7.4,5.9,0.64,23,1,Low,Low
2026-08-04 23:30:00,city-hospital,30,59.9,48,29.8,6.3,4.9,0.59,23,1,Low,Low
2026-08-04 23:30:00,residential-zone,27,53.3,68,21.1,45.6,40.0,1.96,23,1,Low,High
2026-08-04 23:30:00,river-zone,26,58.9,45,33.5,9.6,6.2,1.21,23,1,Low,Moderate
2026-08-04 23:30:00,bus-terminal,56,53.4,65,30.7,9.3,5.7,0.72,23,1,Low,Low
2026-08-04 23:45:00,central-junction,66,46.7,68,27.9,9.5,5.8,0.84,23,1,Moderate,Low
2026-08-04 23:45:00,railway-station,56,43.2,50,29.4,68.1,60.3,2.89,23,1,Moderate,Critical
2026-08-04 23:45:00,airport-road,42,57.2,46,34.8,5.3,4.0,0.55,23,1,Low,Low
2026-08-04 23:45:00,industrial-area,50,46.0,58,21.0,58.9,31.3,2.61,23,1,Low,Critical
2026-08-04 23:45:00,city-hospital,20,54.1,42,26.8,44.8,29.3,2.14,23,1,Low,High
2026-08-04 23:45:00,residential-zone,24,57.1,70,27.7,3.6,1.6,0.43,23,1,Low,Low
2026-08-04 23:45:00,river-zone,57,47.2,56,24.7,22.5,18.1,1.53,23,1,Low,Moderate
2026-08-04 23:45:00,bus-terminal,34,56.2,48,32.3,0.1,0.0,0.55,23,1,Low,Low
2026-08-05 00:00:00,central-junction,39,56.5,62,26.7,7.4,4.9,0.56,0,2,Low,Low
2026-08-05 00:00:00,railway-station,55,49.8,78,31.3,4.4,2.9,0.49,0,2,Low,Low
2026-08-05 00:00:00,airport-road,40,54.5,81,21.6,5.7,3.8,0.54,0,2,Low,Low
2026-08-05 00:00:00,industrial-area,37,57.0,68,26.3,5.3,3.5,0.76,0,2,Low,Low
2026-08-05 00:00:00,city-hospital,33,54.2,39,26.9,7.7,4.3,0.81,0,2,Low,Low
2026-08-05 00:00:00,residential-zone,33,55.0,81,22.4,3.2,2.4,0.48,0,2,Low,Low
2026-08-05 00:00:00,river-zone,39,53.6,60,26.5,3.9,1.6,0.79,0,2,Low,Low
2026-08-05 00:00:00,bus-terminal,25,58.7,74,22.1,5.3,2.6,0.66,0,2,Low,Low
2026-08-05 00:15:00,central-junction,43,57.4,50,35.7,3.7,2.2,0.73,0,2,Low,Low
2026-08-05 00:15:00,railway-station,59,49.1,56,26.6,9.9,6.6,0.9,0,2,Low,Low
2026-08-05 00:15:00,airport-road,63,52.0,79,34.5,1.5,1.0,0.54,0,2,Low,Low
2026-08-05 00:15:00,industrial-area,42,49.4,66,27.1,51.2,41.1,2.35,0,2,Low,Critical
2026-08-05 00:15:00,city-hospital,38,55.7,49,31.8,8.3,6.1,0.65,0,2,Low,Low
2026-08-05 00:15:00,residential-zone,31,57.7,45,34.8,5.5,2.8,0.77,0,2,Low,Low
2026-08-05 00:15:00,river-zone,47,51.4,49,34.1,3.8,1.9,1.05,0,2,Low,Low
2026-08-05 00:15:00,bus-terminal,76,47.4,56,31.4,9.9,6.9,0.82,0,2,Moderate,Low
2026-08-05 00:30:00,central-junction,48,54.3,71,30.7,9.1,6.7,0.62,0,2,Low,Low
2026-08-05 00:30:00,railway-station,34,53.7,69,24.0,9.2,6.6,0.87,0,2,Low,Low
2026-08-05 00:30:00,airport-road,48,52.2,72,33.2,6.2,2.9,0.68,0,2,Low,Low
2026-08-05 00:30:00,industrial-area,49,55.2,88,28.3,8.0,6.1,0.77,0,2,Low,Low
2026-08-05 00:30:00,city-hospital,43,56.3,77,25.3,9.7,5.0,0.84,0,2,Low,Low
2026-08-05 00:30:00,residential-zone,31,59.0,74,30.3,4.3,2.0,0.48,0,2,Low,Low
2026-08-05 00:30:00,river-zone,55,55.5,92,24.3,2.5,1.9,0.88,0,2,Low,Low
2026-08-05 00:30:00,bus-terminal,52,53.9,83,27.5,8.6,5.0,0.73,0,2,Low,Low
2026-08-05 00:45:00,central-junction,40,53.9,68,31.8,2.3,1.5,0.43,0,2,Low,Low
2026-08-05 00:45:00,railway-station,49,56.6,87,25.3,3.1,1.3,0.54,0,2,Low,Low
2026-08-05 00:45:00,airport-road,50,53.6,68,27.4,0.9,0.8,0.58,0,2,Low,Low
2026-08-05 00:45:00,industrial-area,44,55.5,93,24.9,1.7,1.1,0.4,0,2,Low,Low
2026-08-05 00:45:00,city-hospital,37,43.6,58,27.9,90.9,38.9,3.78,0,2,Low,Critical
2026-08-05 00:45:00,residential-zone,44,48.5,55,31.0,31.0,13.4,1.6,0,2,Low,Moderate
2026-08-05 00:45:00,river-zone,26,44.6,41,21.6,86.1,59.5,3.71,0,2,Low,Critical
2026-08-05 00:45:00,bus-terminal,74,46.0,78,28.3,7.8,5.6,0.6,0,2,Moderate,Low
2026-08-05 01:00:00,central-junction,28,57.7,57,30.2,4.9,2.4,0.5,1,2,Low,Low
2026-08-05 01:00:00,railway-station,45,54.6,64,30.5,7.7,6.0,0.86,1,2,Low,Low
2026-08-05 01:00:00,airport-road,21,61.5,45,28.8,7.2,4.1,0.63,1,2,Low,Low
2026-08-05 01:00:00,industrial-area,21,57.5,85,31.9,4.8,2.3,0.72,1,2,Low,Low
2026-08-05 01:00:00,city-hospital,43,53.8,63,22.5,2.3,1.7,0.58,1,2,Low,Low
2026-08-05 01:00:00,residential-zone,50,51.1,83,33.5,6.3,3.5,0.75,1,2,Low,Low
2026-08-05 01:00:00,river-zone,28,61.2,71,22.8,0.1,0.1,0.85,1,2,Low,Low
2026-08-05 01:00:00,bus-terminal,74,47.6,76,30.3,8.4,6.8,0.66,1,2,Moderate,Low
2026-08-05 01:15:00,central-junction,37,56.3,75,30.1,8.6,4.4,0.86,1,2,Low,Low
2026-08-05 01:15:00,railway-station,46,49.7,51,31.2,39.7,31.6,1.88,1,2,Low,High
2026-08-05 01:15:00,airport-road,51,51.5,52,32.8,5.8,3.0,0.6,1,2,Low,Low
2026-08-05 01:15:00,industrial-area,44,54.9,60,30.5,6.0,4.4,0.75,1,2,Low,Low
2026-08-05 01:15:00,city-hospital,20,58.1,80,23.2,7.6,4.9,0.83,1,2,Low,Low
2026-08-05 01:15:00,residential-zone,45,53.4,88,28.3,6.4,4.5,0.82,1,2,Low,Low
2026-08-05 01:15:00,river-zone,21,61.1,42,26.0,5.6,4.6,1.01,1,2,Low,Low
2026-08-05 01:15:00,bus-terminal,36,58.8,67,31.1,1.8,1.5,0.46,1,2,Low,Low
2026-08-05 01:30:00,central-junction,28,44.1,61,21.6,116.1,65.2,4.43,1,2,Low,Critical
2026-08-05 01:30:00,railway-station,53,51.7,60,32.5,0.9,0.4,0.52,1,2,Low,Low
2026-08-05 01:30:00,airport-road,49,44.3,78,15.4,84.4,42.2,3.29,1,2,Low,Critical
2026-08-05 01:30:00,industrial-area,52,37.7,98,22.2,121.7,71.8,4.58,1,2,Moderate,Critical
2026-08-05 01:30:00,city-hospital,59,48.7,70,24.5,5.0,2.1,0.68,1,2,Low,Low
2026-08-05 01:30:00,residential-zone,16,58.3,48,27.0,2.7,1.9,0.61,1,2,Low,Low
2026-08-05 01:30:00,river-zone,52,50.8,49,24.4,3.5,2.9,1.04,1,2,Low,Low
2026-08-05 01:30:00,bus-terminal,38,53.0,45,24.3,5.2,4.2,0.67,1,2,Low,Low
2026-08-05 01:45:00,central-junction,67,41.0,51,24.5,75.5,66.0,3.0,1,2,Moderate,Critical
2026-08-05 01:45:00,railway-station,64,48.4,52,34.8,1.2,0.6,0.47,1,2,Moderate,Low
2026-08-05 01:45:00,airport-road,35,56.4,72,30.2,6.5,3.8,0.64,1,2,Low,Low
2026-08-05 01:45:00,industrial-area,26,58.0,95,22.6,8.6,7.5,0.89,1,2,Low,Low
2026-08-05 01:45:00,city-hospital,46,39.4,43,15.6,119.8,56.1,4.55,1,2,Moderate,Critical
2026-08-05 01:45:00,residential-zone,25,51.9,58,31.3,47.7,25.4,2.17,1,2,Low,High
2026-08-05 01:45:00,river-zone,52,54.3,76,30.7,1.0,0.7,0.75,1,2,Low,Low
2026-08-05 01:45:00,bus-terminal,56,50.3,75,24.1,2.4,1.1,0.68,1,2,Low,Low
2026-08-05 02:00:00,central-junction,47,54.7,87,33.1,9.2,4.9,0.88,2,2,Low,Low
2026-08-05 02:00:00,railway-station,49,51.1,75,31.5,6.9,3.9,0.72,2,2,Low,Low
2026-08-05 02:00:00,airport-road,50,53.6,61,35.4,3.5,2.1,0.65,2,2,Low,Low
2026-08-05 02:00:00,industrial-area,26,61.2,88,24.1,4.1,1.9,0.69,2,2,Low,Low
2026-08-05 02:00:00,city-hospital,21,62.3,53,25.4,5.9,4.4,0.77,2,2,Low,Low
2026-08-05 02:00:00,residential-zone,27,48.9,49,23.4,56.3,30.1,2.4,2,2,Low,Critical
2026-08-05 02:00:00,river-zone,25,58.8,69,22.8,8.2,6.6,0.96,2,2,Low,Low
2026-08-05 02:00:00,bus-terminal,56,48.9,76,32.3,9.2,7.1,0.74,2,2,Low,Low
2026-08-05 02:15:00,central-junction,46,52.6,64,34.4,4.5,2.5,0.57,2,2,Low,Low
2026-08-05 02:15:00,railway-station,43,52.6,68,21.8,38.1,20.9,1.86,2,2,Low,High
2026-08-05 02:15:00,airport-road,48,50.9,77,29.9,4.0,2.1,0.51,2,2,Low,Low
2026-08-05 02:15:00,industrial-area,57,53.3,101,34.4,9.8,4.2,0.75,2,2,Low,Low
2026-08-05 02:15:00,city-hospital,35,57.9,50,35.3,1.3,1.1,0.43,2,2,Low,Low
2026-08-05 02:15:00,residential-zone,27,57.2,48,27.8,7.9,4.3,0.8,2,2,Low,Low
2026-08-05 02:15:00,river-zone,27,59.6,79,28.9,3.6,2.0,1.05,2,2,Low,Low
2026-08-05 02:15:00,bus-terminal,31,52.5,71,21.6,55.1,28.8,2.28,2,2,Low,High
2026-08-05 02:30:00,central-junction,24,62.3,42,34.8,0.0,0.0,0.45,2,2,Low,Low
2026-08-05 02:30:00,railway-station,46,52.1,46,30.0,4.8,3.1,0.55,2,2,Low,Low
2026-08-05 02:30:00,airport-road,28,58.4,43,30.1,7.8,4.7,0.77,2,2,Low,Low
2026-08-05 02:30:00,industrial-area,35,53.6,82,28.2,4.9,2.8,0.74,2,2,Low,Low
2026-08-05 02:30:00,city-hospital,40,56.4,65,29.0,5.4,4.2,0.58,2,2,Low,Low
2026-08-05 02:30:00,residential-zone,18,62.6,61,26.7,1.9,1.3,0.42,2,2,Low,Low
2026-08-05 02:30:00,river-zone,32,57.0,71,22.6,3.5,2.1,0.95,2,2,Low,Low
2026-08-05 02:30:00,bus-terminal,38,53.7,46,35.0,8.8,4.8,0.65,2,2,Low,Low
2026-08-05 02:45:00,central-junction,70,46.0,66,23.0,9.5,5.1,0.67,2,2,Moderate,Low
2026-08-05 02:45:00,railway-station,37,57.7,51,33.6,5.4,2.2,0.58,2,2,Low,Low
2026-08-05 02:45:00,airport-road,44,56.7,60,29.8,3.4,2.8,0.63,2,2,Low,Low
2026-08-05 02:45:00,industrial-area,44,54.4,70,29.3,6.0,4.5,0.51,2,2,Low,Low
2026-08-05 02:45:00,city-hospital,53,52.6,64,26.3,6.3,3.9,0.69,2,2,Low,Low
2026-08-05 02:45:00,residential-zone,23,60.2,78,35.0,7.0,3.7,0.78,2,2,Low,Low
2026-08-05 02:45:00,river-zone,28,58.6,75,22.6,2.6,1.4,0.97,2,2,Low,Low
2026-08-05 02:45:00,bus-terminal,41,56.7,51,23.4,5.9,4.8,0.65,2,2,Low,Low
2026-08-05 03:00:00,central-junction,36,58.1,42,29.8,7.5,5.1,0.6,3,2,Low,Low
2026-08-05 03:00:00,railway-station,68,48.3,87,29.5,2.1,1.7,0.63,3,2,Moderate,Low
2026-08-05 03:00:00,airport-road,46,53.5,50,29.7,2.7,2.0,0.42,3,2,Low,Low
2026-08-05 03:00:00,industrial-area,28,39.1,58,15.8,135.0,94.8,5.3,3,2,Low,Critical
2026-08-05 03:00:00,city-hospital,29,50.7,82,30.9,62.3,54.4,2.56,3,2,Low,Critical
2026-08-05 03:00:00,residential-zone,20,57.4,74,34.5,9.9,5.1,0.87,3,2,Low,Low
2026-08-05 03:00:00,river-zone,32,56.8,61,33.0,1.4,1.0,0.99,3,2,Low,Low
2026-08-05 03:00:00,bus-terminal,45,57.1,76,25.1,6.0,4.7,0.63,3,2,Low,Low
2026-08-05 03:15:00,central-junction,30,56.0,52,30.7,0.2,0.1,0.6,3,2,Low,Low
2026-08-05 03:15:00,railway-station,48,50.7,80,28.5,5.1,4.2,0.48,3,2,Low,Low
2026-08-05 03:15:00,airport-road,28,56.5,61,33.4,2.0,1.0,0.48,3,2,Low,Low
2026-08-05 03:15:00,industrial-area,50,49.4,62,33.1,23.2,16.7,1.12,3,2,Low,Moderate
2026-08-05 03:15:00,city-hospital,40,56.9,54,32.1,2.3,1.2,0.46,3,2,Low,Low
2026-08-05 03:15:00,residential-zone,21,61.6,85,22.7,1.7,1.4,0.41,3,2,Low,Low
2026-08-05 03:15:00,river-zone,21,50.7,58,26.5,59.1,48.8,2.83,3,2,Low,Critical
2026-08-05 03:15:00,bus-terminal,53,50.1,60,21.5,8.9,3.7,0.9,3,2,Low,Low
2026-08-05 03:30:00,central-junction,49,52.9,81,28.7,8.1,5.1,0.81,3,2,Low,Low
2026-08-05 03:30:00,railway-station,37,52.7,70,35.2,9.1,6.4,0.78,3,2,Low,Low
2026-08-05 03:30:00,airport-road,58,38.1,56,26.3,92.2,67.0,3.69,3,2,Moderate,Critical
2026-08-05 03:30:00,industrial-area,51,50.2,74,25.3,7.7,4.2,0.86,3,2,Low,Low
2026-08-05 03:30:00,city-hospital,50,53.8,56,29.8,4.2,2.2,0.49,3,2,Low,Low
2026-08-05 03:30:00,residential-zone,52,51.3,48,25.5,5.2,3.4,0.76,3,2,Low,Low
2026-08-05 03:30:00,river-zone,46,54.0,72,32.4,0.4,0.3,0.93,3,2,Low,Low
2026-08-05 03:30:00,bus-terminal,49,53.5,85,30.4,5.4,3.0,0.68,3,2,Low,Low
2026-08-05 03:45:00,central-junction,52,52.5,57,24.0,2.2,1.4,0.55,3,2,Low,Low
2026-08-05 03:45:00,railway-station,45,51.1,69,22.8,7.1,5.3,0.55,3,2,Low,Low
2026-08-05 03:45:00,airport-road,31,57.3,71,22.0,1.4,0.9,0.64,3,2,Low,Low
2026-08-05 03:45:00,industrial-area,25,60.4,86,28.7,4.4,3.2,0.69,3,2,Low,Low
2026-08-05 03:45:00,city-hospital,38,55.5,60,31.5,0.7,0.5,0.52,3,2,Low,Low
2026-08-05 03:45:00,residential-zone,34,58.2,63,22.5,9.4,4.0,0.83,3,2,Low,Low
2026-08-05 03:45:00,river-zone,29,57.8,43,26.2,9.4,7.7,1.03,3,2,Low,Low
2026-08-05 03:45:00,bus-terminal,35,57.0,66,25.6,1.7,0.9,0.6,3,2,Low,Low
2026-08-05 04:00:00,central-junction,73,46.2,82,35.4,4.8,2.0,0.73,4,2,Moderate,Low
2026-08-05 04:00:00,railway-station,53,53.4,61,27.0,4.0,3.4,0.74,4,2,Low,Low
2026-08-05 04:00:00,airport-road,53,55.1,86,28.8,7.3,6.0,0.76,4,2,Low,Low
2026-08-05 04:00:00,industrial-area,19,62.5,55,28.1,4.3,2.5,0.7,4,2,Low,Low
2026-08-05 04:00:00,city-hospital,26,58.4,44,24.7,5.6,3.2,0.76,4,2,Low,Low
2026-08-05 04:00:00,residential-zone,40,57.5,84,34.3,3.9,1.6,0.49,4,2,Low,Low
2026-08-05 04:00:00,river-zone,29,59.8,43,33.5,8.8,5.9,1.16,4,2,Low,Moderate
2026-08-05 04:00:00,bus-terminal,47,56.4,74,28.8,3.8,2.8,0.53,4,2,Low,Low
2026-08-05 04:15:00,central-junction,66,52.5,95,26.2,3.1,1.6,0.68,4,2,Moderate,Low
2026-08-05 04:15:00,railway-station,54,54.0,54,25.2,6.1,4.6,0.72,4,2,Low,Low
2026-08-05 04:15:00,airport-road,47,56.1,54,33.5,5.6,2.9,0.57,4,2,Low,Low
2026-08-05 04:15:00,industrial-area,46,54.6,66,21.8,4.6,3.7,0.48,4,2,Low,Low
2026-08-05 04:15:00,city-hospital,35,57.7,48,28.6,1.2,1.0,0.63,4,2,Low,Low
2026-08-05 04:15:00,residential-zone,23,59.4,74,26.8,9.6,8.3,0.7,4,2,Low,Low
2026-08-05 04:15:00,river-zone,61,42.7,86,20.5,44.1,26.2,2.34,4,2,Moderate,High
2026-08-05 04:15:00,bus-terminal,49,51.7,50,28.2,6.6,3.9,0.65,4,2,Low,Low
2026-08-05 04:30:00,central-junction,42,53.1,73,27.1,6.3,3.0,0.53,4,2,Low,Low
2026-08-05 04:30:00,railway-station,59,51.4,78,30.5,2.1,1.0,0.6,4,2,Low,Low
2026-08-05 04:30:00,airport-road,49,54.2,48,25.3,4.1,1.7,0.54,4,2,Low,Low
2026-08-05 04:30:00,industrial-area,38,53.2,91,30.1,9.9,6.0,0.9,4,2,Low,Low
2026-08-05 04:30:00,city-hospital,30,57.0,61,25.0,1.3,1.2,0.51,4,2,Low,Low
2026-08-05 04:30:00,residential-zone,42,54.4,43,28.3,7.4,4.2,0.63,4,2,Low,Low
2026-08-05 04:30:00,river-zone,31,56.5,59,31.8,1.8,1.0,0.96,4,2,Low,Low
2026-08-05 04:30:00,bus-terminal,35,60.0,49,35.7,0.3,0.3,0.51,4,2,Low,Low
2026-08-05 04:45:00,central-junction,59,51.0,48,27.0,10.0,4.4,0.91,4,2,Low,Low
2026-08-05 04:45:00,railway-station,52,44.7,66,30.0,49.5,39.2,2.26,4,2,Moderate,High
2026-08-05 04:45:00,airport-road,38,55.3,45,24.4,7.4,3.3,0.72,4,2,Low,Low
2026-08-05 04:45:00,industrial-area,29,55.1,86,29.3,37.2,28.2,1.85,4,2,Low,High
2026-08-05 04:45:00,city-hospital,33,56.6,69,25.8,5.9,4.2,0.79,4,2,Low,Low
2026-08-05 04:45:00,residential-zone,49,53.9,57,25.0,4.7,2.7,0.67,4,2,Low,Low
2026-08-05 04:45:00,river-zone,20,57.2,57,23.9,9.8,6.4,1.17,4,2,Low,Moderate
2026-08-05 04:45:00,bus-terminal,66,52.8,64,26.4,2.1,1.0,0.44,4,2,Moderate,Low
2026-08-05 05:00:00,central-junction,44,52.7,80,27.8,0.3,0.2,0.38,5,2,Low,Low
2026-08-05 05:00:00,railway-station,49,44.7,55,29.1,45.7,35.6,2.05,5,2,Low,High
2026-08-05 05:00:00,airport-road,47,43.0,60,27.1,68.0,34.9,2.74,5,2,Low,Critical
2026-08-05 05:00:00,industrial-area,24,57.6,80,23.2,9.1,6.2,0.84,5,2,Low,Low
2026-08-05 05:00:00,city-hospital,57,49.0,66,27.8,9.2,5.3,0.7,5,2,Low,Low
2026-08-05 05:00:00,residential-zone,45,51.0,81,28.1,9.5,8.5,0.92,5,2,Low,Low
2026-08-05 05:00:00,river-zone,34,49.1,75,22.2,41.6,37.0,2.4,5,2,Low,High
2026-08-05 05:00:00,bus-terminal,47,54.8,80,32.2,2.0,0.9,0.57,5,2,Low,Low
2026-08-05 05:15:00,central-junction,73,47.0,71,29.4,3.2,2.2,0.71,5,2,Moderate,Low
2026-08-05 05:15:00,railway-station,68,46.9,84,26.3,4.5,3.4,0.51,5,2,Moderate,Low
2026-08-05 05:15:00,airport-road,56,55.2,74,27.7,3.1,1.6,0.67,5,2,Low,Low
2026-08-05 05:15:00,industrial-area,58,51.3,76,20.5,24.3,13.6,1.29,5,2,Low,Moderate
2026-08-05 05:15:00,city-hospital,35,43.8,48,25.0,86.3,72.0,3.55,5,2,Low,Critical
2026-08-05 05:15:00,residential-zone,22,52.9,56,30.2,60.7,33.0,2.65,5,2,Low,Critical
2026-08-05 05:15:00,river-zone,40,56.9,51,23.6,4.5,3.5,0.98,5,2,Low,Low
2026-08-05 05:15:00,bus-terminal,25,57.5,65,22.4,2.7,1.4,0.65,5,2,Low,Low
2026-08-05 05:30:00,central-junction,50,55.3,60,24.4,0.9,0.5,0.39,5,2,Low,Low
2026-08-05 05:30:00,railway-station,53,52.8,56,30.2,8.7,3.8,0.71,5,2,Low,Low
2026-08-05 05:30:00,airport-road,24,58.9,71,32.9,6.2,2.7,0.81,5,2,Low,Low
2026-08-05 05:30:00,industrial-area,20,60.5,63,26.7,9.8,8.1,0.91,5,2,Low,Low
2026-08-05 05:30:00,city-hospital,44,53.0,57,26.2,9.9,5.1,0.74,5,2,Low,Low
2026-08-05 05:30:00,residential-zone,18,52.4,69,20.1,47.4,38.3,2.23,5,2,Low,High
2026-08-05 05:30:00,river-zone,56,50.7,73,31.2,3.8,2.5,0.99,5,2,Low,Low
2026-08-05 05:30:00,bus-terminal,67,51.5,55,24.6,1.6,0.8,0.48,5,2,Moderate,Low
2026-08-05 05:45:00,central-junction,21,57.1,69,27.5,5.5,2.7,0.65,5,2,Low,Low
2026-08-05 05:45:00,railway-station,45,52.5,84,30.5,5.4,3.4,0.72,5,2,Low,Low
2026-08-05 05:45:00,airport-road,49,34.3,71,13.4,115.5,50.5,4.41,5,2,Moderate,Critical
2026-08-05 05:45:00,industrial-area,59,52.5,121,24.6,7.3,6.3,0.6,5,2,Low,Low
2026-08-05 05:45:00,city-hospital,23,57.5,51,32.7,9.1,6.7,0.68,5,2,Low,Low
2026-08-05 05:45:00,residential-zone,41,54.3,57,24.8,10.0,6.2,0.71,5,2,Low,Low
2026-08-05 05:45:00,river-zone,25,59.6,86,23.4,0.5,0.3,0.9,5,2,Low,Low
2026-08-05 05:45:00,bus-terminal,77,45.0,65,29.0,0.3,0.2,0.38,5,2,Moderate,Low
2026-08-05 06:00:00,central-junction,46,50.6,64,24.9,8.9,5.4,0.85,6,2,Low,Low
2026-08-05 06:00:00,railway-station,78,44.8,96,29.8,6.9,5.0,0.62,6,2,Moderate,Low
2026-08-05 06:00:00,airport-road,56,50.0,76,31.0,6.1,3.3,0.68,6,2,Low,Low
2026-08-05 06:00:00,industrial-area,34,57.9,90,29.4,0.1,0.1,0.54,6,2,Low,Low
2026-08-05 06:00:00,city-hospital,48,54.3,70,34.4,0.2,0.1,0.53,6,2,Low,Low
2026-08-05 06:00:00,residential-zone,21,59.2,46,23.2,3.9,2.7,0.47,6,2,Low,Low
2026-08-05 06:00:00,river-zone,51,50.3,63,22.8,9.8,6.7,1.02,6,2,Low,Low
2026-08-05 06:00:00,bus-terminal,62,52.1,68,32.6,2.1,1.8,0.64,6,2,Low,Low
2026-08-05 06:15:00,central-junction,28,60.6,62,35.3,5.9,2.6,0.68,6,2,Low,Low
2026-08-05 06:15:00,railway-station,36,57.6,63,34.9,5.2,2.5,0.67,6,2,Low,Low
2026-08-05 06:15:00,airport-road,21,58.8,71,26.1,1.4,1.1,0.65,6,2,Low,Low
2026-08-05 06:15:00,industrial-area,28,56.8,78,26.8,6.3,4.4,0.76,6,2,Low,Low
2026-08-05 06:15:00,city-hospital,36,57.6,53,32.7,6.0,2.7,0.73,6,2,Low,Low
2026-08-05 06:15:00,residential-zone,38,57.6,77,28.6,0.9,0.4,0.59,6,2,Low,Low
2026-08-05 06:15:00,river-zone,25,57.1,50,32.4,8.3,3.9,1.2,6,2,Low,Moderate
2026-08-05 06:15:00,bus-terminal,66,52.1,61,32.8,9.0,6.5,0.79,6,2,Moderate,Low
2026-08-05 06:30:00,central-junction,27,55.8,57,33.5,7.3,4.7,0.61,6,2,Low,Low
2026-08-05 06:30:00,railway-station,54,51.4,64,23.2,4.9,3.8,0.7,6,2,Low,Low
2026-08-05 06:30:00,airport-road,22,60.1,56,22.5,2.4,1.7,0.4,6,2,Low,Low
2026-08-05 06:30:00,industrial-area,23,61.4,101,32.8,6.5,2.6,0.8,6,2,Low,Low
2026-08-05 06:30:00,city-hospital,21,62.8,46,24.8,3.0,2.5,0.66,6,2,Low,Low
2026-08-05 06:30:00,residential-zone,37,49.6,79,28.5,42.6,36.3,2.06,6,2,Low,High
2026-08-05 06:30:00,river-zone,28,58.6,67,30.6,3.0,2.3,0.8,6,2,Low,Low
2026-08-05 06:30:00,bus-terminal,54,54.7,71,28.9,4.7,2.8,0.75,6,2,Low,Low
2026-08-05 06:45:00,central-junction,22,56.9,50,30.4,5.8,4.7,0.72,6,2,Low,Low
2026-08-05 06:45:00,railway-station,54,51.1,79,35.9,0.2,0.2,0.41,6,2,Low,Low
2026-08-05 06:45:00,airport-road,27,59.1,75,30.3,2.5,1.3,0.65,6,2,Low,Low
2026-08-05 06:45:00,industrial-area,19,59.1,73,24.7,7.7,3.5,0.76,6,2,Low,Low
2026-08-05 06:45:00,city-hospital,29,56.4,63,29.6,8.0,6.0,0.63,6,2,Low,Low
2026-08-05 06:45:00,residential-zone,34,56.0,67,34.9,6.8,4.6,0.81,6,2,Low,Low
2026-08-05 06:45:00,river-zone,33,51.5,75,28.4,37.1,30.8,2.21,6,2,Low,High
2026-08-05 06:45:00,bus-terminal,36,58.0,82,35.2,5.1,4.4,0.72,6,2,Low,Low
2026-08-05 07:00:00,central-junction,66,51.0,81,25.7,7.5,5.2,0.76,7,2,Moderate,Low
2026-08-05 07:00:00,railway-station,48,52.9,79,22.3,8.4,5.3,0.77,7,2,Low,Low
2026-08-05 07:00:00,airport-road,18,53.3,66,19.3,66.2,38.0,2.78,7,2,Low,Critical
2026-08-05 07:00:00,industrial-area,49,53.8,108,30.3,0.3,0.3,0.55,7,2,Low,Low
2026-08-05 07:00:00,city-hospital,29,59.6,71,26.6,8.6,3.9,0.6,7,2,Low,Low
2026-08-05 07:00:00,residential-zone,37,54.1,60,26.2,4.5,3.5,0.63,7,2,Low,Low
2026-08-05 07:00:00,river-zone,31,58.3,44,25.7,9.1,7.1,1.2,7,2,Low,Moderate
2026-08-05 07:00:00,bus-terminal,71,48.7,61,33.5,7.9,5.9,0.79,7,2,Moderate,Low
2026-08-05 07:15:00,central-junction,28,59.3,47,29.2,7.4,6.6,0.67,7,2,Low,Low
2026-08-05 07:15:00,railway-station,67,48.0,77,32.4,9.3,7.7,0.92,7,2,Moderate,Low
2026-08-05 07:15:00,airport-road,41,54.1,74,25.9,6.0,5.2,0.51,7,2,Low,Low
2026-08-05 07:15:00,industrial-area,40,58.4,79,31.1,4.5,2.5,0.73,7,2,Low,Low
2026-08-05 07:15:00,city-hospital,39,56.8,67,21.8,2.8,2.4,0.49,7,2,Low,Low
2026-08-05 07:15:00,residential-zone,36,56.8,69,32.3,2.2,1.0,0.38,7,2,Low,Low
2026-08-05 07:15:00,river-zone,24,62.0,72,24.7,3.4,1.6,0.96,7,2,Low,Low
2026-08-05 07:15:00,bus-terminal,42,56.9,66,35.5,3.9,2.4,0.56,7,2,Low,Low
2026-08-05 07:30:00,central-junction,42,52.5,66,22.1,1.8,1.3,0.64,7,2,Low,Low
2026-08-05 07:30:00,railway-station,50,54.0,50,29.8,0.9,0.4,0.47,7,2,Low,Low
2026-08-05 07:30:00,airport-road,31,58.9,77,32.8,5.3,4.5,0.58,7,2,Low,Low
2026-08-05 07:30:00,industrial-area,53,51.3,109,26.1,8.4,4.0,0.88,7,2,Low,Low
2026-08-05 07:30:00,city-hospital,65,52.5,93,33.3,0.4,0.3,0.4,7,2,Moderate,Low
2026-08-05 07:30:00,residential-zone,51,54.5,76,30.2,4.9,2.3,0.67,7,2,Low,Low
2026-08-05 07:30:00,river-zone,57,49.8,70,33.6,0.3,0.2,0.86,7,2,Low,Low
2026-08-05 07:30:00,bus-terminal,44,52.7,75,28.0,7.7,3.3,0.66,7,2,Low,Low
2026-08-05 07:45:00,central-junction,41,52.8,72,35.0,6.4,4.7,0.75,7,2,Low,Low
2026-08-05 07:45:00,railway-station,31,49.5,42,21.2,40.4,23.2,1.9,7,2,Low,High
2026-08-05 07:45:00,airport-road,39,55.8,75,22.5,8.3,5.5,0.77,7,2,Low,Low
2026-08-05 07:45:00,industrial-area,48,42.3,98,18.8,88.7,38.5,3.7,7,2,Moderate,Critical
2026-08-05 07:45:00,city-hospital,24,60.1,71,27.5,3.0,2.4,0.59,7,2,Low,Low
2026-08-05 07:45:00,residential-zone,45,52.8,87,33.6,6.0,4.9,0.76,7,2,Low,Low
2026-08-05 07:45:00,river-zone,34,49.5,64,30.5,49.7,42.0,2.47,7,2,Low,Critical
2026-08-05 07:45:00,bus-terminal,58,51.5,60,26.2,5.3,3.9,0.78,7,2,Low,Low
2026-08-05 08:00:00,central-junction,134,33.6,106,21.9,5.9,3.5,0.76,8,2,High,Low
2026-08-05 08:00:00,railway-station,106,42.8,90,31.1,0.9,0.5,0.51,8,2,Moderate,Low
2026-08-05 08:00:00,airport-road,74,46.5,90,22.0,4.5,2.3,0.57,8,2,Moderate,Low
2026-08-05 08:00:00,industrial-area,82,46.4,112,24.8,3.6,2.4,0.55,8,2,Moderate,Low
2026-08-05 08:00:00,city-hospital,50,52.8,69,23.7,9.3,4.5,0.71,8,2,Low,Low
2026-08-05 08:00:00,residential-zone,120,41.1,84,35.3,3.2,1.4,0.65,8,2,Moderate,Low
2026-08-05 08:00:00,river-zone,111,36.8,103,23.0,6.6,4.5,1.16,8,2,Moderate,Low
2026-08-05 08:00:00,bus-terminal,67,48.3,79,34.3,9.3,4.7,0.85,8,2,Moderate,Low
2026-08-05 08:15:00,central-junction,112,41.8,77,34.2,8.5,3.5,0.84,8,2,Moderate,Low
2026-08-05 08:15:00,railway-station,159,28.8,105,31.7,7.7,4.3,0.73,8,2,High,Low
2026-08-05 08:15:00,airport-road,58,52.1,67,24.7,0.1,0.1,0.45,8,2,Low,Low
2026-08-05 08:15:00,industrial-area,119,39.7,87,32.3,0.0,0.0,0.35,8,2,Moderate,Low
2026-08-05 08:15:00,city-hospital,146,33.8,93,25.7,9.2,5.0,0.71,8,2,High,Low
2026-08-05 08:15:00,residential-zone,72,47.9,71,25.2,4.6,2.3,0.67,8,2,Moderate,Low
2026-08-05 08:15:00,river-zone,84,44.0,83,28.2,3.4,3.0,0.81,8,2,Moderate,Low
2026-08-05 08:15:00,bus-terminal,136,21.0,83,20.6,88.5,70.5,3.49,8,2,Critical,Critical
2026-08-05 08:30:00,central-junction,101,41.4,88,25.3,4.8,3.4,0.48,8,2,Moderate,Low
2026-08-05 08:30:00,railway-station,102,40.4,64,33.4,8.7,7.7,0.65,8,2,Moderate,Low
2026-08-05 08:30:00,airport-road,157,13.8,101,18.2,120.4,91.4,4.54,8,2,Critical,Critical
2026-08-05 08:30:00,industrial-area,97,44.4,76,27.9,0.1,0.1,0.31,8,2,Moderate,Low
2026-08-05 08:30:00,city-hospital,85,48.7,63,33.0,0.3,0.3,0.33,8,2,Moderate,Low
2026-08-05 08:30:00,residential-zone,50,33.4,49,22.4,138.9,97.1,5.35,8,2,Moderate,Critical
2026-08-05 08:30:00,river-zone,106,42.7,98,32.7,2.8,1.6,0.9,8,2,Moderate,Low
2026-08-05 08:30:00,bus-terminal,131,20.0,76,23.8,122.7,86.8,4.87,8,2,Critical,Critical
2026-08-05 08:45:00,central-junction,108,26.0,57,20.7,100.0,45.7,4.05,8,2,High,Critical
2026-08-05 08:45:00,railway-station,104,42.8,59,33.0,0.1,0.1,0.37,8,2,Moderate,Low
2026-08-05 08:45:00,airport-road,83,44.4,80,35.0,0.7,0.3,0.5,8,2,Moderate,Low
2026-08-05 08:45:00,industrial-area,105,41.8,103,22.5,2.1,0.9,0.55,8,2,Moderate,Low
2026-08-05 08:45:00,city-hospital,161,28.9,82,33.0,1.1,0.9,0.38,8,2,High,Low
2026-08-05 08:45:00,residential-zone,96,40.5,82,32.4,9.1,6.3,0.75,8,2,Moderate,Low
2026-08-05 08:45:00,river-zone,121,38.5,69,30.0,2.2,1.1,0.8,8,2,Moderate,Low
2026-08-05 08:45:00,bus-terminal,117,30.1,93,22.7,76.3,54.0,3.21,8,2,High,Critical
2026-08-05 09:00:00,central-junction,126,37.6,102,34.7,9.4,7.1,0.69,9,2,High,Low
2026-08-05 09:00:00,railway-station,100,39.9,91,27.3,4.6,2.1,0.65,9,2,Moderate,Low
2026-08-05 09:00:00,airport-road,140,31.4,100,23.4,2.6,2.0,0.43,9,2,High,Low
2026-08-05 09:00:00,industrial-area,102,42.0,98,27.0,2.7,2.3,0.46,9,2,Moderate,Low
2026-08-05 09:00:00,city-hospital,118,36.5,69,22.5,3.7,2.0,0.64,9,2,Moderate,Low
2026-08-05 09:00:00,residential-zone,97,41.4,96,28.8,3.9,3.1,0.57,9,2,Moderate,Low
2026-08-05 09:00:00,river-zone,69,43.2,49,29.7,60.3,40.3,3.01,9,2,Moderate,Critical
2026-08-05 09:00:00,bus-terminal,128,24.0,66,28.6,82.0,44.3,3.32,9,2,High,Critical
2026-08-05 09:15:00,central-junction,101,30.3,51,21.5,85.2,70.4,3.57,9,2,High,Critical
2026-08-05 09:15:00,railway-station,76,47.4,67,24.6,6.8,2.9,0.69,9,2,Moderate,Low
2026-08-05 09:15:00,airport-road,125,39.1,95,33.7,7.1,6.0,0.74,9,2,Moderate,Low
2026-08-05 09:15:00,industrial-area,71,51.0,116,29.7,8.6,6.2,0.73,9,2,Moderate,Low
2026-08-05 09:15:00,city-hospital,113,37.4,75,22.0,1.7,1.1,0.56,9,2,Moderate,Low
2026-08-05 09:15:00,residential-zone,102,44.0,79,26.4,3.4,1.5,0.65,9,2,Moderate,Low
2026-08-05 09:15:00,river-zone,143,33.2,91,23.7,4.5,3.2,0.85,9,2,High,Low
2026-08-05 09:15:00,bus-terminal,165,26.6,103,34.2,0.0,0.0,0.4,9,2,High,Low
2026-08-05 09:30:00,central-junction,120,34.8,83,28.7,9.6,8.2,0.84,9,2,High,Low
2026-08-05 09:30:00,railway-station,98,43.5,89,33.7,2.6,1.3,0.67,9,2,Moderate,Low
2026-08-05 09:30:00,airport-road,89,45.4,89,23.2,3.2,2.3,0.45,9,2,Moderate,Low
2026-08-05 09:30:00,industrial-area,94,43.1,87,22.3,0.3,0.3,0.53,9,2,Moderate,Low
2026-08-05 09:30:00,city-hospital,87,45.0,91,35.3,1.4,1.2,0.39,9,2,Moderate,Low
2026-08-05 09:30:00,residential-zone,103,33.8,93,18.0,51.4,37.6,2.4,9,2,High,Critical
2026-08-05 09:30:00,river-zone,136,33.7,97,33.0,3.6,2.7,0.86,9,2,High,Low
2026-08-05 09:30:00,bus-terminal,77,48.3,76,27.6,1.6,0.7,0.61,9,2,Moderate,Low
2026-08-05 09:45:00,central-junction,73,41.8,86,26.3,35.2,27.8,1.64,9,2,Moderate,High
2026-08-05 09:45:00,railway-station,128,35.9,113,27.1,8.8,4.8,0.88,9,2,High,Low
2026-08-05 09:45:00,airport-road,65,48.1,85,33.8,9.8,6.4,0.91,9,2,Moderate,Low
2026-08-05 09:45:00,industrial-area,59,52.2,112,22.1,9.2,3.9,0.9,9,2,Low,Low
2026-08-05 09:45:00,city-hospital,73,51.1,88,33.6,0.8,0.5,0.52,9,2,Moderate,Low
2026-08-05 09:45:00,residential-zone,120,37.2,98,31.3,8.3,4.0,0.75,9,2,Moderate,Low
2026-08-05 09:45:00,river-zone,133,33.3,80,32.9,5.0,2.1,0.99,9,2,High,Low
2026-08-05 09:45:00,bus-terminal,132,30.5,92,18.3,49.7,25.3,2.19,9,2,High,High
2026-08-05 10:00:00,central-junction,213,19.8,115,34.6,3.4,3.0,0.71,10,2,Critical,Low
2026-08-05 10:00:00,railway-station,121,36.8,108,22.8,2.4,1.5,0.67,10,2,High,Low
2026-08-05 10:00:00,airport-road,90,42.5,94,30.2,1.0,0.4,0.49,10,2,Moderate,Low
2026-08-05 10:00:00,industrial-area,112,34.3,115,29.7,32.5,15.9,1.52,10,2,High,Moderate
2026-08-05 10:00:00,city-hospital,87,46.9,81,22.5,2.3,1.9,0.56,10,2,Moderate,Low
2026-08-05 10:00:00,residential-zone,135,31.7,67,24.4,4.8,2.0,0.47,10,2,High,Low
2026-08-05 10:00:00,river-zone,100,27.1,58,25.3,116.9,98.3,4.86,10,2,High,Critical
2026-08-05 10:00:00,bus-terminal,95,42.7,79,25.1,8.2,5.8,0.78,10,2,Moderate,Low
2026-08-05 10:15:00,central-junction,111,38.1,63,35.4,1.6,1.4,0.62,10,2,Moderate,Low
2026-08-05 10:15:00,railway-station,140,34.1,105,23.4,8.1,5.3,0.76,10,2,High,Low
2026-08-05 10:15:00,airport-road,55,55.8,74,25.3,0.3,0.1,0.39,10,2,Low,Low
2026-08-05 10:15:00,industrial-area,96,36.1,112,24.4,44.5,26.6,2.1,10,2,Moderate,High
2026-08-05 10:15:00,city-hospital,104,44.0,92,23.4,6.1,4.0,0.75,10,2,Moderate,Low
2026-08-05 10:15:00,residential-zone,104,38.9,75,24.0,9.2,7.0,0.72,10,2,Moderate,Low
2026-08-05 10:15:00,river-zone,124,34.9,102,33.3,9.3,7.6,1.18,10,2,High,Moderate
2026-08-05 10:15:00,bus-terminal,118,39.4,92,32.9,3.9,2.7,0.66,10,2,Moderate,Low
2026-08-05 10:30:00,central-junction,101,43.7,78,25.1,9.9,5.5,0.84,10,2,Moderate,Low
2026-08-05 10:30:00,railway-station,113,34.3,89,27.5,32.1,18.5,1.44,10,2,High,Moderate
2026-08-05 10:30:00,airport-road,165,25.8,94,22.4,8.2,6.0,0.64,10,2,Critical,Low
2026-08-05 10:30:00,industrial-area,132,26.8,98,17.3,77.7,33.5,3.27,10,2,High,Critical
2026-08-05 10:30:00,city-hospital,67,51.2,65,22.1,0.9,0.8,0.46,10,2,Moderate,Low
2026-08-05 10:30:00,residential-zone,68,48.5,53,30.3,5.1,2.4,0.49,10,2,Moderate,Low
2026-08-05 10:30:00,river-zone,103,41.8,90,30.6,2.0,1.2,0.88,10,2,Moderate,Low
2026-08-05 10:30:00,bus-terminal,82,44.6,65,24.5,1.9,1.5,0.37,10,2,Moderate,Low
2026-08-05 10:45:00,central-junction,110,42.9,76,31.2,4.1,3.2,0.67,10,2,Moderate,Low
2026-08-05 10:45:00,railway-station,144,35.1,91,24.0,4.8,2.1,0.49,10,2,High,Low
2026-08-05 10:45:00,airport-road,66,51.4,71,21.8,4.8,3.9,0.61,10,2,Moderate,Low
2026-08-05 10:45:00,industrial-area,107,41.3,78,25.6,0.0,0.0,0.55,10,2,Moderate,Low
2026-08-05 10:45:00,city-hospital,134,25.5,86,27.0,55.5,48.9,2.47,10,2,High,Critical
2026-08-05 10:45:00,residential-zone,96,41.2,101,31.3,9.6,7.7,0.78,10,2,Moderate,Low
2026-08-05 10:45:00,river-zone,103,42.8,91,27.2,0.7,0.5,0.94,10,2,Moderate,Low
2026-08-05 10:45:00,bus-terminal,198,5.0,89,19.4,124.5,56.0,4.94,10,2,Critical,Critical
2026-08-05 11:00:00,central-junction,54,50.3,80,27.2,8.1,5.9,0.75,11,2,Low,Low
2026-08-05 11:00:00,railway-station,38,55.5,75,33.7,3.8,3.3,0.48,11,2,Low,Low
2026-08-05 11:00:00,airport-road,48,47.5,65,25.1,31.3,23.8,1.53,11,2,Low,Moderate
2026-08-05 11:00:00,industrial-area,17,61.9,81,32.2,1.2,0.8,0.61,11,2,Low,Low
2026-08-05 11:00:00,city-hospital,36,56.2,79,33.1,6.3,2.7,0.58,11,2,Low,Low
2026-08-05 11:00:00,residential-zone,38,56.8,90,29.3,2.2,1.1,0.67,11,2,Low,Low
2026-08-05 11:00:00,river-zone,48,50.9,54,30.5,8.4,6.9,1.08,11,2,Low,Low
2026-08-05 11:00:00,bus-terminal,32,58.5,50,31.7,4.5,2.7,0.73,11,2,Low,Low
2026-08-05 11:15:00,central-junction,61,51.2,57,27.6,4.9,4.2,0.54,11,2,Low,Low
2026-08-05 11:15:00,railway-station,56,53.8,75,26.1,3.6,2.9,0.52,11,2,Low,Low
2026-08-05 11:15:00,airport-road,54,52.3,70,32.5,6.0,2.8,0.69,11,2,Low,Low
2026-08-05 11:15:00,industrial-area,36,57.2,104,30.7,5.4,3.9,0.64,11,2,Low,Low
2026-08-05 11:15:00,city-hospital,43,55.8,57,21.7,3.8,2.2,0.61,11,2,Low,Low
2026-08-05 11:15:00,residential-zone,34,57.0,70,30.4,3.3,2.0,0.67,11,2,Low,Low
2026-08-05 11:15:00,river-zone,24,57.3,54,23.7,2.9,2.1,0.86,11,2,Low,Low
2026-08-05 11:15:00,bus-terminal,26,55.9,54,30.9,6.3,2.9,0.53,11,2,Low,Low
2026-08-05 11:30:00,central-junction,76,47.2,80,21.9,8.5,3.7,0.85,11,2,Moderate,Low
2026-08-05 11:30:00,railway-station,76,45.4,57,35.0,0.6,0.5,0.35,11,2,Moderate,Low
2026-08-05 11:30:00,airport-road,26,60.3,55,27.2,3.1,2.5,0.63,11,2,Low,Low
2026-08-05 11:30:00,industrial-area,53,53.6,99,28.7,4.9,2.4,0.67,11,2,Low,Low
2026-08-05 11:30:00,city-hospital,24,58.6,55,27.1,6.9,3.4,0.77,11,2,Low,Low
2026-08-05 11:30:00,residential-zone,51,51.3,54,31.1,3.9,3.4,0.57,11,2,Low,Low
2026-08-05 11:30:00,river-zone,32,56.5,79,35.4,0.8,0.5,0.9,11,2,Low,Low
2026-08-05 11:30:00,bus-terminal,35,53.6,88,22.1,8.4,3.8,0.75,11,2,Low,Low
2026-08-05 11:45:00,central-junction,63,50.1,62,33.7,6.8,4.7,0.72,11,2,Moderate,Low
2026-08-05 11:45:00,railway-station,39,57.3,88,21.6,6.0,2.9,0.77,11,2,Low,Low
2026-08-05 11:45:00,airport-road,36,54.7,67,35.4,7.6,3.1,0.72,11,2,Low,Low
2026-08-05 11:45:00,industrial-area,45,56.4,79,24.4,9.3,7.2,0.84,11,2,Low,Low
2026-08-05 11:45:00,city-hospital,18,59.2,50,23.2,8.1,7.0,0.86,11,2,Low,Low
2026-08-05 11:45:00,residential-zone,24,59.7,83,24.8,4.3,3.3,0.54,11,2,Low,Low
2026-08-05 11:45:00,river-zone,45,52.5,84,34.3,8.9,4.5,0.97,11,2,Low,Low
2026-08-05 11:45:00,bus-terminal,42,56.8,78,27.9,3.2,2.8,0.54,11,2,Low,Low
2026-08-05 12:00:00,central-junction,33,59.5,61,30.8,7.0,4.6,0.67,12,2,Low,Low
2026-08-05 12:00:00,railway-station,37,54.7,60,34.4,0.0,0.0,0.46,12,2,Low,Low
2026-08-05 12:00:00,airport-road,23,56.2,51,35.3,8.3,5.8,0.67,12,2,Low,Low
2026-08-05 12:00:00,industrial-area,24,48.9,97,29.6,57.1,43.5,2.35,12,2,Low,Critical
2026-08-05 12:00:00,city-hospital,48,52.6,82,33.3,6.4,2.9,0.54,12,2,Low,Low
2026-08-05 12:00:00,residential-zone,24,61.2,59,34.1,2.0,1.2,0.53,12,2,Low,Low
2026-08-05 12:00:00,river-zone,38,53.5,58,32.5,6.6,3.2,0.91,12,2,Low,Low
2026-08-05 12:00:00,bus-terminal,37,42.1,61,24.5,102.4,82.1,3.89,12,2,Low,Critical
2026-08-05 12:15:00,central-junction,29,58.3,67,24.4,6.1,4.3,0.75,12,2,Low,Low
2026-08-05 12:15:00,railway-station,48,50.9,69,29.1,4.9,3.4,0.66,12,2,Low,Low
2026-08-05 12:15:00,airport-road,23,48.0,29,25.8,98.4,68.6,3.82,12,2,Low,Critical
2026-08-05 12:15:00,industrial-area,47,56.9,91,24.5,4.1,3.2,0.66,12,2,Low,Low
2026-08-05 12:15:00,city-hospital,52,51.2,48,27.9,2.3,2.0,0.38,12,2,Low,Low
2026-08-05 12:15:00,residential-zone,33,56.0,42,27.9,3.1,1.7,0.6,12,2,Low,Low
2026-08-05 12:15:00,river-zone,34,53.3,60,24.5,9.7,7.8,1.12,12,2,Low,Moderate
2026-08-05 12:15:00,bus-terminal,48,52.2,67,25.0,3.5,1.9,0.5,12,2,Low,Low
2026-08-05 12:30:00,central-junction,45,52.8,64,24.7,5.3,3.8,0.49,12,2,Low,Low
2026-08-05 12:30:00,railway-station,42,46.3,64,19.9,69.6,34.5,2.94,12,2,Low,Critical
2026-08-05 12:30:00,airport-road,45,52.2,76,27.0,5.4,2.3,0.71,12,2,Low,Low
2026-08-05 12:30:00,industrial-area,49,48.3,74,31.7,52.0,31.0,2.38,12,2,Low,High
2026-08-05 12:30:00,city-hospital,26,51.8,55,27.3,59.1,49.9,2.64,12,2,Low,Critical
2026-08-05 12:30:00,residential-zone,37,46.2,71,20.8,88.4,47.9,3.41,12,2,Low,Critical
2026-08-05 12:30:00,river-zone,46,38.7,54,20.4,105.6,81.5,4.57,12,2,Moderate,Critical
2026-08-05 12:30:00,bus-terminal,40,54.3,61,24.2,9.1,4.3,0.67,12,2,Low,Low
2026-08-05 12:45:00,central-junction,52,54.0,80,26.3,0.1,0.1,0.42,12,2,Low,Low
2026-08-05 12:45:00,railway-station,43,57.0,85,35.2,0.8,0.6,0.54,12,2,Low,Low
2026-08-05 12:45:00,airport-road,28,39.5,50,23.5,114.9,92.9,4.42,12,2,Low,Critical
2026-08-05 12:45:00,industrial-area,39,54.9,85,33.5,5.3,3.0,0.65,12,2,Low,Low
2026-08-05 12:45:00,city-hospital,60,53.3,92,26.7,3.4,1.8,0.6,12,2,Low,Low
2026-08-05 12:45:00,residential-zone,39,54.7,65,30.8,3.9,2.7,0.56,12,2,Low,Low
2026-08-05 12:45:00,river-zone,45,52.2,66,24.7,8.3,7.2,1.14,12,2,Low,Moderate
2026-08-05 12:45:00,bus-terminal,57,52.6,72,31.8,2.9,1.9,0.61,12,2,Low,Low
2026-08-05 13:00:00,central-junction,69,44.2,63,28.2,29.1,15.2,1.33,13,2,Moderate,Moderate
2026-08-05 13:00:00,railway-station,40,47.5,48,18.7,45.0,20.8,2.13,13,2,Low,High
2026-08-05 13:00:00,airport-road,27,56.0,67,24.4,20.9,16.7,1.13,13,2,Low,Moderate
2026-08-05 13:00:00,industrial-area,40,55.3,92,26.6,7.6,6.6,0.81,13,2,Low,Low
2026-08-05 13:00:00,city-hospital,30,59.4,61,25.2,6.5,2.7,0.56,13,2,Low,Low
2026-08-05 13:00:00,residential-zone,25,57.0,65,32.6,4.2,2.9,0.69,13,2,Low,Low
2026-08-05 13:00:00,river-zone,28,38.7,46,26.0,116.0,69.5,4.94,13,2,Low,Critical
2026-08-05 13:00:00,bus-terminal,57,51.7,56,34.7,7.1,5.5,0.62,13,2,Low,Low
2026-08-05 13:15:00,central-junction,58,53.2,77,30.5,0.2,0.1,0.48,13,2,Low,Low
2026-08-05 13:15:00,railway-station,53,45.9,85,27.2,66.7,49.6,2.69,13,2,Moderate,Critical
2026-08-05 13:15:00,airport-road,31,55.4,78,21.8,7.1,6.3,0.82,13,2,Low,Low
2026-08-05 13:15:00,industrial-area,17,52.0,97,27.4,43.2,25.2,2.01,13,2,Low,High
2026-08-05 13:15:00,city-hospital,37,45.2,78,25.3,78.3,45.9,3.33,13,2,Low,Critical
2026-08-05 13:15:00,residential-zone,37,53.8,79,30.8,9.7,5.3,0.71,13,2,Low,Low
2026-08-05 13:15:00,river-zone,54,51.7,77,31.0,2.0,0.8,1.0,13,2,Low,Low
2026-08-05 13:15:00,bus-terminal,85,46.1,87,25.0,2.5,2.0,0.41,13,2,Moderate,Low
2026-08-05 13:30:00,central-junction,70,51.3,83,30.7,2.3,1.4,0.67,13,2,Moderate,Low
2026-08-05 13:30:00,railway-station,57,54.0,71,25.7,7.8,5.9,0.76,13,2,Low,Low
2026-08-05 13:30:00,airport-road,52,51.7,72,32.2,1.9,1.0,0.44,13,2,Low,Low
2026-08-05 13:30:00,industrial-area,19,57.9,83,34.2,9.3,4.8,0.7,13,2,Low,Low
2026-08-05 13:30:00,city-hospital,32,54.0,54,31.0,7.3,4.6,0.69,13,2,Low,Low
2026-08-05 13:30:00,residential-zone,65,50.5,56,30.0,4.6,2.3,0.57,13,2,Moderate,Low
2026-08-05 13:30:00,river-zone,30,60.6,61,23.0,1.9,1.1,1.0,13,2,Low,Low
2026-08-05 13:30:00,bus-terminal,29,55.1,68,32.9,9.7,7.7,0.7,13,2,Low,Low
2026-08-05 13:45:00,central-junction,62,38.8,46,25.9,74.4,47.5,3.17,13,2,Moderate,Critical
2026-08-05 13:45:00,railway-station,43,52.4,82,31.3,5.8,4.5,0.58,13,2,Low,Low
2026-08-05 13:45:00,airport-road,25,59.2,79,26.8,1.3,0.9,0.38,13,2,Low,Low
2026-08-05 13:45:00,industrial-area,45,51.2,97,35.4,6.3,3.1,0.58,13,2,Low,Low
2026-08-05 13:45:00,city-hospital,35,58.0,87,24.2,9.7,6.8,0.67,13,2,Low,Low
2026-08-05 13:45:00,residential-zone,22,53.7,61,28.9,61.7,51.7,2.56,13,2,Low,Critical
2026-08-05 13:45:00,river-zone,45,52.4,63,30.0,3.6,2.6,0.94,13,2,Low,Low
2026-08-05 13:45:00,bus-terminal,56,41.0,64,15.4,91.8,66.3,3.66,13,2,Moderate,Critical
2026-08-05 14:00:00,central-junction,31,57.7,74,29.8,1.4,0.8,0.36,14,2,Low,Low
2026-08-05 14:00:00,railway-station,38,57.0,67,25.4,3.0,1.2,0.64,14,2,Low,Low
2026-08-05 14:00:00,airport-road,47,50.2,81,29.3,34.0,18.1,1.75,14,2,Low,High
2026-08-05 14:00:00,industrial-area,60,47.1,117,26.6,26.7,22.8,1.52,14,2,Moderate,Moderate
2026-08-05 14:00:00,city-hospital,31,55.0,78,34.6,2.0,0.8,0.39,14,2,Low,Low
2026-08-05 14:00:00,residential-zone,30,56.5,76,28.1,3.1,1.7,0.61,14,2,Low,Low
2026-08-05 14:00:00,river-zone,27,57.0,61,30.7,4.8,2.5,0.84,14,2,Low,Low
2026-08-05 14:00:00,bus-terminal,58,51.0,85,25.5,4.6,2.9,0.52,14,2,Low,Low
2026-08-05 14:15:00,central-junction,38,55.8,50,24.0,1.8,0.9,0.6,14,2,Low,Low
2026-08-05 14:15:00,railway-station,80,45.1,79,22.0,1.1,0.6,0.54,14,2,Moderate,Low
2026-08-05 14:15:00,airport-road,31,54.7,76,23.3,3.5,2.4,0.44,14,2,Low,Low
2026-08-05 14:15:00,industrial-area,58,49.4,90,26.8,6.5,5.1,0.81,14,2,Low,Low
2026-08-05 14:15:00,city-hospital,31,55.1,42,21.9,5.1,4.4,0.71,14,2,Low,Low
2026-08-05 14:15:00,residential-zone,27,57.1,50,30.5,3.6,1.9,0.61,14,2,Low,Low
2026-08-05 14:15:00,river-zone,29,58.0,70,35.1,3.5,1.6,1.05,14,2,Low,Low
2026-08-05 14:15:00,bus-terminal,33,54.2,83,33.5,9.0,6.1,0.82,14,2,Low,Low
2026-08-05 14:30:00,central-junction,64,48.3,75,26.1,7.5,3.3,0.69,14,2,Moderate,Low
2026-08-05 14:30:00,railway-station,59,50.0,76,32.6,1.4,0.6,0.42,14,2,Low,Low
2026-08-05 14:30:00,airport-road,61,47.8,68,22.5,6.5,4.8,0.63,14,2,Moderate,Low
2026-08-05 14:30:00,industrial-area,44,44.5,85,20.3,74.4,64.2,3.19,14,2,Low,Critical
2026-08-05 14:30:00,city-hospital,24,56.3,45,27.5,7.6,4.0,0.71,14,2,Low,Low
2026-08-05 14:30:00,residential-zone,46,56.7,53,26.0,4.6,2.8,0.73,14,2,Low,Low
2026-08-05 14:30:00,river-zone,49,52.1,66,23.6,0.1,0.1,0.95,14,2,Low,Low
2026-08-05 14:30:00,bus-terminal,56,51.7,90,33.5,3.8,2.4,0.46,14,2,Low,Low
2026-08-05 14:45:00,central-junction,39,54.2,77,31.0,5.0,2.8,0.54,14,2,Low,Low
2026-08-05 14:45:00,railway-station,59,49.6,66,22.7,1.1,0.6,0.47,14,2,Low,Low
2026-08-05 14:45:00,airport-road,38,56.2,91,33.3,0.1,0.1,0.57,14,2,Low,Low
2026-08-05 14:45:00,industrial-area,39,58.0,78,30.9,8.2,6.5,0.84,14,2,Low,Low
2026-08-05 14:45:00,city-hospital,41,53.5,61,26.5,8.9,7.0,0.62,14,2,Low,Low
2026-08-05 14:45:00,residential-zone,50,35.9,68,18.4,129.7,75.6,5.02,14,2,Moderate,Critical
2026-08-05 14:45:00,river-zone,36,57.3,89,22.8,9.7,3.9,1.06,14,2,Low,Low
2026-08-05 14:45:00,bus-terminal,56,49.3,76,27.2,7.4,6.6,0.77,14,2,Low,Low
2026-08-05 15:00:00,central-junction,43,40.3,74,28.9,83.6,73.4,3.49,15,2,Low,Critical
2026-08-05 15:00:00,railway-station,79,48.3,60,28.7,0.5,0.3,0.58,15,2,Moderate,Low
2026-08-05 15:00:00,airport-road,32,56.2,80,33.5,9.3,5.0,0.74,15,2,Low,Low
2026-08-05 15:00:00,industrial-area,18,62.0,60,24.7,10.0,7.5,0.72,15,2,Low,Low
2026-08-05 15:00:00,city-hospital,33,54.6,57,25.4,1.7,1.5,0.44,15,2,Low,Low
2026-08-05 15:00:00,residential-zone,31,58.4,88,32.6,8.7,4.1,0.73,15,2,Low,Low
2026-08-05 15:00:00,river-zone,55,52.4,48,32.7,4.5,3.7,0.97,15,2,Low,Low
2026-08-05 15:00:00,bus-terminal,39,55.2,65,30.5,4.2,2.7,0.73,15,2,Low,Low
2026-08-05 15:15:00,central-junction,35,56.9,53,31.8,0.8,0.3,0.59,15,2,Low,Low
2026-08-05 15:15:00,railway-station,47,36.6,70,25.0,137.2,60.0,5.27,15,2,Moderate,Critical
2026-08-05 15:15:00,airport-road,54,52.5,55,25.9,8.8,6.7,0.8,15,2,Low,Low
2026-08-05 15:15:00,industrial-area,43,57.0,103,31.4,1.2,0.8,0.46,15,2,Low,Low
2026-08-05 15:15:00,city-hospital,31,58.0,73,23.6,8.5,7.1,0.62,15,2,Low,Low
2026-08-05 15:15:00,residential-zone,23,47.1,71,21.5,77.9,54.1,3.2,15,2,Low,Critical
2026-08-05 15:15:00,river-zone,22,57.9,69,28.1,7.6,3.5,1.11,15,2,Low,Low
2026-08-05 15:15:00,bus-terminal,48,56.2,90,26.0,6.1,5.3,0.78,15,2,Low,Low
2026-08-05 15:30:00,central-junction,57,51.6,54,29.6,3.1,2.7,0.59,15,2,Low,Low
2026-08-05 15:30:00,railway-station,46,51.5,94,32.9,6.2,4.9,0.8,15,2,Low,Low
2026-08-05 15:30:00,airport-road,30,57.2,84,25.7,5.0,2.7,0.63,15,2,Low,Low
2026-08-05 15:30:00,industrial-area,27,59.3,95,22.3,7.7,6.7,0.78,15,2,Low,Low
2026-08-05 15:30:00,city-hospital,40,57.6,77,25.4,8.9,7.0,0.64,15,2,Low,Low
2026-08-05 15:30:00,residential-zone,25,60.2,52,30.4,0.0,0.0,0.38,15,2,Low,Low
2026-08-05 15:30:00,river-zone,40,55.0,56,26.7,8.1,4.4,1.2,15,2,Low,Moderate
2026-08-05 15:30:00,bus-terminal,43,48.4,75,30.8,36.9,15.5,1.85,15,2,Low,High
2026-08-05 15:45:00,central-junction,81,45.0,79,31.0,8.3,7.3,0.82,15,2,Moderate,Low
2026-08-05 15:45:00,railway-station,52,54.3,68,34.3,5.7,3.4,0.57,15,2,Low,Low
2026-08-05 15:45:00,airport-road,44,37.1,57,22.8,107.3,43.8,4.09,15,2,Moderate,Critical
2026-08-05 15:45:00,industrial-area,45,54.0,91,30.2,7.3,6.4,0.81,15,2,Low,Low
2026-08-05 15:45:00,city-hospital,41,57.0,48,23.4,3.7,1.9,0.44,15,2,Low,Low
2026-08-05 15:45:00,residential-zone,44,55.4,81,33.3,2.3,1.9,0.66,15,2,Low,Low
2026-08-05 15:45:00,river-zone,62,50.2,71,31.8,8.1,5.6,1.18,15,2,Moderate,Moderate
2026-08-05 15:45:00,bus-terminal,50,49.7,64,32.4,9.6,4.5,0.65,15,2,Low,Low
2026-08-05 16:00:00,central-junction,58,38.9,56,28.7,86.3,69.6,3.55,16,2,Moderate,Critical
2026-08-05 16:00:00,railway-station,60,50.5,68,34.3,3.6,2.8,0.44,16,2,Low,Low
2026-08-05 16:00:00,airport-road,45,51.5,71,31.9,4.9,3.5,0.57,16,2,Low,Low
2026-08-05 16:00:00,industrial-area,24,60.0,58,27.4,2.5,1.0,0.45,16,2,Low,Low
2026-08-05 16:00:00,city-hospital,49,51.5,68,28.2,1.9,1.7,0.46,16,2,Low,Low
2026-08-05 16:00:00,residential-zone,33,55.2,74,28.6,1.7,0.8,0.48,16,2,Low,Low
2026-08-05 16:00:00,river-zone,39,53.2,69,33.6,4.4,2.0,0.94,16,2,Low,Low
2026-08-05 16:00:00,bus-terminal,70,47.6,72,32.9,0.1,0.1,0.31,16,2,Moderate,Low
2026-08-05 16:15:00,central-junction,46,55.7,46,22.9,4.0,2.2,0.66,16,2,Low,Low
2026-08-05 16:15:00,railway-station,37,55.5,58,24.8,8.1,4.7,0.7,16,2,Low,Low
2026-08-05 16:15:00,airport-road,18,57.9,54,28.0,2.7,1.6,0.45,16,2,Low,Low
2026-08-05 16:15:00,industrial-area,19,59.6,55,28.3,5.4,4.6,0.51,16,2,Low,Low
2026-08-05 16:15:00,city-hospital,21,56.8,59,33.4,8.6,4.5,0.63,16,2,Low,Low
2026-08-05 16:15:00,residential-zone,42,53.4,82,26.1,1.0,0.8,0.59,16,2,Low,Low
2026-08-05 16:15:00,river-zone,40,57.9,72,23.2,5.1,3.4,0.95,16,2,Low,Low
2026-08-05 16:15:00,bus-terminal,41,51.4,65,31.6,40.0,34.9,1.81,16,2,Low,High
2026-08-05 16:30:00,central-junction,35,59.3,48,29.4,6.6,3.2,0.78,16,2,Low,Low
2026-08-05 16:30:00,railway-station,49,50.9,80,35.7,2.9,1.4,0.42,16,2,Low,Low
2026-08-05 16:30:00,airport-road,53,55.7,87,25.7,1.7,1.2,0.49,16,2,Low,Low
2026-08-05 16:30:00,industrial-area,26,57.3,61,26.2,2.8,1.5,0.49,16,2,Low,Low
2026-08-05 16:30:00,city-hospital,51,50.8,82,29.2,3.9,2.6,0.67,16,2,Low,Low
2026-08-05 16:30:00,residential-zone,46,53.5,53,30.6,3.3,1.5,0.43,16,2,Low,Low
2026-08-05 16:30:00,river-zone,45,50.2,61,24.6,21.3,13.9,1.69,16,2,Low,Moderate
2026-08-05 16:30:00,bus-terminal,46,54.6,78,33.3,3.2,2.8,0.71,16,2,Low,Low
2026-08-05 16:45:00,central-junction,52,52.5,58,30.3,3.5,1.6,0.67,16,2,Low,Low
2026-08-05 16:45:00,railway-station,29,58.5,61,32.5,8.7,6.1,0.85,16,2,Low,Low
2026-08-05 16:45:00,airport-road,30,54.3,77,27.4,22.0,10.4,1.24,16,2,Low,Moderate
2026-08-05 16:45:00,industrial-area,24,58.9,111,26.5,5.7,2.4,0.54,16,2,Low,Low
2026-08-05 16:45:00,city-hospital,24,59.0,51,32.2,4.5,2.9,0.55,16,2,Low,Low
2026-08-05 16:45:00,residential-zone,35,56.5,68,28.9,0.0,0.0,0.43,16,2,Low,Low
2026-08-05 16:45:00,river-zone,47,53.9,72,26.3,3.0,2.1,0.82,16,2,Low,Low
2026-08-05 16:45:00,bus-terminal,61,52.2,53,24.3,1.9,1.2,0.6,16,2,Low,Low
2026-08-05 17:00:00,central-junction,168,24.7,91,32.3,2.1,1.1,0.48,17,2,Critical,Low
2026-08-05 17:00:00,railway-station,110,39.4,93,33.1,9.4,8.1,0.69,17,2,Moderate,Low
2026-08-05 17:00:00,airport-road,154,29.8,80,33.0,1.6,0.8,0.37,17,2,High,Low
2026-08-05 17:00:00,industrial-area,124,35.2,121,27.5,7.8,7.0,0.61,17,2,High,Low
2026-08-05 17:00:00,city-hospital,50,49.7,55,23.6,9.1,5.4,0.79,17,2,Low,Low
2026-08-05 17:00:00,residential-zone,66,50.3,82,34.4,8.3,7.0,0.72,17,2,Moderate,Low
2026-08-05 17:00:00,river-zone,102,42.7,80,29.2,1.4,0.7,0.71,17,2,Moderate,Low
2026-08-05 17:00:00,bus-terminal,206,17.2,123,28.8,3.5,1.8,0.63,17,2,Critical,Low
2026-08-05 17:15:00,central-junction,138,33.3,98,24.3,7.1,6.4,0.76,17,2,High,Low
2026-08-05 17:15:00,railway-station,127,33.7,83,22.4,6.2,5.2,0.54,17,2,High,Low
2026-08-05 17:15:00,airport-road,59,44.1,74,26.4,40.7,34.8,2.0,17,2,Moderate,High
2026-08-05 17:15:00,industrial-area,52,51.5,78,21.4,8.1,6.5,0.84,17,2,Low,Low
2026-08-05 17:15:00,city-hospital,163,28.0,114,28.8,4.9,2.0,0.7,17,2,High,Low
2026-08-05 17:15:00,residential-zone,74,50.5,92,34.8,1.8,1.4,0.6,17,2,Moderate,Low
2026-08-05 17:15:00,river-zone,131,32.7,95,29.1,6.9,4.6,1.04,17,2,High,Low
2026-08-05 17:15:00,bus-terminal,105,40.5,95,24.2,9.4,7.0,0.92,17,2,Moderate,Low
2026-08-05 17:30:00,central-junction,112,42.2,83,30.2,0.8,0.7,0.55,17,2,Moderate,Low
2026-08-05 17:30:00,railway-station,170,29.6,106,32.6,4.4,3.9,0.46,17,2,High,Low
2026-08-05 17:30:00,airport-road,161,26.3,120,33.8,2.2,0.9,0.41,17,2,High,Low
2026-08-05 17:30:00,industrial-area,170,25.9,122,32.3,3.7,2.6,0.54,17,2,Critical,Low
2026-08-05 17:30:00,city-hospital,65,51.2,50,23.4,1.7,1.2,0.63,17,2,Moderate,Low
2026-08-05 17:30:00,residential-zone,108,40.8,102,28.1,0.4,0.3,0.48,17,2,Moderate,Low
2026-08-05 17:30:00,river-zone,70,48.1,72,33.7,5.2,2.8,1.08,17,2,Moderate,Low
2026-08-05 17:30:00,bus-terminal,110,38.9,86,28.1,0.9,0.7,0.51,17,2,Moderate,Low
2026-08-05 17:45:00,central-junction,145,33.5,82,23.4,4.4,3.9,0.5,17,2,High,Low
2026-08-05 17:45:00,railway-station,156,29.2,80,34.1,5.1,4.1,0.48,17,2,High,Low
2026-08-05 17:45:00,airport-road,124,32.1,91,25.8,41.5,35.8,2.02,17,2,High,High
2026-08-05 17:45:00,industrial-area,69,47.7,96,26.0,5.5,3.8,0.56,17,2,Moderate,Low
2026-08-05 17:45:00,city-hospital,58,49.4,70,28.9,2.6,1.6,0.46,17,2,Low,Low
2026-08-05 17:45:00,residential-zone,118,35.5,79,23.7,5.5,3.5,0.57,17,2,High,Low
2026-08-05 17:45:00,river-zone,132,34.4,80,23.7,7.4,5.8,1.05,17,2,High,Low
2026-08-05 17:45:00,bus-terminal,152,31.5,107,30.0,7.0,4.0,0.56,17,2,High,Low
2026-08-05 18:00:00,central-junction,69,48.0,65,24.0,2.8,2.2,0.51,18,2,Moderate,Low
2026-08-05 18:00:00,railway-station,153,22.1,76,28.3,66.9,28.5,2.79,18,2,Critical,Critical
2026-08-05 18:00:00,airport-road,76,49.7,93,24.5,4.6,4.1,0.59,18,2,Moderate,Low
2026-08-05 18:00:00,industrial-area,79,49.9,95,28.0,2.9,2.3,0.7,18,2,Moderate,Low
2026-08-05 18:00:00,city-hospital,131,34.1,78,30.7,8.2,5.5,0.71,18,2,High,Low
2026-08-05 18:00:00,residential-zone,76,50.7,95,24.7,1.4,1.0,0.52,18,2,Moderate,Low
2026-08-05 18:00:00,river-zone,86,45.5,75,22.3,7.8,6.4,0.93,18,2,Moderate,Low
2026-08-05 18:00:00,bus-terminal,194,22.3,80,25.9,7.3,3.4,0.7,18,2,Critical,Low
2026-08-05 18:15:00,central-junction,106,40.6,90,31.3,5.4,2.5,0.58,18,2,Moderate,Low
2026-08-05 18:15:00,railway-station,169,21.0,96,27.2,45.3,40.8,2.18,18,2,Critical,High
2026-08-05 18:15:00,airport-road,110,41.2,65,29.4,9.1,7.8,0.65,18,2,Moderate,Low
2026-08-05 18:15:00,industrial-area,97,44.5,94,23.9,1.9,1.0,0.62,18,2,Moderate,Low
2026-08-05 18:15:00,city-hospital,157,27.4,104,33.0,9.0,8.1,0.85,18,2,High,Low
2026-08-05 18:15:00,residential-zone,125,35.8,66,31.0,2.9,1.8,0.43,18,2,High,Low
2026-08-05 18:15:00,river-zone,74,35.4,60,25.6,91.0,81.4,3.97,18,2,Moderate,Critical
2026-08-05 18:15:00,bus-terminal,137,29.2,93,20.0,32.5,14.3,1.58,18,2,High,Moderate
2026-08-05 18:30:00,central-junction,137,32.5,84,22.9,0.1,0.1,0.46,18,2,High,Low
2026-08-05 18:30:00,railway-station,146,29.4,85,26.9,7.1,5.7,0.81,18,2,High,Low
2026-08-05 18:30:00,airport-road,64,48.7,65,21.7,6.0,2.8,0.52,18,2,Moderate,Low
2026-08-05 18:30:00,industrial-area,101,41.8,122,24.3,8.9,6.9,0.78,18,2,Moderate,Low
2026-08-05 18:30:00,city-hospital,75,42.2,88,31.2,26.3,21.5,1.25,18,2,Moderate,Moderate
2026-08-05 18:30:00,residential-zone,169,29.5,91,30.8,5.1,4.2,0.61,18,2,High,Low
2026-08-05 18:30:00,river-zone,111,38.9,90,33.1,7.0,4.9,1.07,18,2,Moderate,Low
2026-08-05 18:30:00,bus-terminal,164,21.2,71,29.1,59.0,46.1,2.46,18,2,Critical,Critical
2026-08-05 18:45:00,central-junction,78,45.5,78,29.1,1.9,1.4,0.54,18,2,Moderate,Low
2026-08-05 18:45:00,railway-station,95,40.5,71,26.3,4.7,3.0,0.72,18,2,Moderate,Low
2026-08-05 18:45:00,airport-road,80,47.4,75,25.4,6.6,5.1,0.74,18,2,Moderate,Low
2026-08-05 18:45:00,industrial-area,109,38.4,131,30.2,2.0,1.0,0.65,18,2,Moderate,Low
2026-08-05 18:45:00,city-hospital,72,48.2,86,30.8,7.2,4.0,0.64,18,2,Moderate,Low
2026-08-05 18:45:00,residential-zone,86,46.3,66,32.9,0.6,0.3,0.4,18,2,Moderate,Low
2026-08-05 18:45:00,river-zone,110,42.0,85,26.4,6.4,2.7,0.92,18,2,Moderate,Low
2026-08-05 18:45:00,bus-terminal,158,32.3,110,34.6,3.3,2.4,0.66,18,2,High,Low
2026-08-05 19:00:00,central-junction,72,41.9,74,28.0,41.1,31.0,1.78,19,2,Moderate,High
2026-08-05 19:00:00,railway-station,76,46.6,78,31.1,1.8,1.5,0.51,19,2,Moderate,Low
2026-08-05 19:00:00,airport-road,124,33.6,107,31.4,8.0,6.3,0.8,19,2,High,Low
2026-08-05 19:00:00,industrial-area,68,47.2,82,29.2,4.0,3.0,0.51,19,2,Moderate,Low
2026-08-05 19:00:00,city-hospital,74,47.0,61,35.5,5.8,3.1,0.51,19,2,Moderate,Low
2026-08-05 19:00:00,residential-zone,124,35.1,79,28.9,3.9,2.9,0.49,19,2,High,Low
2026-08-05 19:00:00,river-zone,93,41.3,69,30.7,3.1,1.5,1.02,19,2,Moderate,Low
2026-08-05 19:00:00,bus-terminal,145,33.2,92,30.8,7.0,5.4,0.72,19,2,High,Low
2026-08-05 19:15:00,central-junction,101,41.0,87,26.4,6.4,4.2,0.72,19,2,Moderate,Low
2026-08-05 19:15:00,railway-station,146,30.8,91,22.5,6.3,3.2,0.77,19,2,High,Low
2026-08-05 19:15:00,airport-road,92,31.5,94,21.8,71.1,63.1,2.83,19,2,Moderate,Critical
2026-08-05 19:15:00,industrial-area,95,45.0,76,24.3,2.9,2.4,0.47,19,2,Moderate,Low
2026-08-05 19:15:00,city-hospital,116,38.6,71,28.2,6.7,3.4,0.72,19,2,Moderate,Low
2026-08-05 19:15:00,residential-zone,97,40.7,82,27.5,2.5,1.3,0.65,19,2,Moderate,Low
2026-08-05 19:15:00,river-zone,83,44.8,85,22.2,1.3,0.5,0.73,19,2,Moderate,Low
2026-08-05 19:15:00,bus-terminal,95,45.5,73,32.5,9.4,5.5,0.67,19,2,Moderate,Low
2026-08-05 19:30:00,central-junction,147,24.3,93,18.3,51.8,23.9,2.15,19,2,Critical,High
2026-08-05 19:30:00,railway-station,89,42.0,83,35.0,3.4,2.2,0.55,19,2,Moderate,Low
2026-08-05 19:30:00,airport-road,104,39.0,101,34.7,4.1,2.0,0.47,19,2,Moderate,Low
2026-08-05 19:30:00,industrial-area,49,51.4,75,30.5,2.6,2.3,0.65,19,2,Low,Low
2026-08-05 19:30:00,city-hospital,96,42.8,76,22.3,6.4,4.6,0.56,19,2,Moderate,Low
2026-08-05 19:30:00,residential-zone,90,44.2,68,26.4,3.3,2.9,0.65,19,2,Moderate,Low
2026-08-05 19:30:00,river-zone,71,50.8,87,28.2,2.2,1.7,0.8,19,2,Moderate,Low
2026-08-05 19:30:00,bus-terminal,178,26.2,115,35.7,3.7,1.8,0.7,19,2,Critical,Low
2026-08-05 19:45:00,central-junction,193,21.6,120,32.2,9.2,7.8,0.7,19,2,Critical,Low
2026-08-05 19:45:00,railway-station,84,45.4,77,33.5,0.5,0.2,0.6,19,2,Moderate,Low
2026-08-05 19:45:00,airport-road,57,51.8,86,26.9,1.5,0.6,0.55,19,2,Low,Low
2026-08-05 19:45:00,industrial-area,64,50.8,83,24.9,0.5,0.4,0.46,19,2,Moderate,Low
2026-08-05 19:45:00,city-hospital,123,37.9,93,31.2,6.3,5.3,0.56,19,2,Moderate,Low
2026-08-05 19:45:00,residential-zone,117,38.0,87,22.5,7.5,6.3,0.69,19,2,Moderate,Low
2026-08-05 19:45:00,river-zone,74,39.8,84,30.9,49.7,26.2,2.39,19,2,Moderate,High
2026-08-05 19:45:00,bus-terminal,86,38.5,76,31.4,34.0,14.7,1.72,19,2,Moderate,Moderate
2026-08-05 20:00:00,central-junction,179,22.2,97,27.6,4.7,3.3,0.48,20,2,Critical,Low
2026-08-05 20:00:00,railway-station,158,28.5,103,26.9,6.9,4.8,0.71,20,2,High,Low
2026-08-05 20:00:00,airport-road,68,35.4,75,26.0,81.9,64.2,3.38,20,2,Moderate,Critical
2026-08-05 20:00:00,industrial-area,71,45.8,85,29.2,8.9,4.3,0.79,20,2,Moderate,Low
2026-08-05 20:00:00,city-hospital,104,40.2,98,27.0,1.8,0.9,0.49,20,2,Moderate,Low
2026-08-05 20:00:00,residential-zone,124,36.3,107,23.6,2.2,1.4,0.56,20,2,High,Low
2026-08-05 20:00:00,river-zone,96,41.4,101,34.1,5.7,2.4,0.92,20,2,Moderate,Low
2026-08-05 20:00:00,bus-terminal,142,33.3,86,26.2,4.8,2.1,0.56,20,2,High,Low
2026-08-05 20:15:00,central-junction,127,34.6,77,30.4,1.3,1.1,0.55,20,2,High,Low
2026-08-05 20:15:00,railway-station,69,37.0,75,29.8,71.3,53.1,2.85,20,2,Moderate,Critical
2026-08-05 20:15:00,airport-road,165,15.6,100,28.2,83.8,43.3,3.45,20,2,Critical,Critical
2026-08-05 20:15:00,industrial-area,101,37.1,87,26.8,27.8,22.9,1.56,20,2,Moderate,Moderate
2026-08-05 20:15:00,city-hospital,129,33.1,81,22.4,5.5,2.9,0.6,20,2,High,Low
2026-08-05 20:15:00,residential-zone,147,32.3,112,25.9,0.3,0.2,0.59,20,2,High,Low
2026-08-05 20:15:00,river-zone,132,36.4,81,33.4,8.5,6.7,1.18,20,2,High,Moderate
2026-08-05 20:15:00,bus-terminal,96,43.0,64,28.9,8.5,4.9,0.6,20,2,Moderate,Low
2026-08-05 20:30:00,central-junction,123,40.0,74,32.2,6.1,4.1,0.59,20,2,Moderate,Low
2026-08-05 20:30:00,railway-station,131,26.8,99,18.9,45.4,20.7,2.1,20,2,High,High
2026-08-05 20:30:00,airport-road,116,38.5,86,22.5,2.2,1.2,0.67,20,2,Moderate,Low
2026-08-05 20:30:00,industrial-area,82,43.9,127,23.1,0.8,0.6,0.56,20,2,Moderate,Low
2026-08-05 20:30:00,city-hospital,107,38.5,73,30.3,2.4,1.7,0.6,20,2,Moderate,Low
2026-08-05 20:30:00,residential-zone,64,48.1,65,21.7,7.6,6.4,0.76,20,2,Moderate,Low
2026-08-05 20:30:00,river-zone,61,53.3,54,33.0,2.9,2.1,0.94,20,2,Low,Low
2026-08-05 20:30:00,bus-terminal,172,23.0,122,33.0,8.7,7.6,0.75,20,2,Critical,Low
2026-08-05 20:45:00,central-junction,100,43.5,75,24.2,4.1,2.3,0.49,20,2,Moderate,Low
2026-08-05 20:45:00,railway-station,162,30.6,76,22.0,9.9,5.1,0.79,20,2,High,Low
2026-08-05 20:45:00,airport-road,133,32.9,87,25.6,5.2,3.6,0.64,20,2,High,Low
2026-08-05 20:45:00,industrial-area,130,33.0,132,24.3,6.9,3.5,0.79,20,2,High,Low
2026-08-05 20:45:00,city-hospital,136,34.7,92,31.5,5.8,4.5,0.71,20,2,High,Low
2026-08-05 20:45:00,residential-zone,127,38.6,79,30.3,8.4,7.1,0.64,20,2,High,Low
2026-08-05 20:45:00,river-zone,115,39.5,71,33.7,7.9,5.7,1.11,20,2,Moderate,Low
2026-08-05 20:45:00,bus-terminal,78,49.2,83,33.0,2.8,2.0,0.44,20,2,Moderate,Low
2026-08-05 21:00:00,central-junction,54,53.8,57,32.1,0.3,0.2,0.54,21,2,Low,Low
2026-08-05 21:00:00,railway-station,51,52.5,64,26.0,5.6,3.6,0.61,21,2,Low,Low
2026-08-05 21:00:00,airport-road,27,57.3,65,30.5,7.4,5.2,0.61,21,2,Low,Low
2026-08-05 21:00:00,industrial-area,53,54.2,97,25.3,3.2,2.4,0.47,21,2,Low,Low
2026-08-05 21:00:00,city-hospital,46,57.3,87,23.1,0.5,0.4,0.47,21,2,Low,Low
2026-08-05 21:00:00,residential-zone,30,45.3,47,16.3,82.8,36.9,3.26,21,2,Low,Critical
2026-08-05 21:00:00,river-zone,60,47.8,57,29.9,6.9,3.6,1.01,21,2,Moderate,Low
2026-08-05 21:00:00,bus-terminal,41,52.0,81,27.3,6.7,5.2,0.74,21,2,Low,Low
2026-08-05 21:15:00,central-junction,50,46.1,42,23.1,64.1,38.5,2.63,21,2,Low,Critical
2026-08-05 21:15:00,railway-station,33,55.3,55,33.8,8.6,6.0,0.84,21,2,Low,Low
2026-08-05 21:15:00,airport-road,48,53.5,82,27.9,1.9,0.9,0.51,21,2,Low,Low
2026-08-05 21:15:00,industrial-area,28,59.8,84,25.3,9.2,5.2,0.83,21,2,Low,Low
2026-08-05 21:15:00,city-hospital,66,47.1,61,32.3,4.8,2.4,0.61,21,2,Moderate,Low
2026-08-05 21:15:00,residential-zone,23,58.3,74,23.4,4.2,3.6,0.48,21,2,Low,Low
2026-08-05 21:15:00,river-zone,20,60.0,79,22.7,2.5,1.5,1.02,21,2,Low,Low
2026-08-05 21:15:00,bus-terminal,54,51.9,90,31.1,7.3,6.1,0.57,21,2,Low,Low
2026-08-05 21:30:00,central-junction,30,53.7,45,23.5,22.1,19.5,1.18,21,2,Low,Moderate
2026-08-05 21:30:00,railway-station,54,54.3,57,32.8,7.1,4.1,0.82,21,2,Low,Low
2026-08-05 21:30:00,airport-road,21,59.6,39,32.5,6.0,5.4,0.64,21,2,Low,Low
2026-08-05 21:30:00,industrial-area,28,57.5,65,27.2,1.3,1.1,0.51,21,2,Low,Low
2026-08-05 21:30:00,city-hospital,37,57.3,62,21.5,9.4,5.0,0.85,21,2,Low,Low
2026-08-05 21:30:00,residential-zone,32,58.9,69,23.9,9.8,7.6,0.73,21,2,Low,Low
2026-08-05 21:30:00,river-zone,37,58.4,79,27.1,5.3,3.5,1.02,21,2,Low,Low
2026-08-05 21:30:00,bus-terminal,41,56.5,85,34.7,4.5,3.4,0.73,21,2,Low,Low
2026-08-05 21:45:00,central-junction,66,41.5,65,19.9,78.5,55.5,3.13,21,2,Moderate,Critical
2026-08-05 21:45:00,railway-station,75,50.0,86,23.9,6.7,5.8,0.76,21,2,Moderate,Low
2026-08-05 21:45:00,airport-road,31,56.4,55,22.9,8.3,6.9,0.84,21,2,Low,Low
2026-08-05 21:45:00,industrial-area,40,58.0,87,35.4,5.2,2.9,0.6,21,2,Low,Low
2026-08-05 21:45:00,city-hospital,48,49.0,80,25.2,49.8,34.6,2.16,21,2,Low,High
2026-08-05 21:45:00,residential-zone,29,53.1,72,31.2,43.0,27.2,2.06,21,2,Low,High
2026-08-05 21:45:00,river-zone,45,56.2,62,21.2,9.8,7.5,1.17,21,2,Low,Moderate
2026-08-05 21:45:00,bus-terminal,61,51.4,91,33.4,3.5,2.5,0.45,21,2,Low,Low
2026-08-05 22:00:00,central-junction,59,49.2,47,33.9,7.2,3.9,0.56,22,2,Low,Low
2026-08-05 22:00:00,railway-station,49,51.5,77,25.4,8.6,4.0,0.87,22,2,Low,Low
2026-08-05 22:00:00,airport-road,37,55.3,53,29.9,6.8,5.1,0.6,22,2,Low,Low
2026-08-05 22:00:00,industrial-area,22,57.2,64,25.2,7.9,4.3,0.6,22,2,Low,Low
2026-08-05 22:00:00,city-hospital,45,42.2,65,19.0,68.2,47.5,2.71,22,2,Low,Critical
2026-08-05 22:00:00,residential-zone,62,48.1,67,26.4,8.7,5.5,0.81,22,2,Moderate,Low
2026-08-05 22:00:00,river-zone,40,56.2,48,33.5,6.1,2.5,1.12,22,2,Low,Low
2026-08-05 22:00:00,bus-terminal,32,57.5,70,28.2,3.5,2.6,0.45,22,2,Low,Low
2026-08-05 22:15:00,central-junction,36,53.6,66,27.7,6.4,3.6,0.64,22,2,Low,Low
2026-08-05 22:15:00,railway-station,85,45.3,63,29.5,5.6,4.5,0.55,22,2,Moderate,Low
2026-08-05 22:15:00,airport-road,33,58.8,67,31.4,6.4,3.9,0.74,22,2,Low,Low
2026-08-05 22:15:00,industrial-area,35,53.9,93,31.6,5.3,3.0,0.67,22,2,Low,Low
2026-08-05 22:15:00,city-hospital,33,59.4,42,27.3,6.6,5.9,0.81,22,2,Low,Low
2026-08-05 22:15:00,residential-zone,34,53.6,63,28.5,7.7,5.6,0.65,22,2,Low,Low
2026-08-05 22:15:00,river-zone,27,58.9,65,27.0,8.6,6.1,1.12,22,2,Low,Moderate
2026-08-05 22:15:00,bus-terminal,24,49.6,47,28.5,73.5,58.5,3.1,22,2,Low,Critical
2026-08-05 22:30:00,central-junction,58,50.3,83,23.7,4.2,1.8,0.66,22,2,Low,Low
2026-08-05 22:30:00,railway-station,63,50.9,59,27.5,7.7,4.1,0.86,22,2,Moderate,Low
2026-08-05 22:30:00,airport-road,30,57.4,55,32.3,7.4,5.7,0.72,22,2,Low,Low
2026-08-05 22:30:00,industrial-area,54,53.3,103,32.8,7.5,6.7,0.62,22,2,Low,Low
2026-08-05 22:30:00,city-hospital,55,48.2,56,29.7,28.9,24.9,1.31,22,2,Low,Moderate
2026-08-05 22:30:00,residential-zone,53,52.8,81,26.3,3.4,2.1,0.47,22,2,Low,Low
2026-08-05 22:30:00,river-zone,40,55.3,46,29.9,0.7,0.5,0.78,22,2,Low,Low
2026-08-05 22:30:00,bus-terminal,37,56.7,46,33.0,8.3,3.3,0.75,22,2,Low,Low
2026-08-05 22:45:00,central-junction,49,53.1,65,24.5,3.4,2.6,0.43,22,2,Low,Low
2026-08-05 22:45:00,railway-station,26,59.8,61,24.6,0.9,0.5,0.48,22,2,Low,Low
2026-08-05 22:45:00,airport-road,42,55.7,58,34.6,9.7,8.5,0.7,22,2,Low,Low
2026-08-05 22:45:00,industrial-area,65,51.1,108,27.9,6.7,4.0,0.58,22,2,Moderate,Low
2026-08-05 22:45:00,city-hospital,21,56.8,70,29.4,5.6,2.9,0.69,22,2,Low,Low
2026-08-05 22:45:00,residential-zone,32,55.8,61,32.3,1.4,1.2,0.52,22,2,Low,Low
2026-08-05 22:45:00,river-zone,38,55.3,63,33.9,4.2,2.5,0.99,22,2,Low,Low
2026-08-05 22:45:00,bus-terminal,68,36.7,65,18.9,82.2,56.6,3.44,22,2,Moderate,Critical
2026-08-05 23:00:00,central-junction,86,44.7,52,32.3,5.8,2.7,0.7,23,2,Moderate,Low
2026-08-05 23:00:00,railway-station,38,54.8,66,22.8,23.7,11.7,1.28,23,2,Low,Moderate
2026-08-05 23:00:00,airport-road,53,50.9,64,22.7,5.5,2.5,0.54,23,2,Low,Low
2026-08-05 23:00:00,industrial-area,28,58.5,82,34.9,4.6,3.3,0.58,23,2,Low,Low
2026-08-05 23:00:00,city-hospital,37,53.5,54,25.4,6.2,2.6,0.57,23,2,Low,Low
2026-08-05 23:00:00,residential-zone,53,53.3,62,28.9,1.3,1.1,0.41,23,2,Low,Low
2026-08-05 23:00:00,river-zone,35,52.9,84,27.9,39.9,24.0,2.11,23,2,Low,High
2026-08-05 23:00:00,bus-terminal,26,59.4,85,27.7,3.5,2.4,0.7,23,2,Low,Low
2026-08-05 23:15:00,central-junction,30,47.8,81,25.4,84.3,57.1,3.33,23,2,Low,Critical
2026-08-05 23:15:00,railway-station,49,31.7,46,18.5,136.6,84.6,5.37,23,2,Moderate,Critical
2026-08-05 23:15:00,airport-road,38,57.8,56,35.3,4.4,3.2,0.58,23,2,Low,Low
2026-08-05 23:15:00,industrial-area,29,56.0,73,33.8,3.2,1.7,0.51,23,2,Low,Low
2026-08-05 23:15:00,city-hospital,60,52.3,89,34.6,3.8,3.1,0.46,23,2,Low,Low
2026-08-05 23:15:00,residential-zone,30,59.2,65,28.9,3.2,1.6,0.47,23,2,Low,Low
2026-08-05 23:15:00,river-zone,41,54.1,51,30.6,8.7,6.9,1.25,23,2,Low,Moderate
2026-08-05 23:15:00,bus-terminal,65,52.1,76,22.2,5.7,2.8,0.53,23,2,Moderate,Low
2026-08-05 23:30:00,central-junction,59,54.0,85,29.4,1.1,0.5,0.46,23,2,Low,Low
2026-08-05 23:30:00,railway-station,50,56.6,59,25.6,1.5,1.1,0.51,23,2,Low,Low
2026-08-05 23:30:00,airport-road,46,52.1,57,22.9,9.9,5.1,0.86,23,2,Low,Low
2026-08-05 23:30:00,industrial-area,56,50.0,115,32.4,0.7,0.5,0.33,23,2,Low,Low
2026-08-05 23:30:00,city-hospital,58,48.4,56,24.6,8.8,5.2,0.69,23,2,Low,Low
2026-08-05 23:30:00,residential-zone,41,54.5,77,35.4,1.9,1.5,0.66,23,2,Low,Low
2026-08-05 23:30:00,river-zone,18,63.0,64,24.8,2.0,0.9,1.02,23,2,Low,Low
2026-08-05 23:30:00,bus-terminal,75,47.0,68,30.5,3.9,2.1,0.63,23,2,Moderate,Low
2026-08-05 23:45:00,central-junction,50,54.6,71,30.1,8.4,6.4,0.77,23,2,Low,Low
2026-08-05 23:45:00,railway-station,52,50.6,56,33.0,1.0,0.7,0.5,23,2,Low,Low
2026-08-05 23:45:00,airport-road,25,57.0,64,22.5,7.2,3.3,0.59,23,2,Low,Low
2026-08-05 23:45:00,industrial-area,50,53.5,72,33.4,3.8,1.6,0.47,23,2,Low,Low
2026-08-05 23:45:00,city-hospital,57,53.9,64,31.0,1.0,0.6,0.6,23,2,Low,Low
2026-08-05 23:45:00,residential-zone,19,60.1,57,22.7,5.7,3.7,0.72,23,2,Low,Low
2026-08-05 23:45:00,river-zone,31,60.5,81,24.9,0.5,0.2,0.91,23,2,Low,Low
2026-08-05 23:45:00,bus-terminal,59,50.0,90,26.6,4.1,3.4,0.57,23,2,Low,Low
2026-08-06 00:00:00,central-junction,37,57.2,46,32.6,7.7,3.6,0.73,0,3,Low,Low
2026-08-06 00:00:00,railway-station,46,54.4,70,26.3,2.7,1.1,0.54,0,3,Low,Low
2026-08-06 00:00:00,airport-road,48,53.8,61,27.5,2.4,2.1,0.47,0,3,Low,Low
2026-08-06 00:00:00,industrial-area,38,53.4,119,26.1,4.0,3.2,0.66,0,3,Low,Low
2026-08-06 00:00:00,city-hospital,32,58.9,52,33.6,2.9,1.4,0.68,0,3,Low,Low
2026-08-06 00:00:00,residential-zone,52,53.0,72,30.7,8.6,7.0,0.71,0,3,Low,Low
2026-08-06 00:00:00,river-zone,24,58.2,60,33.3,9.0,3.8,1.14,0,3,Low,Moderate
2026-08-06 00:00:00,bus-terminal,47,55.9,74,27.7,1.6,1.0,0.58,0,3,Low,Low
2026-08-06 00:15:00,central-junction,46,55.4,79,28.6,2.7,1.3,0.67,0,3,Low,Low
2026-08-06 00:15:00,railway-station,57,44.2,59,26.4,41.1,27.7,1.84,0,3,Moderate,High
2026-08-06 00:15:00,airport-road,23,59.7,79,33.3,8.2,4.2,0.82,0,3,Low,Low
2026-08-06 00:15:00,industrial-area,40,53.8,98,22.3,2.0,1.3,0.38,0,3,Low,Low
2026-08-06 00:15:00,city-hospital,49,53.0,63,22.3,7.5,6.5,0.62,0,3,Low,Low
2026-08-06 00:15:00,residential-zone,26,46.9,53,21.6,81.1,64.2,3.25,0,3,Low,Critical
2026-08-06 00:15:00,river-zone,34,54.5,62,23.2,5.5,4.4,1.08,0,3,Low,Low
2026-08-06 00:15:00,bus-terminal,50,54.8,45,26.2,0.9,0.7,0.51,0,3,Low,Low
2026-08-06 00:30:00,central-junction,37,52.2,65,20.1,37.4,18.4,1.84,0,3,Low,High
2026-08-06 00:30:00,railway-station,69,46.7,99,35.7,1.4,1.2,0.4,0,3,Moderate,Low
2026-08-06 00:30:00,airport-road,52,51.5,73,30.4,2.2,1.2,0.49,0,3,Low,Low
2026-08-06 00:30:00,industrial-area,22,58.9,63,27.2,0.4,0.3,0.34,0,3,Low,Low
2026-08-06 00:30:00,city-hospital,59,50.5,47,34.3,2.5,1.1,0.44,0,3,Low,Low
2026-08-06 00:30:00,residential-zone,31,38.8,45,16.2,109.0,73.7,4.19,0,3,Low,Critical
2026-08-06 00:30:00,river-zone,43,57.0,76,30.0,0.3,0.2,0.73,0,3,Low,Low
2026-08-06 00:30:00,bus-terminal,54,54.8,74,22.7,7.8,4.5,0.75,0,3,Low,Low
2026-08-06 00:45:00,central-junction,55,39.4,56,17.2,89.9,74.3,3.58,0,3,Moderate,Critical
2026-08-06 00:45:00,railway-station,32,57.6,52,26.6,4.8,3.9,0.47,0,3,Low,Low
2026-08-06 00:45:00,airport-road,42,52.9,60,22.0,3.0,1.9,0.62,0,3,Low,Low
2026-08-06 00:45:00,industrial-area,38,54.2,106,24.8,10.0,8.1,0.72,0,3,Low,Low
2026-08-06 00:45:00,city-hospital,42,54.2,71,28.8,1.7,0.8,0.65,0,3,Low,Low
2026-08-06 00:45:00,residential-zone,33,53.6,46,29.1,9.5,5.6,0.82,0,3,Low,Low
2026-08-06 00:45:00,river-zone,44,53.8,54,31.6,9.8,5.0,1.07,0,3,Low,Low
2026-08-06 00:45:00,bus-terminal,82,40.8,83,28.9,25.2,19.5,1.26,0,3,Moderate,Moderate
2026-08-06 01:00:00,central-junction,23,57.4,40,34.0,1.5,0.8,0.45,1,3,Low,Low
2026-08-06 01:00:00,railway-station,84,47.3,85,24.7,9.9,4.4,0.88,1,3,Moderate,Low
2026-08-06 01:00:00,airport-road,45,52.7,60,27.0,0.5,0.4,0.61,1,3,Low,Low
2026-08-06 01:00:00,industrial-area,41,56.1,84,22.5,1.3,0.9,0.42,1,3,Low,Low
2026-08-06 01:00:00,city-hospital,60,50.8,86,25.7,3.3,1.9,0.61,1,3,Low,Low
2026-08-06 01:00:00,residential-zone,37,55.7,54,25.8,4.3,1.9,0.73,1,3,Low,Low
2026-08-06 01:00:00,river-zone,22,57.2,57,21.8,4.6,2.4,0.98,1,3,Low,Low
2026-08-06 01:00:00,bus-terminal,79,47.5,86,26.7,1.7,1.0,0.62,1,3,Moderate,Low
2026-08-06 01:15:00,central-junction,54,54.4,55,22.8,3.8,2.8,0.67,1,3,Low,Low
2026-08-06 01:15:00,railway-station,47,50.8,87,26.9,20.1,14.0,1.28,1,3,Low,Moderate
2026-08-06 01:15:00,airport-road,46,54.0,50,32.5,4.0,2.4,0.48,1,3,Low,Low
2026-08-06 01:15:00,industrial-area,31,57.3,102,28.1,4.3,3.0,0.49,1,3,Low,Low
2026-08-06 01:15:00,city-hospital,58,42.7,43,25.4,53.1,23.7,2.25,1,3,Moderate,High
2026-08-06 01:15:00,residential-zone,35,58.7,81,26.9,8.5,4.6,0.7,1,3,Low,Low
2026-08-06 01:15:00,river-zone,41,55.1,65,21.7,7.3,5.5,1.2,1,3,Low,Moderate
2026-08-06 01:15:00,bus-terminal,51,39.7,58,24.5,79.9,46.5,3.32,1,3,Moderate,Critical
2026-08-06 01:30:00,central-junction,39,53.6,62,33.2,1.9,1.6,0.51,1,3,Low,Low
2026-08-06 01:30:00,railway-station,58,52.2,47,29.0,5.7,4.0,0.54,1,3,Low,Low
2026-08-06 01:30:00,airport-road,36,55.6,72,30.7,2.3,1.9,0.4,1,3,Low,Low
2026-08-06 01:30:00,industrial-area,36,56.6,69,31.5,4.5,3.3,0.74,1,3,Low,Low
2026-08-06 01:30:00,city-hospital,40,57.7,83,23.5,9.3,5.5,0.85,1,3,Low,Low
2026-08-06 01:30:00,residential-zone,43,52.0,71,27.9,5.3,3.5,0.55,1,3,Low,Low
2026-08-06 01:30:00,river-zone,45,53.0,51,27.2,7.6,4.2,0.94,1,3,Low,Low
2026-08-06 01:30:00,bus-terminal,47,51.2,74,26.7,4.8,3.3,0.74,1,3,Low,Low
2026-08-06 01:45:00,central-junction,45,53.7,77,22.2,7.6,3.9,0.66,1,3,Low,Low
2026-08-06 01:45:00,railway-station,56,49.5,72,24.9,1.8,1.2,0.37,1,3,Low,Low
2026-08-06 01:45:00,airport-road,57,53.6,67,24.4,5.4,3.1,0.58,1,3,Low,Low
2026-08-06 01:45:00,industrial-area,27,52.1,70,30.7,38.1,33.2,1.68,1,3,Low,High
2026-08-06 01:45:00,city-hospital,24,60.9,73,24.5,1.1,0.8,0.4,1,3,Low,Low
2026-08-06 01:45:00,residential-zone,49,56.1,46,29.7,1.6,0.7,0.37,1,3,Low,Low
2026-08-06 01:45:00,river-zone,37,57.7,59,28.6,7.7,5.9,1.08,1,3,Low,Low
2026-08-06 01:45:00,bus-terminal,49,56.5,71,31.0,4.5,3.0,0.65,1,3,Low,Low
2026-08-06 02:00:00,central-junction,42,52.6,89,22.8,9.5,8.2,0.91,2,3,Low,Low
2026-08-06 02:00:00,railway-station,47,52.9,84,31.0,0.8,0.5,0.57,2,3,Low,Low
2026-08-06 02:00:00,airport-road,42,55.0,87,27.9,1.0,0.4,0.48,2,3,Low,Low
2026-08-06 02:00:00,industrial-area,33,57.4,70,32.9,9.9,5.9,0.84,2,3,Low,Low
2026-08-06 02:00:00,city-hospital,53,50.5,50,34.4,2.9,1.5,0.49,2,3,Low,Low
2026-08-06 02:00:00,residential-zone,32,57.6,67,29.7,7.4,5.3,0.69,2,3,Low,Low
2026-08-06 02:00:00,river-zone,39,53.4,60,31.8,6.2,2.8,0.94,2,3,Low,Low
2026-08-06 02:00:00,bus-terminal,30,57.5,81,28.7,5.0,2.3,0.7,2,3,Low,Low
2026-08-06 02:15:00,central-junction,31,38.1,41,12.4,131.9,66.1,4.93,2,3,Low,Critical
2026-08-06 02:15:00,railway-station,30,58.6,57,32.5,1.8,1.5,0.58,2,3,Low,Low
2026-08-06 02:15:00,airport-road,52,55.8,54,24.5,3.9,2.7,0.51,2,3,Low,Low
2026-08-06 02:15:00,industrial-area,28,57.6,98,28.5,7.6,4.2,0.76,2,3,Low,Low
2026-08-06 02:15:00,city-hospital,25,60.5,77,31.2,5.5,3.8,0.77,2,3,Low,Low
2026-08-06 02:15:00,residential-zone,42,56.9,79,22.6,1.8,1.1,0.41,2,3,Low,Low
2026-08-06 02:15:00,river-zone,46,50.6,83,24.8,38.5,22.9,2.04,2,3,Low,High
2026-08-06 02:15:00,bus-terminal,31,58.1,62,33.4,7.5,4.8,0.7,2,3,Low,Low
2026-08-06 02:30:00,central-junction,39,54.9,48,31.9,9.7,5.6,0.69,2,3,Low,Low
2026-08-06 02:30:00,railway-station,69,51.9,51,32.8,0.1,0.1,0.45,2,3,Moderate,Low
2026-08-06 02:30:00,airport-road,42,54.2,53,23.3,6.8,2.9,0.69,2,3,Low,Low
2026-08-06 02:30:00,industrial-area,45,54.3,91,31.7,3.5,2.1,0.43,2,3,Low,Low
2026-08-06 02:30:00,city-hospital,53,49.8,50,23.3,32.5,28.3,1.72,2,3,Low,High
2026-08-06 02:30:00,residential-zone,37,54.9,41,21.7,23.6,12.7,1.27,2,3,Low,Moderate
2026-08-06 02:30:00,river-zone,35,56.4,73,22.7,8.5,3.8,1.2,2,3,Low,Moderate
2026-08-06 02:30:00,bus-terminal,41,57.9,65,32.9,6.5,5.8,0.75,2,3,Low,Low
2026-08-06 02:45:00,central-junction,58,53.1,77,23.0,4.6,3.3,0.74,2,3,Low,Low
2026-08-06 02:45:00,railway-station,23,59.7,54,30.7,7.9,4.8,0.67,2,3,Low,Low
2026-08-06 02:45:00,airport-road,48,51.7,70,23.6,4.9,2.5,0.57,2,3,Low,Low
2026-08-06 02:45:00,industrial-area,50,51.6,78,35.1,2.9,2.1,0.45,2,3,Low,Low
2026-08-06 02:45:00,city-hospital,45,51.8,90,31.9,6.6,5.2,0.54,2,3,Low,Low
2026-08-06 02:45:00,residential-zone,43,54.2,43,35.2,6.1,4.3,0.57,2,3,Low,Low
2026-08-06 02:45:00,river-zone,32,54.8,80,24.7,1.4,1.0,0.71,2,3,Low,Low
2026-08-06 02:45:00,bus-terminal,44,53.8,80,27.6,4.8,2.8,0.53,2,3,Low,Low
2026-08-06 03:00:00,central-junction,70,46.6,72,27.4,7.4,4.6,0.8,3,3,Moderate,Low
2026-08-06 03:00:00,railway-station,76,47.0,74,24.6,4.7,3.3,0.74,3,3,Moderate,Low
2026-08-06 03:00:00,airport-road,33,58.7,54,34.5,1.2,0.5,0.37,3,3,Low,Low
2026-08-06 03:00:00,industrial-area,43,55.7,61,33.2,0.3,0.1,0.57,3,3,Low,Low
2026-08-06 03:00:00,city-hospital,50,56.2,94,30.7,1.3,1.0,0.41,3,3,Low,Low
2026-08-06 03:00:00,residential-zone,40,53.1,57,26.9,1.2,0.5,0.59,3,3,Low,Low
2026-08-06 03:00:00,river-zone,47,51.3,70,29.8,6.7,4.0,1.07,3,3,Low,Low
2026-08-06 03:00:00,bus-terminal,45,54.4,76,21.8,6.7,3.5,0.67,3,3,Low,Low
2026-08-06 03:15:00,central-junction,65,42.9,59,27.5,36.9,21.0,1.66,3,3,Moderate,High
2026-08-06 03:15:00,railway-station,59,49.1,76,23.0,4.9,3.5,0.67,3,3,Low,Low
2026-08-06 03:15:00,airport-road,53,41.1,45,15.0,101.2,81.4,3.94,3,3,Moderate,Critical
2026-08-06 03:15:00,industrial-area,61,42.0,98,31.7,49.9,22.3,2.18,3,3,Moderate,High
2026-08-06 03:15:00,city-hospital,34,56.5,79,26.3,2.9,1.2,0.46,3,3,Low,Low
2026-08-06 03:15:00,residential-zone,26,59.4,51,31.2,5.9,4.9,0.56,3,3,Low,Low
2026-08-06 03:15:00,river-zone,18,62.5,52,22.9,6.6,4.9,0.94,3,3,Low,Low
2026-08-06 03:15:00,bus-terminal,21,59.5,54,27.4,5.5,4.9,0.77,3,3,Low,Low
2026-08-06 03:30:00,central-junction,64,52.0,90,24.7,8.8,4.5,0.84,3,3,Moderate,Low
2026-08-06 03:30:00,railway-station,39,53.8,83,29.9,9.9,8.1,0.85,3,3,Low,Low
2026-08-06 03:30:00,airport-road,31,46.7,66,18.2,79.5,67.7,3.11,3,3,Low,Critical
2026-08-06 03:30:00,industrial-area,28,56.3,99,32.5,31.4,14.4,1.52,3,3,Low,Moderate
2026-08-06 03:30:00,city-hospital,39,55.3,59,26.8,6.8,4.1,0.63,3,3,Low,Low
2026-08-06 03:30:00,residential-zone,56,54.8,90,32.7,3.7,2.9,0.73,3,3,Low,Low
2026-08-06 03:30:00,river-zone,35,55.9,56,31.0,6.9,4.0,1.12,3,3,Low,Low
2026-08-06 03:30:00,bus-terminal,51,52.3,64,28.5,22.4,12.9,1.34,3,3,Low,Moderate
2026-08-06 03:45:00,central-junction,43,54.8,56,22.9,2.2,1.1,0.53,3,3,Low,Low
2026-08-06 03:45:00,railway-station,43,55.8,58,28.6,2.2,1.8,0.4,3,3,Low,Low
2026-08-06 03:45:00,airport-road,45,53.7,62,22.7,5.6,3.1,0.62,3,3,Low,Low
2026-08-06 03:45:00,industrial-area,42,57.6,76,24.4,0.6,0.3,0.51,3,3,Low,Low
2026-08-06 03:45:00,city-hospital,45,55.1,62,23.7,1.6,1.1,0.5,3,3,Low,Low
2026-08-06 03:45:00,residential-zone,62,52.6,75,22.5,3.6,2.6,0.45,3,3,Low,Low
2026-08-06 03:45:00,river-zone,28,59.5,62,30.5,5.4,4.8,0.88,3,3,Low,Low
2026-08-06 03:45:00,bus-terminal,44,55.8,85,31.4,9.5,5.2,0.92,3,3,Low,Low
2026-08-06 04:00:00,central-junction,38,56.6,63,23.2,4.8,3.8,0.51,4,3,Low,Low
2026-08-06 04:00:00,railway-station,36,55.6,67,34.1,7.9,3.4,0.66,4,3,Low,Low
2026-08-06 04:00:00,airport-road,19,57.0,75,28.7,33.2,26.6,1.56,4,3,Low,Moderate
2026-08-06 04:00:00,industrial-area,34,60.3,79,28.5,0.5,0.2,0.61,4,3,Low,Low
2026-08-06 04:00:00,city-hospital,54,51.3,65,24.3,4.1,2.2,0.57,4,3,Low,Low
2026-08-06 04:00:00,residential-zone,45,54.6,46,29.4,0.9,0.7,0.4,4,3,Low,Low
2026-08-06 04:00:00,river-zone,45,53.5,53,27.4,9.3,6.6,1.14,4,3,Low,Moderate
2026-08-06 04:00:00,bus-terminal,84,48.0,66,26.2,9.3,4.9,0.77,4,3,Moderate,Low
2026-08-06 04:15:00,central-junction,34,59.0,60,27.5,0.3,0.2,0.42,4,3,Low,Low
2026-08-06 04:15:00,railway-station,26,61.6,44,31.4,1.7,1.5,0.63,4,3,Low,Low
2026-08-06 04:15:00,airport-road,46,54.8,83,29.7,3.4,2.5,0.44,4,3,Low,Low
2026-08-06 04:15:00,industrial-area,52,52.1,91,31.1,2.7,1.5,0.65,4,3,Low,Low
2026-08-06 04:15:00,city-hospital,37,56.5,43,34.8,6.6,3.5,0.62,4,3,Low,Low
2026-08-06 04:15:00,residential-zone,23,57.0,58,22.7,8.7,5.9,0.67,4,3,Low,Low
2026-08-06 04:15:00,river-zone,23,57.8,68,27.0,8.1,4.2,0.95,4,3,Low,Low
2026-08-06 04:15:00,bus-terminal,72,51.0,62,31.4,1.3,0.8,0.4,4,3,Moderate,Low
2026-08-06 04:30:00,central-junction,38,53.9,77,34.0,9.6,7.8,0.69,4,3,Low,Low
2026-08-06 04:30:00,railway-station,50,53.6,84,31.3,8.4,7.4,0.75,4,3,Low,Low
2026-08-06 04:30:00,airport-road,59,41.5,49,22.1,53.4,34.9,2.22,4,3,Moderate,High
2026-08-06 04:30:00,industrial-area,64,48.5,89,24.0,0.7,0.5,0.62,4,3,Moderate,Low
2026-08-06 04:30:00,city-hospital,32,59.7,70,33.0,6.4,5.6,0.67,4,3,Low,Low
2026-08-06 04:30:00,residential-zone,30,55.2,49,28.7,10.0,4.7,0.71,4,3,Low,Low
2026-08-06 04:30:00,river-zone,61,53.3,63,22.0,2.2,1.0,0.76,4,3,Low,Low
2026-08-06 04:30:00,bus-terminal,37,54.3,71,25.4,8.3,6.4,0.69,4,3,Low,Low
2026-08-06 04:45:00,central-junction,75,39.6,59,26.1,75.1,35.7,2.98,4,3,Moderate,Critical
2026-08-06 04:45:00,railway-station,78,47.9,90,24.6,1.8,1.5,0.59,4,3,Moderate,Low
2026-08-06 04:45:00,airport-road,27,56.3,54,22.1,4.6,4.0,0.56,4,3,Low,Low
2026-08-06 04:45:00,industrial-area,26,56.7,107,33.2,6.8,4.3,0.74,4,3,Low,Low
2026-08-06 04:45:00,city-hospital,52,45.3,44,22.4,71.0,40.1,2.88,4,3,Moderate,Critical
2026-08-06 04:45:00,residential-zone,40,53.4,77,32.5,6.1,4.2,0.66,4,3,Low,Low
2026-08-06 04:45:00,river-zone,37,56.9,55,34.4,4.2,2.5,0.96,4,3,Low,Low
2026-08-06 04:45:00,bus-terminal,56,54.6,72,30.9,1.8,1.4,0.58,4,3,Low,Low
2026-08-06 05:00:00,central-junction,61,50.3,89,24.4,5.4,3.5,0.77,5,3,Low,Low
2026-08-06 05:00:00,railway-station,68,49.9,67,32.6,2.8,2.2,0.44,5,3,Moderate,Low
2026-08-06 05:00:00,airport-road,33,59.4,51,32.2,3.9,3.2,0.63,5,3,Low,Low
2026-08-06 05:00:00,industrial-area,39,56.7,85,35.3,2.4,1.3,0.41,5,3,Low,Low
2026-08-06 05:00:00,city-hospital,42,56.7,53,24.2,5.0,2.4,0.76,5,3,Low,Low
2026-08-06 05:00:00,residential-zone,27,61.3,48,31.4,1.4,0.7,0.46,5,3,Low,Low
2026-08-06 05:00:00,river-zone,40,54.1,46,30.9,5.9,4.0,1.15,5,3,Low,Low
2026-08-06 05:00:00,bus-terminal,52,52.7,43,23.1,8.8,5.8,0.84,5,3,Low,Low
2026-08-06 05:15:00,central-junction,84,41.0,94,31.7,44.8,36.0,2.16,5,3,Moderate,High
2026-08-06 05:15:00,railway-station,67,49.0,68,23.9,9.3,7.3,0.78,5,3,Moderate,Low
2026-08-06 05:15:00,airport-road,48,50.3,62,25.7,8.1,6.9,0.84,5,3,Low,Low
2026-08-06 05:15:00,industrial-area,43,53.3,74,34.3,3.0,2.2,0.5,5,3,Low,Low
2026-08-06 05:15:00,city-hospital,26,61.2,81,27.8,5.5,4.2,0.53,5,3,Low,Low
2026-08-06 05:15:00,residential-zone,45,54.5,57,26.5,7.5,4.7,0.59,5,3,Low,Low
2026-08-06 05:15:00,river-zone,48,51.3,51,31.4,1.6,1.1,1.0,5,3,Low,Low
2026-08-06 05:15:00,bus-terminal,40,56.5,60,29.8,2.0,1.1,0.53,5,3,Low,Low
2026-08-06 05:30:00,central-junction,25,59.5,55,35.6,3.4,2.1,0.47,5,3,Low,Low
2026-08-06 05:30:00,railway-station,61,50.4,55,22.1,4.6,3.7,0.68,5,3,Low,Low
2026-08-06 05:30:00,airport-road,26,56.3,46,30.5,31.4,21.5,1.6,5,3,Low,Moderate
2026-08-06 05:30:00,industrial-area,46,54.4,58,25.4,1.4,1.3,0.56,5,3,Low,Low
2026-08-06 05:30:00,city-hospital,27,56.5,74,21.8,6.2,2.7,0.71,5,3,Low,Low
2026-08-06 05:30:00,residential-zone,43,41.7,61,28.2,82.9,54.3,3.45,5,3,Low,Critical
2026-08-06 05:30:00,river-zone,20,57.9,49,31.4,0.6,0.4,0.72,5,3,Low,Low
2026-08-06 05:30:00,bus-terminal,71,46.0,96,24.9,4.7,2.2,0.5,5,3,Moderate,Low
2026-08-06 05:45:00,central-junction,41,52.5,74,23.2,3.7,3.2,0.48,5,3,Low,Low
2026-08-06 05:45:00,railway-station,51,50.8,45,28.7,8.7,4.8,0.7,5,3,Low,Low
2026-08-06 05:45:00,airport-road,64,48.0,84,34.5,2.1,1.8,0.57,5,3,Moderate,Low
2026-08-06 05:45:00,industrial-area,28,59.8,68,33.9,5.3,3.5,0.67,5,3,Low,Low
2026-08-06 05:45:00,city-hospital,66,51.4,91,34.7,6.1,2.6,0.59,5,3,Moderate,Low
2026-08-06 05:45:00,residential-zone,39,53.2,72,29.4,7.5,3.9,0.8,5,3,Low,Low
2026-08-06 05:45:00,river-zone,32,58.8,58,33.8,7.9,5.8,0.99,5,3,Low,Low
2026-08-06 05:45:00,bus-terminal,34,55.4,55,29.0,2.8,1.3,0.41,5,3,Low,Low
2026-08-06 06:00:00,central-junction,39,55.3,71,33.4,0.4,0.2,0.35,6,3,Low,Low
2026-08-06 06:00:00,railway-station,59,49.6,53,22.1,9.4,4.0,0.8,6,3,Low,Low
2026-08-06 06:00:00,airport-road,22,59.9,63,33.0,5.6,2.5,0.74,6,3,Low,Low
2026-08-06 06:00:00,industrial-area,27,61.0,107,22.7,1.5,0.6,0.61,6,3,Low,Low
2026-08-06 06:00:00,city-hospital,44,54.3,57,29.5,8.5,4.2,0.72,6,3,Low,Low
2026-08-06 06:00:00,residential-zone,44,52.5,62,30.7,9.7,6.9,0.86,6,3,Low,Low
2026-08-06 06:00:00,river-zone,29,57.9,50,32.0,6.5,2.9,0.91,6,3,Low,Low
2026-08-06 06:00:00,bus-terminal,61,52.2,62,30.6,7.8,4.3,0.85,6,3,Low,Low
2026-08-06 06:15:00,central-junction,49,46.8,50,29.4,61.0,40.7,2.56,6,3,Low,Critical
2026-08-06 06:15:00,railway-station,57,48.7,83,23.0,7.1,5.0,0.6,6,3,Low,Low
2026-08-06 06:15:00,airport-road,21,60.6,66,28.4,9.7,7.0,0.81,6,3,Low,Low
2026-08-06 06:15:00,industrial-area,41,52.9,104,31.8,8.0,5.3,0.79,6,3,Low,Low
2026-08-06 06:15:00,city-hospital,32,55.6,67,29.9,9.8,6.0,0.81,6,3,Low,Low
2026-08-06 06:15:00,residential-zone,38,54.0,81,24.8,9.2,5.2,0.74,6,3,Low,Low
2026-08-06 06:15:00,river-zone,49,52.5,79,30.6,3.6,1.7,0.9,6,3,Low,Low
2026-08-06 06:15:00,bus-terminal,53,53.9,67,29.3,2.1,1.1,0.39,6,3,Low,Low
2026-08-06 06:30:00,central-junction,79,48.7,81,23.5,9.5,4.4,0.65,6,3,Moderate,Low
2026-08-06 06:30:00,railway-station,45,52.0,53,29.7,4.9,3.5,0.5,6,3,Low,Low
2026-08-06 06:30:00,airport-road,49,43.6,79,20.9,70.1,34.7,2.82,6,3,Moderate,Critical
2026-08-06 06:30:00,industrial-area,27,55.2,72,31.8,6.4,5.1,0.74,6,3,Low,Low
2026-08-06 06:30:00,city-hospital,49,50.7,62,32.6,6.7,5.9,0.8,6,3,Low,Low
2026-08-06 06:30:00,residential-zone,22,60.5,74,29.4,6.4,4.3,0.7,6,3,Low,Low
2026-08-06 06:30:00,river-zone,29,58.7,50,32.3,4.5,2.7,0.96,6,3,Low,Low
2026-08-06 06:30:00,bus-terminal,58,52.3,89,27.8,2.3,1.4,0.56,6,3,Low,Low
2026-08-06 06:45:00,central-junction,61,49.4,69,28.6,1.0,0.8,0.61,6,3,Moderate,Low
2026-08-06 06:45:00,railway-station,80,36.9,92,27.2,83.8,43.6,3.35,6,3,Moderate,Critical
2026-08-06 06:45:00,airport-road,21,57.7,77,31.1,5.6,4.1,0.51,6,3,Low,Low
2026-08-06 06:45:00,industrial-area,35,60.1,71,33.4,0.1,0.1,0.5,6,3,Low,Low
2026-08-06 06:45:00,city-hospital,36,57.7,71,32.0,9.3,5.9,0.83,6,3,Low,Low
2026-08-06 06:45:00,residential-zone,32,59.2,42,26.3,7.5,3.5,0.77,6,3,Low,Low
2026-08-06 06:45:00,river-zone,39,45.7,43,19.8,63.7,26.3,2.92,6,3,Low,Critical
2026-08-06 06:45:00,bus-terminal,37,42.2,50,21.1,105.6,50.5,4.12,6,3,Low,Critical
2026-08-06 07:00:00,central-junction,43,55.5,56,26.8,6.0,4.4,0.78,7,3,Low,Low
2026-08-06 07:00:00,railway-station,35,58.6,46,32.2,6.9,3.8,0.81,7,3,Low,Low
2026-08-06 07:00:00,airport-road,51,52.0,53,22.0,8.0,3.7,0.77,7,3,Low,Low
2026-08-06 07:00:00,industrial-area,20,58.2,114,31.0,4.0,2.5,0.56,7,3,Low,Low
2026-08-06 07:00:00,city-hospital,29,44.7,67,16.3,76.9,62.8,3.26,7,3,Low,Critical
2026-08-06 07:00:00,residential-zone,35,56.4,73,23.8,1.2,1.0,0.58,7,3,Low,Low
2026-08-06 07:00:00,river-zone,27,60.8,65,30.7,5.5,3.7,0.92,7,3,Low,Low
2026-08-06 07:00:00,bus-terminal,46,51.6,75,30.4,8.2,7.3,0.64,7,3,Low,Low
2026-08-06 07:15:00,central-junction,62,51.3,74,33.2,5.2,3.9,0.65,7,3,Low,Low
2026-08-06 07:15:00,railway-station,39,53.3,55,31.6,1.2,0.7,0.46,7,3,Low,Low
2026-08-06 07:15:00,airport-road,18,62.0,60,34.5,1.1,0.7,0.56,7,3,Low,Low
2026-08-06 07:15:00,industrial-area,17,47.4,75,22.4,93.1,68.2,3.6,7,3,Low,Critical
2026-08-06 07:15:00,city-hospital,36,54.4,60,34.5,9.4,6.9,0.92,7,3,Low,Low
2026-08-06 07:15:00,residential-zone,28,52.6,61,21.3,34.6,17.8,1.78,7,3,Low,High
2026-08-06 07:15:00,river-zone,37,46.7,50,26.1,71.9,36.1,3.34,7,3,Low,Critical
2026-08-06 07:15:00,bus-terminal,23,57.6,55,30.4,2.6,1.6,0.41,7,3,Low,Low
2026-08-06 07:30:00,central-junction,56,52.6,44,21.5,6.4,3.5,0.78,7,3,Low,Low
2026-08-06 07:30:00,railway-station,50,53.4,68,27.6,6.5,5.6,0.67,7,3,Low,Low
2026-08-06 07:30:00,airport-road,27,58.3,58,25.9,1.4,0.7,0.65,7,3,Low,Low
2026-08-06 07:30:00,industrial-area,26,55.5,78,30.5,39.8,31.3,1.77,7,3,Low,High
2026-08-06 07:30:00,city-hospital,62,49.1,54,25.2,8.7,7.8,0.61,7,3,Moderate,Low
2026-08-06 07:30:00,residential-zone,37,54.2,54,23.5,0.8,0.7,0.6,7,3,Low,Low
2026-08-06 07:30:00,river-zone,48,47.1,73,25.7,63.4,28.7,2.9,7,3,Low,Critical
2026-08-06 07:30:00,bus-terminal,36,54.6,67,35.0,7.8,3.9,0.68,7,3,Low,Low
2026-08-06 07:45:00,central-junction,46,56.6,85,25.8,0.6,0.4,0.47,7,3,Low,Low
2026-08-06 07:45:00,railway-station,44,55.9,87,26.8,10.0,7.4,0.79,7,3,Low,Low
2026-08-06 07:45:00,airport-road,25,61.2,71,31.8,6.1,5.0,0.52,7,3,Low,Low
2026-08-06 07:45:00,industrial-area,35,58.4,54,35.1,1.1,1.0,0.47,7,3,Low,Low
2026-08-06 07:45:00,city-hospital,36,48.3,49,20.6,58.4,24.5,2.45,7,3,Low,Critical
2026-08-06 07:45:00,residential-zone,40,58.2,83,33.7,1.1,1.0,0.45,7,3,Low,Low
2026-08-06 07:45:00,river-zone,27,56.2,57,23.4,4.2,2.9,0.96,7,3,Low,Low
2026-08-06 07:45:00,bus-terminal,67,51.2,58,30.3,7.9,3.6,0.66,7,3,Moderate,Low
2026-08-06 08:00:00,central-junction,71,37.6,71,20.0,82.6,41.8,3.42,8,3,Moderate,Critical
2026-08-06 08:00:00,railway-station,94,44.7,85,25.6,9.3,6.6,0.82,8,3,Moderate,Low
2026-08-06 08:00:00,airport-road,85,45.0,68,35.7,0.3,0.1,0.45,8,3,Moderate,Low
2026-08-06 08:00:00,industrial-area,150,21.8,89,25.4,59.0,24.4,2.51,8,3,Critical,Critical
2026-08-06 08:00:00,city-hospital,67,52.6,62,23.4,2.4,1.5,0.55,8,3,Moderate,Low
2026-08-06 08:00:00,residential-zone,83,47.6,69,24.6,1.9,1.2,0.37,8,3,Moderate,Low
2026-08-06 08:00:00,river-zone,89,43.5,97,30.7,1.9,1.2,0.79,8,3,Moderate,Low
2026-08-06 08:00:00,bus-terminal,122,35.7,87,23.7,8.8,3.9,0.75,8,3,High,Low
2026-08-06 08:15:00,central-junction,155,31.4,92,23.9,9.3,7.0,0.65,8,3,High,Low
2026-08-06 08:15:00,railway-station,189,20.6,114,28.5,9.4,6.4,0.81,8,3,Critical,Low
2026-08-06 08:15:00,airport-road,110,42.5,89,22.2,7.3,4.1,0.77,8,3,Moderate,Low
2026-08-06 08:15:00,industrial-area,95,43.7,119,34.0,0.8,0.4,0.6,8,3,Moderate,Low
2026-08-06 08:15:00,city-hospital,85,46.3,63,32.5,9.4,7.3,0.82,8,3,Moderate,Low
2026-08-06 08:15:00,residential-zone,65,45.1,83,22.8,28.5,12.8,1.45,8,3,Moderate,Moderate
2026-08-06 08:15:00,river-zone,107,41.5,89,28.1,7.4,4.4,0.96,8,3,Moderate,Low
2026-08-06 08:15:00,bus-terminal,79,38.3,87,19.1,73.8,39.8,2.93,8,3,Moderate,Critical
2026-08-06 08:30:00,central-junction,74,49.2,73,25.1,8.4,6.2,0.87,8,3,Moderate,Low
2026-08-06 08:30:00,railway-station,146,31.1,76,21.7,8.4,7.1,0.75,8,3,High,Low
2026-08-06 08:30:00,airport-road,129,35.1,88,34.9,3.5,2.9,0.62,8,3,High,Low
2026-08-06 08:30:00,industrial-area,71,51.7,99,29.9,2.4,1.4,0.53,8,3,Moderate,Low
2026-08-06 08:30:00,city-hospital,110,38.3,90,34.4,5.7,4.4,0.55,8,3,Moderate,Low
2026-08-06 08:30:00,residential-zone,116,26.8,64,25.5,80.8,49.3,3.21,8,3,High,Critical
2026-08-06 08:30:00,river-zone,84,33.6,70,17.4,70.8,57.4,3.21,8,3,Moderate,Critical
2026-08-06 08:30:00,bus-terminal,148,32.5,93,31.9,7.7,6.4,0.73,8,3,High,Low
2026-08-06 08:45:00,central-junction,127,39.2,100,22.5,3.0,1.8,0.42,8,3,Moderate,Low
2026-08-06 08:45:00,railway-station,173,13.8,86,27.1,101.6,75.4,4.13,8,3,Critical,Critical
2026-08-06 08:45:00,airport-road,72,51.8,96,25.7,0.2,0.1,0.34,8,3,Moderate,Low
2026-08-06 08:45:00,industrial-area,47,43.3,60,23.3,84.0,49.4,3.31,8,3,Low,Critical
2026-08-06 08:45:00,city-hospital,100,44.0,104,27.7,4.7,2.8,0.52,8,3,Moderate,Low
2026-08-06 08:45:00,residential-zone,106,39.3,80,35.5,3.9,1.9,0.61,8,3,Moderate,Low
2026-08-06 08:45:00,river-zone,116,39.4,96,33.8,5.8,4.1,0.92,8,3,Moderate,Low
2026-08-06 08:45:00,bus-terminal,159,28.6,89,32.1,7.9,3.2,0.66,8,3,High,Low
2026-08-06 09:00:00,central-junction,98,34.0,76,27.5,79.4,50.0,3.32,9,3,Moderate,Critical
2026-08-06 09:00:00,railway-station,147,23.9,90,27.1,50.5,32.3,2.18,9,3,Critical,High
2026-08-06 09:00:00,airport-road,95,41.3,96,26.6,0.5,0.4,0.51,9,3,Moderate,Low
2026-08-06 09:00:00,industrial-area,69,50.1,100,29.7,7.5,4.1,0.8,9,3,Moderate,Low
2026-08-06 09:00:00,city-hospital,51,39.9,55,18.1,86.0,66.6,3.35,9,3,Moderate,Critical
2026-08-06 09:00:00,residential-zone,60,53.7,78,31.9,5.2,4.2,0.51,9,3,Low,Low
2026-08-06 09:00:00,river-zone,152,28.7,77,32.6,7.0,3.6,1.09,9,3,High,Low
2026-08-06 09:00:00,bus-terminal,58,50.1,86,32.8,0.3,0.3,0.56,9,3,Low,Low
2026-08-06 09:15:00,central-junction,93,42.3,81,27.9,8.9,6.2,0.91,9,3,Moderate,Low
2026-08-06 09:15:00,railway-station,205,18.8,87,32.5,6.7,3.5,0.83,9,3,Critical,Low
2026-08-06 09:15:00,airport-road,75,47.3,88,23.1,1.3,0.6,0.5,9,3,Moderate,Low
2026-08-06 09:15:00,industrial-area,97,45.3,122,25.9,6.5,5.5,0.79,9,3,Moderate,Low
2026-08-06 09:15:00,city-hospital,59,49.8,61,33.6,2.9,2.3,0.46,9,3,Low,Low
2026-08-06 09:15:00,residential-zone,109,38.7,71,24.7,6.3,4.9,0.6,9,3,Moderate,Low
2026-08-06 09:15:00,river-zone,97,44.0,66,30.7,9.4,5.4,1.07,9,3,Moderate,Low
2026-08-06 09:15:00,bus-terminal,135,36.2,101,34.4,1.0,0.5,0.39,9,3,High,Low
2026-08-06 09:30:00,central-junction,135,33.5,91,27.2,0.2,0.1,0.45,9,3,High,Low
2026-08-06 09:30:00,railway-station,120,40.5,90,29.3,5.4,2.8,0.64,9,3,Moderate,Low
2026-08-06 09:30:00,airport-road,71,49.8,86,34.0,6.5,3.8,0.6,9,3,Moderate,Low
2026-08-06 09:30:00,industrial-area,84,46.6,117,27.1,0.8,0.6,0.48,9,3,Moderate,Low
2026-08-06 09:30:00,city-hospital,83,45.5,68,30.0,9.2,5.0,0.85,9,3,Moderate,Low
2026-08-06 09:30:00,residential-zone,154,32.4,85,24.7,7.2,5.8,0.57,9,3,High,Low
2026-08-06 09:30:00,river-zone,139,27.6,89,32.4,40.7,24.4,2.18,9,3,High,High
2026-08-06 09:30:00,bus-terminal,167,25.2,115,32.9,1.7,0.7,0.56,9,3,Critical,Low
2026-08-06 09:45:00,central-junction,185,25.9,83,27.6,3.5,3.1,0.62,9,3,Critical,Low
2026-08-06 09:45:00,railway-station,188,21.7,93,26.9,2.4,1.9,0.52,9,3,Critical,Low
2026-08-06 09:45:00,airport-road,89,43.2,97,24.2,9.5,7.2,0.87,9,3,Moderate,Low
2026-08-06 09:45:00,industrial-area,81,45.5,109,33.6,3.7,3.0,0.45,9,3,Moderate,Low
2026-08-06 09:45:00,city-hospital,111,41.3,80,24.3,2.9,1.9,0.48,9,3,Moderate,Low
2026-08-06 09:45:00,residential-zone,83,47.9,70,24.5,3.0,2.2,0.45,9,3,Moderate,Low
2026-08-06 09:45:00,river-zone,84,48.6,82,23.9,3.3,2.3,1.04,9,3,Moderate,Low
2026-08-06 09:45:00,bus-terminal,104,40.4,84,28.5,5.1,3.3,0.5,9,3,Moderate,Low
2026-08-06 10:00:00,central-junction,96,43.3,64,35.0,6.5,4.4,0.79,10,3,Moderate,Low
2026-08-06 10:00:00,railway-station,139,34.5,90,34.1,8.3,4.6,0.84,10,3,High,Low
2026-08-06 10:00:00,airport-road,66,50.5,59,33.6,0.4,0.2,0.51,10,3,Moderate,Low
2026-08-06 10:00:00,industrial-area,80,44.5,67,28.1,0.8,0.4,0.56,10,3,Moderate,Low
2026-08-06 10:00:00,city-hospital,113,36.8,67,31.8,7.9,5.1,0.81,10,3,Moderate,Low
2026-08-06 10:00:00,residential-zone,68,50.6,90,26.5,2.6,2.0,0.5,10,3,Moderate,Low
2026-08-06 10:00:00,river-zone,92,30.0,63,26.2,84.1,57.2,3.81,10,3,High,Critical
2026-08-06 10:00:00,bus-terminal,167,27.4,105,27.4,4.6,2.0,0.54,10,3,High,Low
2026-08-06 10:15:00,central-junction,158,29.3,123,29.1,0.1,0.1,0.34,10,3,High,Low
2026-08-06 10:15:00,railway-station,71,50.0,65,35.0,4.1,3.3,0.55,10,3,Moderate,Low
2026-08-06 10:15:00,airport-road,113,40.7,80,24.2,5.7,2.6,0.54,10,3,Moderate,Low
2026-08-06 10:15:00,industrial-area,93,41.3,98,21.9,2.4,1.9,0.41,10,3,Moderate,Low
2026-08-06 10:15:00,city-hospital,58,53.3,69,28.0,6.1,2.7,0.72,10,3,Low,Low
2026-08-06 10:15:00,residential-zone,93,46.5,57,23.4,1.0,0.9,0.6,10,3,Moderate,Low
2026-08-06 10:15:00,river-zone,108,40.0,72,30.9,7.1,4.0,0.92,10,3,Moderate,Low
2026-08-06 10:15:00,bus-terminal,114,40.1,70,33.4,6.5,3.6,0.75,10,3,Moderate,Low
2026-08-06 10:30:00,central-junction,99,31.1,84,18.3,87.4,52.5,3.65,10,3,High,Critical
2026-08-06 10:30:00,railway-station,98,26.7,83,21.3,121.1,94.6,4.67,10,3,High,Critical
2026-08-06 10:30:00,airport-road,165,28.5,92,32.5,2.5,1.9,0.42,10,3,High,Low
2026-08-06 10:30:00,industrial-area,84,44.5,73,30.9,0.7,0.6,0.34,10,3,Moderate,Low
2026-08-06 10:30:00,city-hospital,114,34.2,82,29.1,34.4,25.5,1.75,10,3,High,High
2026-08-06 10:30:00,residential-zone,94,42.3,60,29.8,5.1,2.0,0.71,10,3,Moderate,Low
2026-08-06 10:30:00,river-zone,103,40.6,90,21.4,7.6,4.4,1.06,10,3,Moderate,Low
2026-08-06 10:30:00,bus-terminal,122,40.8,100,25.6,0.1,0.1,0.46,10,3,Moderate,Low
2026-08-06 10:45:00,central-junction,89,47.8,69,31.1,3.6,3.1,0.64,10,3,Moderate,Low
2026-08-06 10:45:00,railway-station,126,36.0,100,22.5,7.8,5.4,0.58,10,3,High,Low
2026-08-06 10:45:00,airport-road,129,35.6,78,24.8,7.3,3.7,0.77,10,3,High,Low
2026-08-06 10:45:00,industrial-area,104,28.4,87,19.4,82.5,73.9,3.44,10,3,High,Critical
2026-08-06 10:45:00,city-hospital,102,44.3,72,34.9,8.2,6.8,0.87,10,3,Moderate,Low
2026-08-06 10:45:00,residential-zone,92,42.8,67,21.6,9.9,8.7,0.79,10,3,Moderate,Low
2026-08-06 10:45:00,river-zone,141,33.9,116,29.3,6.9,3.2,1.05,10,3,High,Low
2026-08-06 10:45:00,bus-terminal,99,44.2,98,26.6,9.0,3.7,0.83,10,3,Moderate,Low
2026-08-06 11:00:00,central-junction,51,50.8,93,24.3,4.8,2.3,0.51,11,3,Low,Low
2026-08-06 11:00:00,railway-station,82,43.6,83,24.3,30.5,20.3,1.65,11,3,Moderate,Moderate
2026-08-06 11:00:00,airport-road,28,57.3,49,24.6,7.3,3.7,0.84,11,3,Low,Low
2026-08-06 11:00:00,industrial-area,57,53.1,63,23.2,2.2,1.8,0.39,11,3,Low,Low
2026-08-06 11:00:00,city-hospital,34,58.5,45,30.6,5.8,3.3,0.63,11,3,Low,Low
2026-08-06 11:00:00,residential-zone,40,53.8,82,29.6,1.1,0.5,0.62,11,3,Low,Low
2026-08-06 11:00:00,river-zone,23,58.1,80,28.9,4.7,2.8,1.06,11,3,Low,Low
2026-08-06 11:00:00,bus-terminal,80,44.5,83,35.6,3.9,2.6,0.6,11,3,Moderate,Low
2026-08-06 11:15:00,central-junction,39,53.6,56,33.5,8.9,5.3,0.89,11,3,Low,Low
2026-08-06 11:15:00,railway-station,46,56.8,62,30.9,5.5,3.4,0.51,11,3,Low,Low
2026-08-06 11:15:00,airport-road,19,63.0,56,34.5,0.7,0.6,0.45,11,3,Low,Low
2026-08-06 11:15:00,industrial-area,28,59.4,87,25.4,0.2,0.1,0.47,11,3,Low,Low
2026-08-06 11:15:00,city-hospital,21,61.0,54,23.0,1.7,0.8,0.57,11,3,Low,Low
2026-08-06 11:15:00,residential-zone,22,57.7,71,25.0,0.4,0.3,0.32,11,3,Low,Low
2026-08-06 11:15:00,river-zone,43,42.6,71,24.4,73.5,65.6,3.42,11,3,Low,Critical
2026-08-06 11:15:00,bus-terminal,55,55.0,64,29.7,2.6,1.9,0.61,11,3,Low,Low
2026-08-06 11:30:00,central-junction,30,57.4,67,26.3,6.2,5.3,0.79,11,3,Low,Low
2026-08-06 11:30:00,railway-station,48,54.1,73,22.5,8.0,4.9,0.73,11,3,Low,Low
2026-08-06 11:30:00,airport-road,41,55.7,68,34.5,1.6,1.4,0.45,11,3,Low,Low
2026-08-06 11:30:00,industrial-area,25,49.8,65,25.5,72.5,63.2,3.1,11,3,Low,Critical
2026-08-06 11:30:00,city-hospital,43,56.7,62,28.8,2.4,1.0,0.43,11,3,Low,Low
2026-08-06 11:30:00,residential-zone,53,41.6,47,17.0,67.4,32.0,2.7,11,3,Moderate,Critical
2026-08-06 11:30:00,river-zone,61,41.2,74,25.9,83.3,47.9,3.74,11,3,Moderate,Critical
2026-08-06 11:30:00,bus-terminal,44,54.6,65,33.5,7.3,6.4,0.66,11,3,Low,Low
2026-08-06 11:45:00,central-junction,67,52.3,82,22.6,0.0,0.0,0.56,11,3,Moderate,Low
2026-08-06 11:45:00,railway-station,30,61.0,83,24.1,2.6,2.1,0.44,11,3,Low,Low
2026-08-06 11:45:00,airport-road,31,55.9,60,22.9,3.0,1.4,0.6,11,3,Low,Low
2026-08-06 11:45:00,industrial-area,34,58.6,72,30.8,0.6,0.5,0.51,11,3,Low,Low
2026-08-06 11:45:00,city-hospital,39,57.7,74,24.9,1.5,0.6,0.44,11,3,Low,Low
2026-08-06 11:45:00,residential-zone,32,53.6,68,19.5,40.0,19.8,1.96,11,3,Low,High
2026-08-06 11:45:00,river-zone,30,60.9,55,22.3,3.3,1.8,0.92,11,3,Low,Low
2026-08-06 11:45:00,bus-terminal,37,55.4,76,34.7,7.7,6.4,0.76,11,3,Low,Low
2026-08-06 12:00:00,central-junction,57,54.4,90,35.0,6.7,3.4,0.7,12,3,Low,Low
2026-08-06 12:00:00,railway-station,51,56.4,85,25.9,1.0,0.9,0.62,12,3,Low,Low
2026-08-06 12:00:00,airport-road,41,56.3,58,26.4,2.4,1.0,0.59,12,3,Low,Low
2026-08-06 12:00:00,industrial-area,49,53.2,72,30.3,1.4,0.9,0.54,12,3,Low,Low
2026-08-06 12:00:00,city-hospital,53,54.8,71,32.8,6.0,3.5,0.68,12,3,Low,Low
2026-08-06 12:00:00,residential-zone,36,55.3,67,23.0,9.3,7.5,0.87,12,3,Low,Low
2026-08-06 12:00:00,river-zone,35,58.6,78,33.3,6.8,6.1,0.96,12,3,Low,Low
2026-08-06 12:00:00,bus-terminal,41,54.5,86,34.0,8.4,4.8,0.89,12,3,Low,Low
2026-08-06 12:15:00,central-junction,44,49.5,71,28.9,53.2,38.0,2.25,12,3,Low,High
2026-08-06 12:15:00,railway-station,43,56.0,61,23.5,8.0,3.5,0.59,12,3,Low,Low
2026-08-06 12:15:00,airport-road,39,56.3,90,25.9,9.6,7.5,0.75,12,3,Low,Low
2026-08-06 12:15:00,industrial-area,49,53.0,61,23.9,8.7,7.5,0.8,12,3,Low,Low
2026-08-06 12:15:00,city-hospital,66,52.0,83,21.7,7.3,4.1,0.7,12,3,Moderate,Low
2026-08-06 12:15:00,residential-zone,25,60.7,43,31.1,2.2,1.6,0.42,12,3,Low,Low
2026-08-06 12:15:00,river-zone,27,51.6,71,27.3,47.3,32.5,2.6,12,3,Low,Critical
2026-08-06 12:15:00,bus-terminal,48,44.5,65,23.9,75.2,38.6,3.06,12,3,Low,Critical
2026-08-06 12:30:00,central-junction,78,48.6,69,34.9,8.2,6.5,0.59,12,3,Moderate,Low
2026-08-06 12:30:00,railway-station,43,57.4,73,31.0,3.3,1.4,0.7,12,3,Low,Low
2026-08-06 12:30:00,airport-road,32,58.7,49,30.3,3.5,2.1,0.52,12,3,Low,Low
2026-08-06 12:30:00,industrial-area,25,56.9,68,25.1,9.6,8.1,0.69,12,3,Low,Low
2026-08-06 12:30:00,city-hospital,31,57.2,45,22.8,0.6,0.5,0.35,12,3,Low,Low
2026-08-06 12:30:00,residential-zone,31,58.5,73,22.3,2.2,1.4,0.56,12,3,Low,Low
2026-08-06 12:30:00,river-zone,35,57.4,72,34.4,7.3,5.2,1.09,12,3,Low,Low
2026-08-06 12:30:00,bus-terminal,29,36.0,32,23.7,130.6,64.5,5.05,12,3,Low,Critical
2026-08-06 12:45:00,central-junction,87,43.9,67,24.3,7.0,3.3,0.68,12,3,Moderate,Low
2026-08-06 12:45:00,railway-station,43,55.9,69,25.0,3.4,1.8,0.64,12,3,Low,Low
2026-08-06 12:45:00,airport-road,42,50.6,73,21.2,25.3,13.3,1.29,12,3,Low,Moderate
2026-08-06 12:45:00,industrial-area,50,51.9,93,24.5,6.4,3.7,0.72,12,3,Low,Low
2026-08-06 12:45:00,city-hospital,26,60.3,68,32.1,2.2,1.6,0.66,12,3,Low,Low
2026-08-06 12:45:00,residential-zone,64,52.9,65,26.7,1.4,0.8,0.5,12,3,Low,Low
2026-08-06 12:45:00,river-zone,39,58.4,76,33.6,2.1,1.5,0.94,12,3,Low,Low
2026-08-06 12:45:00,bus-terminal,29,59.2,50,29.2,4.2,3.5,0.67,12,3,Low,Low
2026-08-06 13:00:00,central-junction,52,45.2,58,23.1,50.0,43.2,2.32,13,3,Moderate,Critical
2026-08-06 13:00:00,railway-station,37,55.6,55,23.7,7.8,4.4,0.73,13,3,Low,Low
2026-08-06 13:00:00,airport-road,50,47.7,59,24.1,36.5,29.2,1.75,13,3,Low,High
2026-08-06 13:00:00,industrial-area,58,41.5,114,23.1,84.0,35.6,3.43,13,3,Moderate,Critical
2026-08-06 13:00:00,city-hospital,28,56.1,67,33.9,0.3,0.3,0.44,13,3,Low,Low
2026-08-06 13:00:00,residential-zone,24,61.2,39,28.9,7.9,5.9,0.68,13,3,Low,Low
2026-08-06 13:00:00,river-zone,22,59.5,56,22.0,1.9,1.2,0.78,13,3,Low,Low
2026-08-06 13:00:00,bus-terminal,60,44.8,66,29.7,45.8,20.1,1.96,13,3,Moderate,High
2026-08-06 13:15:00,central-junction,57,50.3,80,31.1,4.2,3.8,0.45,13,3,Low,Low
2026-08-06 13:15:00,railway-station,23,53.0,74,26.3,36.8,28.8,1.62,13,3,Low,High
2026-08-06 13:15:00,airport-road,24,51.9,53,29.9,58.8,41.3,2.52,13,3,Low,Critical
2026-08-06 13:15:00,industrial-area,23,59.3,102,25.7,5.7,4.1,0.65,13,3,Low,Low
2026-08-06 13:15:00,city-hospital,40,55.3,73,28.7,0.2,0.2,0.55,13,3,Low,Low
2026-08-06 13:15:00,residential-zone,55,50.4,58,33.1,2.9,1.6,0.65,13,3,Low,Low
2026-08-06 13:15:00,river-zone,26,55.6,78,25.4,7.0,5.8,1.07,13,3,Low,Low
2026-08-06 13:15:00,bus-terminal,28,57.8,64,31.5,2.3,1.5,0.67,13,3,Low,Low
2026-08-06 13:30:00,central-junction,22,62.3,68,31.0,3.7,2.6,0.45,13,3,Low,Low
2026-08-06 13:30:00,railway-station,70,46.6,81,32.0,0.0,0.0,0.36,13,3,Moderate,Low
2026-08-06 13:30:00,airport-road,40,53.9,90,25.4,7.0,3.8,0.65,13,3,Low,Low
2026-08-06 13:30:00,industrial-area,29,57.1,70,26.3,4.4,2.4,0.51,13,3,Low,Low
2026-08-06 13:30:00,city-hospital,33,55.1,56,27.4,0.7,0.4,0.48,13,3,Low,Low
2026-08-06 13:30:00,residential-zone,51,50.9,48,27.3,6.3,3.8,0.57,13,3,Low,Low
2026-08-06 13:30:00,river-zone,20,57.8,48,24.8,8.3,4.6,1.23,13,3,Low,Moderate
2026-08-06 13:30:00,bus-terminal,48,52.2,80,28.6,7.6,3.6,0.72,13,3,Low,Low
2026-08-06 13:45:00,central-junction,44,56.6,73,33.2,3.1,1.7,0.56,13,3,Low,Low
2026-08-06 13:45:00,railway-station,50,53.4,62,26.8,3.6,1.8,0.47,13,3,Low,Low
2026-08-06 13:45:00,airport-road,40,46.3,52,21.5,54.2,21.8,2.49,13,3,Low,High
2026-08-06 13:45:00,industrial-area,35,49.9,101,28.8,35.6,18.4,1.64,13,3,Low,High
2026-08-06 13:45:00,city-hospital,41,55.3,68,28.6,2.7,1.8,0.46,13,3,Low,Low
2026-08-06 13:45:00,residential-zone,29,58.6,56,29.0,8.8,4.9,0.61,13,3,Low,Low
2026-08-06 13:45:00,river-zone,52,51.5,67,30.4,4.5,1.8,1.1,13,3,Low,Low
2026-08-06 13:45:00,bus-terminal,28,56.0,58,25.8,2.4,2.1,0.44,13,3,Low,Low
2026-08-06 14:00:00,central-junction,57,54.4,92,23.2,3.0,2.4,0.68,14,3,Low,Low
2026-08-06 14:00:00,railway-station,43,55.3,66,34.9,8.8,4.2,0.82,14,3,Low,Low
2026-08-06 14:00:00,airport-road,44,57.5,50,33.8,3.0,2.6,0.48,14,3,Low,Low
2026-08-06 14:00:00,industrial-area,30,57.8,107,27.6,8.2,4.6,0.61,14,3,Low,Low
2026-08-06 14:00:00,city-hospital,39,57.5,85,27.5,1.7,0.9,0.64,14,3,Low,Low
2026-08-06 14:00:00,residential-zone,19,58.0,43,26.0,4.5,3.5,0.68,14,3,Low,Low
2026-08-06 14:00:00,river-zone,22,59.1,80,33.2,5.1,3.4,0.85,14,3,Low,Low
2026-08-06 14:00:00,bus-terminal,34,57.3,68,34.8,2.1,1.6,0.49,14,3,Low,Low
2026-08-06 14:15:00,central-junction,61,48.5,80,33.6,6.7,5.4,0.6,14,3,Moderate,Low
2026-08-06 14:15:00,railway-station,55,52.1,72,23.9,1.5,0.7,0.43,14,3,Low,Low
2026-08-06 14:15:00,airport-road,48,52.6,57,35.0,9.1,7.4,0.79,14,3,Low,Low
2026-08-06 14:15:00,industrial-area,44,39.5,68,19.6,90.3,70.5,3.75,14,3,Low,Critical
2026-08-06 14:15:00,city-hospital,29,49.7,47,25.3,69.0,37.5,2.94,14,3,Low,Critical
2026-08-06 14:15:00,residential-zone,26,57.8,83,22.9,3.6,2.3,0.48,14,3,Low,Low
2026-08-06 14:15:00,river-zone,23,60.8,44,23.9,4.5,3.9,0.82,14,3,Low,Low
2026-08-06 14:15:00,bus-terminal,59,50.7,81,33.5,4.7,3.8,0.5,14,3,Low,Low
2026-08-06 14:30:00,central-junction,41,56.6,92,29.7,6.1,3.1,0.75,14,3,Low,Low
2026-08-06 14:30:00,railway-station,47,55.0,59,27.8,9.1,6.5,0.65,14,3,Low,Low
2026-08-06 14:30:00,airport-road,60,52.8,70,26.6,5.0,3.7,0.74,14,3,Low,Low
2026-08-06 14:30:00,industrial-area,21,51.5,85,27.0,45.6,38.3,2.05,14,3,Low,High
2026-08-06 14:30:00,city-hospital,36,57.1,49,23.3,5.9,2.9,0.8,14,3,Low,Low
2026-08-06 14:30:00,residential-zone,55,51.1,70,31.8,2.0,0.9,0.64,14,3,Low,Low
2026-08-06 14:30:00,river-zone,57,53.0,84,26.4,6.2,2.8,0.89,14,3,Low,Low
2026-08-06 14:30:00,bus-terminal,61,51.3,57,31.6,2.6,2.2,0.66,14,3,Low,Low
2026-08-06 14:45:00,central-junction,32,56.5,82,29.0,7.5,3.6,0.65,14,3,Low,Low
2026-08-06 14:45:00,railway-station,84,43.5,79,30.7,4.2,1.8,0.53,14,3,Moderate,Low
2026-08-06 14:45:00,airport-road,37,57.7,81,30.8,6.9,4.4,0.8,14,3,Low,Low
2026-08-06 14:45:00,industrial-area,54,45.4,69,28.9,54.3,26.2,2.35,14,3,Moderate,High
2026-08-06 14:45:00,city-hospital,41,42.1,59,28.0,98.0,60.6,3.97,14,3,Low,Critical
2026-08-06 14:45:00,residential-zone,30,58.8,59,24.2,9.9,7.2,0.78,14,3,Low,Low
2026-08-06 14:45:00,river-zone,52,54.2,89,26.0,9.9,4.5,1.05,14,3,Low,Low
2026-08-06 14:45:00,bus-terminal,24,58.2,59,22.2,0.4,0.3,0.49,14,3,Low,Low
2026-08-06 15:00:00,central-junction,46,52.8,64,29.2,9.7,5.3,0.88,15,3,Low,Low
2026-08-06 15:00:00,railway-station,49,56.4,84,24.1,3.7,2.7,0.54,15,3,Low,Low
2026-08-06 15:00:00,airport-road,36,54.8,74,33.5,5.5,4.3,0.53,15,3,Low,Low
2026-08-06 15:00:00,industrial-area,54,46.5,96,23.0,42.3,30.7,1.88,15,3,Moderate,High
2026-08-06 15:00:00,city-hospital,37,54.7,62,24.3,3.1,1.5,0.61,15,3,Low,Low
2026-08-06 15:00:00,residential-zone,40,45.0,53,23.3,58.1,38.7,2.48,15,3,Low,Critical
2026-08-06 15:00:00,river-zone,34,55.1,74,24.4,5.8,4.3,0.86,15,3,Low,Low
2026-08-06 15:00:00,bus-terminal,54,55.1,54,21.7,6.0,4.2,0.53,15,3,Low,Low
2026-08-06 15:15:00,central-junction,39,54.4,45,22.1,3.4,3.0,0.58,15,3,Low,Low
2026-08-06 15:15:00,railway-station,56,50.8,60,21.6,7.8,6.1,0.75,15,3,Low,Low
2026-08-06 15:15:00,airport-road,39,35.4,63,24.7,123.6,89.2,4.64,15,3,Low,Critical
2026-08-06 15:15:00,industrial-area,48,55.3,105,32.2,2.9,1.3,0.45,15,3,Low,Low
2026-08-06 15:15:00,city-hospital,22,59.0,71,25.5,2.3,1.0,0.54,15,3,Low,Low
2026-08-06 15:15:00,residential-zone,28,60.2,81,32.1,9.9,6.5,0.8,15,3,Low,Low
2026-08-06 15:15:00,river-zone,33,56.7,42,34.6,3.6,2.3,0.84,15,3,Low,Low
2026-08-06 15:15:00,bus-terminal,30,59.4,60,30.9,5.7,3.0,0.7,15,3,Low,Low
2026-08-06 15:30:00,central-junction,50,52.0,54,28.0,6.5,5.3,0.54,15,3,Low,Low
2026-08-06 15:30:00,railway-station,49,56.3,46,30.8,1.1,0.5,0.6,15,3,Low,Low
2026-08-06 15:30:00,airport-road,23,61.1,79,34.4,6.9,5.6,0.66,15,3,Low,Low
2026-08-06 15:30:00,industrial-area,59,52.2,106,24.3,1.4,0.7,0.48,15,3,Low,Low
2026-08-06 15:30:00,city-hospital,43,56.3,45,34.7,8.9,4.7,0.83,15,3,Low,Low
2026-08-06 15:30:00,residential-zone,44,54.2,58,34.2,9.4,3.8,0.79,15,3,Low,Low
2026-08-06 15:30:00,river-zone,57,50.8,79,30.7,0.7,0.3,0.81,15,3,Low,Low
2026-08-06 15:30:00,bus-terminal,51,46.6,61,23.0,58.7,44.2,2.51,15,3,Low,Critical
2026-08-06 15:45:00,central-junction,61,51.6,61,29.3,8.7,5.2,0.64,15,3,Low,Low
2026-08-06 15:45:00,railway-station,53,46.9,62,20.3,42.5,22.9,2.01,15,3,Moderate,High
2026-08-06 15:45:00,airport-road,29,55.7,72,31.4,8.3,6.2,0.74,15,3,Low,Low
2026-08-06 15:45:00,industrial-area,48,43.3,82,28.7,72.9,55.9,3.08,15,3,Low,Critical
2026-08-06 15:45:00,city-hospital,56,52.2,79,27.1,9.1,6.7,0.87,15,3,Low,Low
2026-08-06 15:45:00,residential-zone,26,40.2,34,15.1,111.9,44.8,4.26,15,3,Low,Critical
2026-08-06 15:45:00,river-zone,47,53.1,56,35.1,6.2,4.0,0.9,15,3,Low,Low
2026-08-06 15:45:00,bus-terminal,60,51.9,60,32.3,8.8,5.4,0.79,15,3,Low,Low
2026-08-06 16:00:00,central-junction,25,57.5,73,34.4,9.0,6.7,0.87,16,3,Low,Low
2026-08-06 16:00:00,railway-station,46,55.6,64,24.8,7.5,6.6,0.64,16,3,Low,Low
2026-08-06 16:00:00,airport-road,29,58.9,65,22.0,2.4,1.3,0.46,16,3,Low,Low
2026-08-06 16:00:00,industrial-area,38,58.9,78,26.7,2.9,1.3,0.58,16,3,Low,Low
2026-08-06 16:00:00,city-hospital,54,50.9,57,24.2,4.6,2.0,0.59,16,3,Low,Low
2026-08-06 16:00:00,residential-zone,41,47.6,62,27.2,73.1,61.0,3.08,16,3,Low,Critical
2026-08-06 16:00:00,river-zone,50,53.7,85,33.0,1.1,0.9,0.84,16,3,Low,Low
2026-08-06 16:00:00,bus-terminal,46,40.0,57,26.9,90.7,77.5,3.6,16,3,Moderate,Critical
2026-08-06 16:15:00,central-junction,31,55.4,62,24.3,8.3,6.3,0.85,16,3,Low,Low
2026-08-06 16:15:00,railway-station,31,54.9,67,29.8,7.1,5.2,0.82,16,3,Low,Low
2026-08-06 16:15:00,airport-road,29,59.4,71,30.2,7.3,3.1,0.62,16,3,Low,Low
2026-08-06 16:15:00,industrial-area,32,58.5,109,23.3,4.1,2.1,0.45,16,3,Low,Low
2026-08-06 16:15:00,city-hospital,53,51.1,56,26.6,4.7,2.4,0.5,16,3,Low,Low
2026-08-06 16:15:00,residential-zone,29,58.1,46,32.7,7.8,5.2,0.78,16,3,Low,Low
2026-08-06 16:15:00,river-zone,45,53.8,82,34.6,4.7,3.6,1.02,16,3,Low,Low
2026-08-06 16:15:00,bus-terminal,51,50.6,82,29.2,8.8,5.4,0.89,16,3,Low,Low
2026-08-06 16:30:00,central-junction,68,47.0,74,27.2,1.9,1.5,0.53,16,3,Moderate,Low
2026-08-06 16:30:00,railway-station,37,53.0,56,26.5,7.4,3.1,0.86,16,3,Low,Low
2026-08-06 16:30:00,airport-road,25,44.6,56,22.5,103.8,52.3,4.05,16,3,Low,Critical
2026-08-06 16:30:00,industrial-area,49,56.6,113,22.8,1.6,1.1,0.6,16,3,Low,Low
2026-08-06 16:30:00,city-hospital,54,51.3,85,22.2,5.3,4.5,0.7,16,3,Low,Low
2026-08-06 16:30:00,residential-zone,30,54.6,73,31.4,5.3,2.8,0.68,16,3,Low,Low
2026-08-06 16:30:00,river-zone,24,57.6,44,22.1,4.1,2.7,0.91,16,3,Low,Low
2026-08-06 16:30:00,bus-terminal,49,53.5,68,22.2,4.6,2.4,0.65,16,3,Low,Low
2026-08-06 16:45:00,central-junction,43,55.7,63,32.3,5.7,3.0,0.72,16,3,Low,Low
2026-08-06 16:45:00,railway-station,40,56.6,61,33.4,3.1,2.5,0.58,16,3,Low,Low
2026-08-06 16:45:00,airport-road,37,55.7,88,30.6,5.6,4.2,0.66,16,3,Low,Low
2026-08-06 16:45:00,industrial-area,21,59.1,89,23.4,0.9,0.8,0.63,16,3,Low,Low
2026-08-06 16:45:00,city-hospital,25,60.4,67,31.9,0.2,0.1,0.43,16,3,Low,Low
2026-08-06 16:45:00,residential-zone,38,57.6,58,30.2,1.6,1.2,0.58,16,3,Low,Low
2026-08-06 16:45:00,river-zone,46,52.6,85,26.2,9.2,6.6,1.21,16,3,Low,Moderate
2026-08-06 16:45:00,bus-terminal,58,52.3,66,32.7,7.8,5.0,0.61,16,3,Low,Low
2026-08-06 17:00:00,central-junction,120,37.0,75,34.6,7.5,3.7,0.8,17,3,Moderate,Low
2026-08-06 17:00:00,railway-station,160,31.3,78,22.3,7.0,2.8,0.66,17,3,High,Low
2026-08-06 17:00:00,airport-road,83,47.2,63,24.1,1.5,0.7,0.58,17,3,Moderate,Low
2026-08-06 17:00:00,industrial-area,90,36.7,76,28.6,56.1,30.0,2.28,17,3,Moderate,High
2026-08-06 17:00:00,city-hospital,76,47.7,76,34.2,2.9,1.3,0.62,17,3,Moderate,Low
2026-08-06 17:00:00,residential-zone,113,36.9,80,29.1,6.1,3.0,0.7,17,3,Moderate,Low
2026-08-06 17:00:00,river-zone,116,29.1,67,27.9,73.5,64.2,3.33,17,3,High,Critical
2026-08-06 17:00:00,bus-terminal,144,31.8,89,26.0,3.1,1.4,0.54,17,3,High,Low
2026-08-06 17:15:00,central-junction,114,41.9,75,32.3,3.5,3.0,0.51,17,3,Moderate,Low
2026-08-06 17:15:00,railway-station,179,22.9,94,23.3,5.3,3.8,0.67,17,3,Critical,Low
2026-08-06 17:15:00,airport-road,131,35.3,96,24.9,7.4,3.4,0.64,17,3,High,Low
2026-08-06 17:15:00,industrial-area,91,45.1,121,22.0,6.7,4.4,0.73,17,3,Moderate,Low
2026-08-06 17:15:00,city-hospital,90,44.3,65,34.0,2.3,2.0,0.62,17,3,Moderate,Low
2026-08-06 17:15:00,residential-zone,71,45.5,78,32.0,8.7,7.0,0.64,17,3,Moderate,Low
2026-08-06 17:15:00,river-zone,78,45.6,64,23.0,6.1,3.6,0.95,17,3,Moderate,Low
2026-08-06 17:15:00,bus-terminal,96,46.2,55,33.9,1.7,0.8,0.43,17,3,Moderate,Low
2026-08-06 17:30:00,central-junction,108,38.7,68,29.3,9.6,7.0,0.85,17,3,Moderate,Low
2026-08-06 17:30:00,railway-station,101,39.4,94,22.1,5.8,3.3,0.57,17,3,Moderate,Low
2026-08-06 17:30:00,airport-road,76,49.2,77,33.9,1.0,0.5,0.53,17,3,Moderate,Low
2026-08-06 17:30:00,industrial-area,119,39.8,73,22.4,6.2,3.5,0.63,17,3,Moderate,Low
2026-08-06 17:30:00,city-hospital,91,43.1,78,23.8,1.0,0.5,0.4,17,3,Moderate,Low
2026-08-06 17:30:00,residential-zone,82,47.6,97,33.3,2.7,1.7,0.67,17,3,Moderate,Low
2026-08-06 17:30:00,river-zone,95,42.7,66,28.8,9.7,8.4,1.19,17,3,Moderate,Moderate
2026-08-06 17:30:00,bus-terminal,149,32.7,93,28.7,3.9,3.4,0.6,17,3,High,Low
2026-08-06 17:45:00,central-junction,192,12.5,94,28.6,80.9,54.2,3.14,17,3,Critical,Critical
2026-08-06 17:45:00,railway-station,113,36.4,85,29.9,5.3,4.3,0.57,17,3,Moderate,Low
2026-08-06 17:45:00,airport-road,86,44.5,67,34.8,8.7,4.3,0.88,17,3,Moderate,Low
2026-08-06 17:45:00,industrial-area,107,42.3,108,25.3,2.1,1.2,0.38,17,3,Moderate,Low
2026-08-06 17:45:00,city-hospital,149,30.8,85,28.3,9.2,4.3,0.85,17,3,High,Low
2026-08-06 17:45:00,residential-zone,120,35.2,99,31.8,6.3,4.3,0.58,17,3,High,Low
2026-08-06 17:45:00,river-zone,66,32.9,59,17.6,117.7,65.6,5.05,17,3,Moderate,Critical
2026-08-06 17:45:00,bus-terminal,161,27.5,95,29.3,4.5,3.1,0.63,17,3,High,Low
2026-08-06 18:00:00,central-junction,129,36.3,64,25.8,0.4,0.2,0.59,18,3,High,Low
2026-08-06 18:00:00,railway-station,124,33.8,86,24.7,42.7,17.9,1.9,18,3,High,High
2026-08-06 18:00:00,airport-road,130,32.9,92,34.1,3.7,2.7,0.62,18,3,High,Low
2026-08-06 18:00:00,industrial-area,130,29.3,121,27.2,56.2,43.7,2.42,18,3,High,Critical
2026-08-06 18:00:00,city-hospital,92,27.6,47,14.8,122.1,73.5,4.59,18,3,High,Critical
2026-08-06 18:00:00,residential-zone,115,39.8,104,34.0,8.2,4.8,0.65,18,3,Moderate,Low
2026-08-06 18:00:00,river-zone,131,22.3,67,17.4,101.1,52.7,4.31,18,3,Critical,Critical
2026-08-06 18:00:00,bus-terminal,60,51.7,87,31.3,2.3,1.4,0.51,18,3,Low,Low
2026-08-06 18:15:00,central-junction,180,22.4,89,29.8,2.0,1.4,0.46,18,3,Critical,Low
2026-08-06 18:15:00,railway-station,164,28.5,96,24.5,6.0,3.8,0.54,18,3,High,Low
2026-08-06 18:15:00,airport-road,98,41.0,91,29.4,5.3,4.4,0.56,18,3,Moderate,Low
2026-08-06 18:15:00,industrial-area,88,45.7,91,31.9,4.9,4.4,0.6,18,3,Moderate,Low
2026-08-06 18:15:00,city-hospital,96,43.5,71,22.9,6.8,5.2,0.76,18,3,Moderate,Low
2026-08-06 18:15:00,residential-zone,90,43.1,81,32.5,6.7,5.6,0.63,18,3,Moderate,Low
2026-08-06 18:15:00,river-zone,83,46.5,78,21.8,8.7,6.8,1.13,18,3,Moderate,Moderate
2026-08-06 18:15:00,bus-terminal,152,31.9,90,27.4,5.6,3.9,0.71,18,3,High,Low
2026-08-06 18:30:00,central-junction,96,44.7,70,27.6,4.8,2.3,0.58,18,3,Moderate,Low
2026-08-06 18:30:00,railway-station,100,38.8,70,35.0,9.9,4.4,0.91,18,3,Moderate,Low
2026-08-06 18:30:00,airport-road,80,45.0,93,28.4,9.9,8.7,0.92,18,3,Moderate,Low
2026-08-06 18:30:00,industrial-area,75,45.1,111,33.0,8.9,8.0,0.84,18,3,Moderate,Low
2026-08-06 18:30:00,city-hospital,112,40.3,100,22.5,1.7,0.8,0.5,18,3,Moderate,Low
2026-08-06 18:30:00,residential-zone,112,31.3,80,22.2,49.3,36.3,2.19,18,3,High,High
2026-08-06 18:30:00,river-zone,140,34.2,78,26.6,3.6,2.5,1.03,18,3,High,Low
2026-08-06 18:30:00,bus-terminal,157,24.8,90,28.5,34.1,19.8,1.77,18,3,Critical,High
2026-08-06 18:45:00,central-junction,88,33.2,62,20.1,71.6,39.8,2.96,18,3,Moderate,Critical
2026-08-06 18:45:00,railway-station,194,23.2,109,23.9,2.3,1.4,0.68,18,3,Critical,Low
2026-08-06 18:45:00,airport-road,105,37.1,86,22.7,34.6,29.2,1.71,18,3,Moderate,High
2026-08-06 18:45:00,industrial-area,70,41.7,80,22.5,69.1,54.8,2.82,18,3,Moderate,Critical
2026-08-06 18:45:00,city-hospital,66,42.3,57,22.2,43.3,32.6,1.82,18,3,Moderate,High
2026-08-06 18:45:00,residential-zone,87,46.8,60,34.0,6.6,5.5,0.56,18,3,Moderate,Low
2026-08-06 18:45:00,river-zone,119,34.8,89,33.0,9.6,8.3,1.11,18,3,High,Moderate
2026-08-06 18:45:00,bus-terminal,143,33.2,101,34.0,0.8,0.4,0.42,18,3,High,Low
2026-08-06 19:00:00,central-junction,178,26.1,94,33.3,6.0,4.8,0.67,19,3,Critical,Low
2026-08-06 19:00:00,railway-station,95,40.7,78,30.8,5.8,3.1,0.8,19,3,Moderate,Low
2026-08-06 19:00:00,airport-road,146,29.6,108,22.3,8.3,4.3,0.78,19,3,High,Low
2026-08-06 19:00:00,industrial-area,119,36.6,129,32.8,2.4,1.5,0.51,19,3,Moderate,Low
2026-08-06 19:00:00,city-hospital,152,33.1,105,31.1,4.3,3.2,0.51,19,3,High,Low
2026-08-06 19:00:00,residential-zone,120,35.4,69,28.3,9.3,5.0,0.68,19,3,High,Low
2026-08-06 19:00:00,river-zone,118,36.2,100,24.5,3.1,1.5,0.83,19,3,Moderate,Low
2026-08-06 19:00:00,bus-terminal,101,42.3,70,33.8,1.0,0.4,0.39,19,3,Moderate,Low
2026-08-06 19:15:00,central-junction,86,43.5,76,26.1,5.9,5.3,0.74,19,3,Moderate,Low
2026-08-06 19:15:00,railway-station,75,44.9,59,29.3,5.8,5.1,0.74,19,3,Moderate,Low
2026-08-06 19:15:00,airport-road,79,33.9,70,25.6,88.0,53.1,3.48,19,3,Moderate,Critical
2026-08-06 19:15:00,industrial-area,87,44.2,128,24.2,5.0,2.6,0.73,19,3,Moderate,Low
2026-08-06 19:15:00,city-hospital,124,16.6,53,13.6,128.6,53.0,4.85,19,3,Critical,Critical
2026-08-06 19:15:00,residential-zone,62,53.6,63,34.8,1.0,0.5,0.52,19,3,Low,Low
2026-08-06 19:15:00,river-zone,97,44.8,87,30.8,2.4,1.0,0.85,19,3,Moderate,Low
2026-08-06 19:15:00,bus-terminal,115,38.5,87,26.1,4.9,2.6,0.47,19,3,Moderate,Low
2026-08-06 19:30:00,central-junction,82,45.6,78,33.9,5.9,3.7,0.74,19,3,Moderate,Low
2026-08-06 19:30:00,railway-station,65,52.2,94,22.0,9.7,7.5,0.73,19,3,Moderate,Low
2026-08-06 19:30:00,airport-road,52,49.6,70,24.4,30.8,14.6,1.56,19,3,Low,Moderate
2026-08-06 19:30:00,industrial-area,129,35.9,89,23.9,0.5,0.3,0.51,19,3,High,Low
2026-08-06 19:30:00,city-hospital,125,36.4,95,35.4,7.8,5.3,0.71,19,3,High,Low
2026-08-06 19:30:00,residential-zone,140,25.4,69,17.5,77.6,43.2,3.14,19,3,High,Critical
2026-08-06 19:30:00,river-zone,98,41.2,60,26.6,1.6,1.3,0.94,19,3,Moderate,Low
2026-08-06 19:30:00,bus-terminal,209,17.3,102,33.6,9.7,6.8,0.88,19,3,Critical,Low
2026-08-06 19:45:00,central-junction,180,23.3,112,22.7,7.1,4.3,0.63,19,3,Critical,Low
2026-08-06 19:45:00,railway-station,194,23.4,115,27.7,8.7,5.3,0.88,19,3,Critical,Low
2026-08-06 19:45:00,airport-road,75,47.3,96,23.7,0.6,0.5,0.44,19,3,Moderate,Low
2026-08-06 19:45:00,industrial-area,114,39.1,125,28.5,9.8,4.3,0.72,19,3,Moderate,Low
2026-08-06 19:45:00,city-hospital,135,31.3,89,31.7,7.7,6.5,0.83,19,3,High,Low
2026-08-06 19:45:00,residential-zone,104,41.9,75,30.8,9.1,4.8,0.62,19,3,Moderate,Low
2026-08-06 19:45:00,river-zone,69,46.5,74,23.4,9.0,7.7,1.16,19,3,Moderate,Moderate
2026-08-06 19:45:00,bus-terminal,105,39.1,89,31.4,6.9,5.2,0.74,19,3,Moderate,Low
2026-08-06 20:00:00,central-junction,90,42.1,79,33.5,9.5,6.2,0.64,20,3,Moderate,Low
2026-08-06 20:00:00,railway-station,154,33.1,77,33.1,3.6,3.2,0.52,20,3,High,Low
2026-08-06 20:00:00,airport-road,66,52.2,84,25.6,5.5,4.5,0.51,20,3,Moderate,Low
2026-08-06 20:00:00,industrial-area,145,20.6,103,17.0,73.7,55.3,3.1,20,3,Critical,Critical
2026-08-06 20:00:00,city-hospital,123,34.9,83,30.4,9.1,7.7,0.75,20,3,High,Low
2026-08-06 20:00:00,residential-zone,104,40.8,67,32.0,8.1,6.6,0.65,20,3,Moderate,Low
2026-08-06 20:00:00,river-zone,57,52.7,61,33.9,0.5,0.4,0.86,20,3,Low,Low
2026-08-06 20:00:00,bus-terminal,94,35.5,90,19.3,76.8,54.7,3.2,20,3,Moderate,Critical
2026-08-06 20:15:00,central-junction,144,19.2,66,26.6,96.9,70.2,3.84,20,3,Critical,Critical
2026-08-06 20:15:00,railway-station,148,33.3,94,34.0,7.3,4.1,0.69,20,3,High,Low
2026-08-06 20:15:00,airport-road,81,39.4,93,25.4,59.9,50.7,2.41,20,3,Moderate,Critical
2026-08-06 20:15:00,industrial-area,61,52.6,98,22.3,7.5,6.5,0.58,20,3,Low,Low
2026-08-06 20:15:00,city-hospital,149,33.5,103,27.4,9.4,8.3,0.81,20,3,High,Low
2026-08-06 20:15:00,residential-zone,105,41.1,85,32.9,4.8,2.2,0.6,20,3,Moderate,Low
2026-08-06 20:15:00,river-zone,122,39.3,95,32.6,3.0,1.7,0.88,20,3,Moderate,Low
2026-08-06 20:15:00,bus-terminal,121,35.5,95,32.0,9.7,4.9,0.73,20,3,High,Low
2026-08-06 20:30:00,central-junction,101,28.9,54,21.4,75.4,43.2,3.19,20,3,High,Critical
2026-08-06 20:30:00,railway-station,79,50.5,84,24.5,0.0,0.0,0.38,20,3,Moderate,Low
2026-08-06 20:30:00,airport-road,65,47.2,85,30.5,7.0,6.0,0.82,20,3,Moderate,Low
2026-08-06 20:30:00,industrial-area,92,42.3,105,30.2,4.4,3.7,0.68,20,3,Moderate,Low
2026-08-06 20:30:00,city-hospital,54,34.6,59,11.7,129.1,93.0,4.96,20,3,Moderate,Critical
2026-08-06 20:30:00,residential-zone,94,27.5,79,22.3,121.7,103.7,4.72,20,3,High,Critical
2026-08-06 20:30:00,river-zone,100,44.2,103,30.6,0.1,0.0,0.67,20,3,Moderate,Low
2026-08-06 20:30:00,bus-terminal,106,38.7,69,24.1,6.0,4.5,0.57,20,3,Moderate,Low
2026-08-06 20:45:00,central-junction,59,43.6,78,23.9,46.2,41.5,2.14,20,3,Moderate,High
2026-08-06 20:45:00,railway-station,148,29.1,101,28.9,4.6,2.6,0.63,20,3,High,Low
2026-08-06 20:45:00,airport-road,151,30.6,96,31.4,1.4,0.9,0.55,20,3,High,Low
2026-08-06 20:45:00,industrial-area,112,23.4,104,18.1,110.8,97.3,4.29,20,3,High,Critical
2026-08-06 20:45:00,city-hospital,137,36.8,72,34.2,1.6,1.2,0.48,20,3,High,Low
2026-08-06 20:45:00,residential-zone,65,51.0,76,33.9,6.1,3.7,0.69,20,3,Moderate,Low
2026-08-06 20:45:00,river-zone,64,48.6,64,25.0,2.1,1.0,0.79,20,3,Moderate,Low
2026-08-06 20:45:00,bus-terminal,135,34.0,105,25.4,4.3,3.6,0.6,20,3,High,Low
2026-08-06 21:00:00,central-junction,60,53.2,57,28.5,0.1,0.1,0.45,21,3,Low,Low
2026-08-06 21:00:00,railway-station,87,33.2,66,25.7,75.4,34.1,3.09,21,3,Moderate,Critical
2026-08-06 21:00:00,airport-road,48,51.5,73,33.8,7.7,4.8,0.57,21,3,Low,Low
2026-08-06 21:00:00,industrial-area,43,54.7,96,25.6,6.2,3.5,0.52,21,3,Low,Low
2026-08-06 21:00:00,city-hospital,28,60.4,74,34.4,6.8,6.1,0.76,21,3,Low,Low
2026-08-06 21:00:00,residential-zone,43,53.4,52,32.4,31.9,22.9,1.65,21,3,Low,Moderate
2026-08-06 21:00:00,river-zone,31,55.1,74,30.8,1.5,1.1,0.98,21,3,Low,Low
2026-08-06 21:00:00,bus-terminal,43,56.1,73,22.0,6.9,5.3,0.76,21,3,Low,Low
2026-08-06 21:15:00,central-junction,55,49.2,86,33.6,6.1,3.8,0.77,21,3,Low,Low
2026-08-06 21:15:00,railway-station,28,58.4,55,30.8,2.4,1.1,0.6,21,3,Low,Low
2026-08-06 21:15:00,airport-road,54,52.1,77,29.7,7.1,5.1,0.57,21,3,Low,Low
2026-08-06 21:15:00,industrial-area,35,53.5,114,25.5,6.5,4.1,0.73,21,3,Low,Low
2026-08-06 21:15:00,city-hospital,37,55.4,54,28.0,1.8,0.7,0.56,21,3,Low,Low
2026-08-06 21:15:00,residential-zone,23,57.1,67,29.4,4.5,2.0,0.6,21,3,Low,Low
2026-08-06 21:15:00,river-zone,55,51.1,60,30.7,7.9,3.4,1.13,21,3,Low,Low
2026-08-06 21:15:00,bus-terminal,33,58.4,84,27.4,8.8,3.9,0.69,21,3,Low,Low
2026-08-06 21:30:00,central-junction,40,55.8,78,30.1,8.8,6.0,0.76,21,3,Low,Low
2026-08-06 21:30:00,railway-station,54,54.7,73,34.1,6.4,5.6,0.71,21,3,Low,Low
2026-08-06 21:30:00,airport-road,24,59.0,41,34.8,6.4,4.3,0.82,21,3,Low,Low
2026-08-06 21:30:00,industrial-area,34,56.9,113,34.6,0.3,0.1,0.57,21,3,Low,Low
2026-08-06 21:30:00,city-hospital,30,57.9,80,29.6,4.6,3.4,0.67,21,3,Low,Low
2026-08-06 21:30:00,residential-zone,37,56.6,65,22.8,1.4,0.7,0.48,21,3,Low,Low
2026-08-06 21:30:00,river-zone,63,51.6,66,29.9,3.6,2.5,0.82,21,3,Low,Low
2026-08-06 21:30:00,bus-terminal,62,48.7,51,24.8,2.9,1.5,0.6,21,3,Moderate,Low
2026-08-06 21:45:00,central-junction,47,55.8,57,30.7,2.4,1.1,0.66,21,3,Low,Low
2026-08-06 21:45:00,railway-station,42,53.3,58,24.6,27.3,22.3,1.49,21,3,Low,Moderate
2026-08-06 21:45:00,airport-road,21,61.1,49,31.5,4.4,2.4,0.47,21,3,Low,Low
2026-08-06 21:45:00,industrial-area,26,61.3,99,25.1,4.6,4.1,0.53,21,3,Low,Low
2026-08-06 21:45:00,city-hospital,50,56.0,81,31.6,2.4,1.5,0.67,21,3,Low,Low
2026-08-06 21:45:00,residential-zone,19,58.2,74,28.4,7.7,5.2,0.76,21,3,Low,Low
2026-08-06 21:45:00,river-zone,32,59.3,75,35.1,2.6,1.6,0.95,21,3,Low,Low
2026-08-06 21:45:00,bus-terminal,32,59.0,58,23.6,3.9,3.0,0.62,21,3,Low,Low
2026-08-06 22:00:00,central-junction,44,42.7,47,24.2,70.7,59.4,3.07,22,3,Low,Critical
2026-08-06 22:00:00,railway-station,41,54.1,82,24.6,2.3,0.9,0.45,22,3,Low,Low
2026-08-06 22:00:00,airport-road,45,51.7,84,28.7,5.8,2.9,0.58,22,3,Low,Low
2026-08-06 22:00:00,industrial-area,47,51.8,98,29.2,8.7,7.4,0.89,22,3,Low,Low
2026-08-06 22:00:00,city-hospital,57,46.4,69,22.1,24.6,11.5,1.41,22,3,Moderate,Moderate
2026-08-06 22:00:00,residential-zone,40,56.6,51,25.7,3.5,2.1,0.44,22,3,Low,Low
2026-08-06 22:00:00,river-zone,30,58.1,46,31.9,8.5,6.4,1.18,22,3,Low,Moderate
2026-08-06 22:00:00,bus-terminal,50,56.4,66,34.9,3.1,2.7,0.57,22,3,Low,Low
2026-08-06 22:15:00,central-junction,31,57.2,83,34.2,8.1,6.6,0.81,22,3,Low,Low
2026-08-06 22:15:00,railway-station,55,44.4,64,21.6,63.0,52.7,2.71,22,3,Moderate,Critical
2026-08-06 22:15:00,airport-road,40,53.0,84,34.4,1.8,0.8,0.37,22,3,Low,Low
2026-08-06 22:15:00,industrial-area,36,57.5,100,33.5,6.7,5.6,0.68,22,3,Low,Low
2026-08-06 22:15:00,city-hospital,35,57.0,56,35.3,3.7,3.0,0.66,22,3,Low,Low
2026-08-06 22:15:00,residential-zone,28,60.2,61,33.9,5.6,2.9,0.6,22,3,Low,Low
2026-08-06 22:15:00,river-zone,51,54.2,93,32.5,6.3,3.1,1.04,22,3,Low,Low
2026-08-06 22:15:00,bus-terminal,34,55.0,79,31.7,2.0,1.4,0.56,22,3,Low,Low
2026-08-06 22:30:00,central-junction,71,46.6,81,28.4,2.6,1.1,0.45,22,3,Moderate,Low
2026-08-06 22:30:00,railway-station,56,49.4,77,32.2,8.1,6.7,0.68,22,3,Low,Low
2026-08-06 22:30:00,airport-road,24,53.5,71,27.6,57.9,51.5,2.4,22,3,Low,Critical
2026-08-06 22:30:00,industrial-area,21,37.0,68,19.3,136.2,65.0,5.18,22,3,Low,Critical
2026-08-06 22:30:00,city-hospital,58,54.7,51,29.7,1.9,1.7,0.43,22,3,Low,Low
2026-08-06 22:30:00,residential-zone,27,59.7,42,31.3,8.3,4.7,0.83,22,3,Low,Low
2026-08-06 22:30:00,river-zone,43,55.6,50,32.6,7.8,4.2,1.06,22,3,Low,Low
2026-08-06 22:30:00,bus-terminal,50,55.4,64,23.8,8.4,6.3,0.89,22,3,Low,Low
2026-08-06 22:45:00,central-junction,46,56.9,56,32.9,4.5,3.2,0.62,22,3,Low,Low
2026-08-06 22:45:00,railway-station,46,54.0,46,35.9,0.7,0.5,0.43,22,3,Low,Low
2026-08-06 22:45:00,airport-road,25,56.8,47,25.4,4.5,1.9,0.68,22,3,Low,Low
2026-08-06 22:45:00,industrial-area,41,55.6,80,28.1,9.1,4.6,0.77,22,3,Low,Low
2026-08-06 22:45:00,city-hospital,29,52.6,72,29.7,25.0,21.4,1.37,22,3,Low,Moderate
2026-08-06 22:45:00,residential-zone,47,55.8,79,30.7,1.5,1.1,0.54,22,3,Low,Low
2026-08-06 22:45:00,river-zone,20,46.5,58,21.7,85.8,56.4,3.76,22,3,Low,Critical
2026-08-06 22:45:00,bus-terminal,57,53.2,83,30.9,4.3,3.8,0.48,22,3,Low,Low
2026-08-06 23:00:00,central-junction,82,47.5,86,23.5,0.5,0.3,0.52,23,3,Moderate,Low
2026-08-06 23:00:00,railway-station,77,47.3,56,21.5,9.2,8.1,0.75,23,3,Moderate,Low
2026-08-06 23:00:00,airport-road,42,53.9,65,33.7,6.5,5.3,0.7,23,3,Low,Low
2026-08-06 23:00:00,industrial-area,31,58.2,57,28.7,9.5,6.4,0.7,23,3,Low,Low
2026-08-06 23:00:00,city-hospital,25,48.1,50,26.4,57.8,23.2,2.43,23,3,Low,Critical
2026-08-06 23:00:00,residential-zone,64,45.1,55,20.5,49.4,36.2,2.06,23,3,Moderate,High
2026-08-06 23:00:00,river-zone,38,57.3,72,28.8,5.3,4.2,0.96,23,3,Low,Low
2026-08-06 23:00:00,bus-terminal,73,49.5,75,32.6,6.9,4.4,0.72,23,3,Moderate,Low
2026-08-06 23:15:00,central-junction,36,48.3,64,16.4,70.1,29.2,2.86,23,3,Low,Critical
2026-08-06 23:15:00,railway-station,44,57.7,56,33.0,1.2,0.8,0.48,23,3,Low,Low
2026-08-06 23:15:00,airport-road,23,61.2,39,22.5,5.2,2.9,0.52,23,3,Low,Low
2026-08-06 23:15:00,industrial-area,25,60.1,91,27.2,7.6,6.2,0.6,23,3,Low,Low
2026-08-06 23:15:00,city-hospital,33,58.6,57,23.2,8.8,7.0,0.64,23,3,Low,Low
2026-08-06 23:15:00,residential-zone,58,53.0,61,32.0,2.7,2.3,0.68,23,3,Low,Low
2026-08-06 23:15:00,river-zone,53,54.6,79,35.1,3.1,1.4,0.77,23,3,Low,Low
2026-08-06 23:15:00,bus-terminal,51,49.5,47,22.6,20.6,10.3,1.24,23,3,Low,Moderate
2026-08-06 23:30:00,central-junction,53,43.4,63,22.0,60.5,38.8,2.43,23,3,Moderate,Critical
2026-08-06 23:30:00,railway-station,69,48.3,65,22.5,7.0,3.3,0.64,23,3,Moderate,Low
2026-08-06 23:30:00,airport-road,31,49.9,63,19.7,50.6,34.5,2.22,23,3,Low,High
2026-08-06 23:30:00,industrial-area,46,52.7,67,27.1,3.7,1.8,0.67,23,3,Low,Low
2026-08-06 23:30:00,city-hospital,38,58.5,60,29.8,2.1,1.7,0.52,23,3,Low,Low
2026-08-06 23:30:00,residential-zone,40,53.7,77,34.0,6.0,3.8,0.78,23,3,Low,Low
2026-08-06 23:30:00,river-zone,51,54.9,84,26.4,8.1,5.9,0.98,23,3,Low,Low
2026-08-06 23:30:00,bus-terminal,57,53.6,69,24.4,1.2,1.0,0.35,23,3,Low,Low
2026-08-06 23:45:00,central-junction,23,56.4,61,33.8,3.9,2.6,0.71,23,3,Low,Low
2026-08-06 23:45:00,railway-station,60,52.0,66,27.2,3.7,2.5,0.43,23,3,Low,Low
2026-08-06 23:45:00,airport-road,40,53.3,46,32.0,1.1,0.7,0.5,23,3,Low,Low
2026-08-06 23:45:00,industrial-area,29,56.1,97,31.1,7.6,5.0,0.7,23,3,Low,Low
2026-08-06 23:45:00,city-hospital,29,59.1,54,33.1,2.9,2.1,0.53,23,3,Low,Low
2026-08-06 23:45:00,residential-zone,37,46.1,57,18.2,74.9,30.2,2.97,23,3,Low,Critical
2026-08-06 23:45:00,river-zone,41,57.3,79,34.8,5.3,4.7,1.05,23,3,Low,Low
2026-08-06 23:45:00,bus-terminal,39,52.9,88,23.4,6.7,4.4,0.56,23,3,Low,Low
2026-08-07 00:00:00,central-junction,34,55.9,63,30.4,6.1,4.7,0.72,0,4,Low,Low
2026-08-07 00:00:00,railway-station,41,55.8,83,33.6,6.9,3.8,0.76,0,4,Low,Low
2026-08-07 00:00:00,airport-road,47,54.9,91,29.1,2.8,2.5,0.53,0,4,Low,Low
2026-08-07 00:00:00,industrial-area,49,55.7,76,31.9,5.1,3.6,0.68,0,4,Low,Low
2026-08-07 00:00:00,city-hospital,33,56.0,63,25.7,9.9,7.9,0.75,0,4,Low,Low
2026-08-07 00:00:00,residential-zone,42,54.6,48,29.0,8.6,5.1,0.65,0,4,Low,Low
2026-08-07 00:00:00,river-zone,37,58.0,65,32.8,0.4,0.2,0.67,0,4,Low,Low
2026-08-07 00:00:00,bus-terminal,69,35.2,77,29.3,80.5,53.0,3.37,0,4,Moderate,Critical
2026-08-07 00:15:00,central-junction,79,49.2,55,26.8,4.7,2.7,0.76,0,4,Moderate,Low
2026-08-07 00:15:00,railway-station,55,46.3,63,19.9,26.5,18.4,1.31,0,4,Low,Moderate
2026-08-07 00:15:00,airport-road,50,52.1,73,25.7,0.0,0.0,0.4,0,4,Low,Low
2026-08-07 00:15:00,industrial-area,26,61.0,98,24.2,1.8,1.3,0.51,0,4,Low,Low
2026-08-07 00:15:00,city-hospital,22,60.4,43,22.7,7.7,4.4,0.82,0,4,Low,Low
2026-08-07 00:15:00,residential-zone,43,56.8,71,25.9,1.8,1.1,0.47,0,4,Low,Low
2026-08-07 00:15:00,river-zone,57,48.9,67,34.6,5.3,3.0,1.05,0,4,Low,Low
2026-08-07 00:15:00,bus-terminal,41,54.9,86,27.4,3.0,2.3,0.49,0,4,Low,Low
2026-08-07 00:30:00,central-junction,64,50.2,74,30.7,7.2,5.0,0.67,0,4,Moderate,Low
2026-08-07 00:30:00,railway-station,60,48.3,55,26.0,4.3,3.5,0.54,0,4,Moderate,Low
2026-08-07 00:30:00,airport-road,42,40.3,40,27.7,89.3,68.5,3.45,0,4,Low,Critical
2026-08-07 00:30:00,industrial-area,38,55.6,86,30.9,5.5,4.0,0.55,0,4,Low,Low
2026-08-07 00:30:00,city-hospital,38,55.4,74,29.2,8.9,8.0,0.72,0,4,Low,Low
2026-08-07 00:30:00,residential-zone,53,50.5,66,26.1,4.7,2.2,0.71,0,4,Low,Low
2026-08-07 00:30:00,river-zone,26,57.0,70,32.4,0.9,0.4,0.87,0,4,Low,Low
2026-08-07 00:30:00,bus-terminal,37,44.0,50,26.9,70.0,40.6,2.91,0,4,Low,Critical
2026-08-07 00:45:00,central-junction,38,55.9,75,33.2,7.7,6.3,0.83,0,4,Low,Low
2026-08-07 00:45:00,railway-station,25,59.3,86,24.0,9.9,5.3,0.78,0,4,Low,Low
2026-08-07 00:45:00,airport-road,51,49.0,73,31.0,34.1,27.7,1.74,0,4,Low,High
2026-08-07 00:45:00,industrial-area,45,55.2,112,31.6,7.8,5.0,0.64,0,4,Low,Low
2026-08-07 00:45:00,city-hospital,60,53.2,59,27.6,5.6,2.7,0.73,0,4,Low,Low
2026-08-07 00:45:00,residential-zone,20,46.3,51,27.0,87.2,69.2,3.63,0,4,Low,Critical
2026-08-07 00:45:00,river-zone,40,50.0,54,30.6,46.7,31.6,2.57,0,4,Low,Critical
2026-08-07 00:45:00,bus-terminal,49,56.4,84,35.4,3.5,2.1,0.64,0,4,Low,Low
2026-08-07 01:00:00,central-junction,58,53.4,58,32.3,4.6,2.6,0.55,1,4,Low,Low
2026-08-07 01:00:00,railway-station,55,53.8,58,24.0,3.3,1.4,0.71,1,4,Low,Low
2026-08-07 01:00:00,airport-road,38,54.0,55,29.6,9.8,8.5,0.66,1,4,Low,Low
2026-08-07 01:00:00,industrial-area,57,50.1,105,24.6,8.7,7.3,0.79,1,4,Low,Low
2026-08-07 01:00:00,city-hospital,29,58.0,54,28.9,9.7,4.2,0.81,1,4,Low,Low
2026-08-07 01:00:00,residential-zone,30,57.9,74,21.7,8.0,3.3,0.77,1,4,Low,Low
2026-08-07 01:00:00,river-zone,46,54.8,54,22.4,9.1,4.3,1.12,1,4,Low,Moderate
2026-08-07 01:00:00,bus-terminal,67,48.9,83,26.5,25.4,12.0,1.37,1,4,Moderate,Moderate
2026-08-07 01:15:00,central-junction,60,52.8,68,23.0,4.4,2.9,0.58,1,4,Low,Low
2026-08-07 01:15:00,railway-station,50,54.1,52,26.6,0.5,0.3,0.35,1,4,Low,Low
2026-08-07 01:15:00,airport-road,37,58.1,79,22.4,3.1,1.5,0.51,1,4,Low,Low
2026-08-07 01:15:00,industrial-area,55,35.2,71,21.1,116.8,102.4,4.43,1,4,Moderate,Critical
2026-08-07 01:15:00,city-hospital,28,58.4,86,33.3,5.7,3.3,0.69,1,4,Low,Low
2026-08-07 01:15:00,residential-zone,30,45.7,31,25.7,67.6,48.4,2.91,1,4,Low,Critical
2026-08-07 01:15:00,river-zone,25,56.8,52,22.4,7.7,6.0,1.1,1,4,Low,Low
2026-08-07 01:15:00,bus-terminal,31,58.0,51,28.3,2.8,1.4,0.68,1,4,Low,Low
2026-08-07 01:30:00,central-junction,64,51.4,64,35.0,3.3,2.1,0.7,1,4,Moderate,Low
2026-08-07 01:30:00,railway-station,44,54.8,45,33.1,6.2,2.9,0.61,1,4,Low,Low
2026-08-07 01:30:00,airport-road,36,58.1,64,29.6,0.9,0.5,0.37,1,4,Low,Low
2026-08-07 01:30:00,industrial-area,47,54.3,101,26.9,3.7,3.0,0.5,1,4,Low,Low
2026-08-07 01:30:00,city-hospital,44,57.2,56,33.6,2.0,1.1,0.66,1,4,Low,Low
2026-08-07 01:30:00,residential-zone,43,43.7,44,25.3,70.1,40.9,2.89,1,4,Low,Critical
2026-08-07 01:30:00,river-zone,24,57.6,61,23.1,4.6,3.8,0.97,1,4,Low,Low
2026-08-07 01:30:00,bus-terminal,46,55.5,84,33.0,5.9,4.6,0.74,1,4,Low,Low
2026-08-07 01:45:00,central-junction,69,46.2,61,32.7,5.1,2.9,0.75,1,4,Moderate,Low
2026-08-07 01:45:00,railway-station,44,55.6,66,29.9,4.7,3.9,0.7,1,4,Low,Low
2026-08-07 01:45:00,airport-road,44,53.1,47,34.6,3.7,1.5,0.58,1,4,Low,Low
2026-08-07 01:45:00,industrial-area,33,58.4,91,35.7,1.3,0.7,0.49,1,4,Low,Low
2026-08-07 01:45:00,city-hospital,36,56.0,82,34.7,5.5,2.9,0.73,1,4,Low,Low
2026-08-07 01:45:00,residential-zone,39,50.3,73,30.6,23.6,16.8,1.23,1,4,Low,Moderate
2026-08-07 01:45:00,river-zone,39,53.7,77,32.4,6.8,4.7,1.07,1,4,Low,Low
2026-08-07 01:45:00,bus-terminal,59,50.5,79,25.8,5.9,4.9,0.53,1,4,Low,Low
2026-08-07 02:00:00,central-junction,25,60.6,75,28.9,3.6,2.5,0.53,2,4,Low,Low
2026-08-07 02:00:00,railway-station,42,48.8,59,18.5,51.4,26.6,2.33,2,4,Low,High
2026-08-07 02:00:00,airport-road,33,52.4,53,24.1,47.5,34.9,1.97,2,4,Low,High
2026-08-07 02:00:00,industrial-area,44,44.2,88,25.9,84.0,60.1,3.41,2,4,Low,Critical
2026-08-07 02:00:00,city-hospital,38,55.8,56,34.5,0.7,0.6,0.61,2,4,Low,Low
2026-08-07 02:00:00,residential-zone,48,52.7,72,23.1,8.6,4.5,0.87,2,4,Low,Low
2026-08-07 02:00:00,river-zone,41,54.8,57,35.5,6.2,2.8,0.95,2,4,Low,Low
2026-08-07 02:00:00,bus-terminal,44,53.3,52,34.8,2.2,1.7,0.59,2,4,Low,Low
2026-08-07 02:15:00,central-junction,53,38.6,62,22.5,107.3,50.0,4.3,2,4,Moderate,Critical
2026-08-07 02:15:00,railway-station,32,55.2,59,28.3,7.7,5.2,0.69,2,4,Low,Low
2026-08-07 02:15:00,airport-road,35,54.3,61,27.3,21.5,11.7,1.26,2,4,Low,Moderate
2026-08-07 02:15:00,industrial-area,50,51.0,66,35.3,6.0,5.3,0.78,2,4,Low,Low
2026-08-07 02:15:00,city-hospital,22,58.2,72,22.3,3.1,1.3,0.55,2,4,Low,Low
2026-08-07 02:15:00,residential-zone,24,58.1,63,33.6,7.5,6.4,0.56,2,4,Low,Low
2026-08-07 02:15:00,river-zone,42,56.2,51,29.2,4.2,3.0,0.97,2,4,Low,Low
2026-08-07 02:15:00,bus-terminal,31,53.7,41,28.6,26.4,18.0,1.52,2,4,Low,Moderate
2026-08-07 02:30:00,central-junction,49,52.9,46,23.4,8.6,7.3,0.75,2,4,Low,Low
2026-08-07 02:30:00,railway-station,69,46.2,60,30.8,8.0,5.7,0.63,2,4,Moderate,Low
2026-08-07 02:30:00,airport-road,18,60.0,75,28.5,6.7,5.1,0.71,2,4,Low,Low
2026-08-07 02:30:00,industrial-area,19,61.2,57,21.9,2.8,2.0,0.58,2,4,Low,Low
2026-08-07 02:30:00,city-hospital,29,37.7,54,16.2,123.7,87.1,4.9,2,4,Low,Critical
2026-08-07 02:30:00,residential-zone,16,58.4,75,30.5,2.3,1.3,0.41,2,4,Low,Low
2026-08-07 02:30:00,river-zone,39,58.2,65,23.0,4.1,3.5,0.83,2,4,Low,Low
2026-08-07 02:30:00,bus-terminal,52,53.0,81,31.5,5.0,2.6,0.59,2,4,Low,Low
2026-08-07 02:45:00,central-junction,54,49.9,83,25.6,9.4,7.1,0.92,2,4,Low,Low
2026-08-07 02:45:00,railway-station,47,54.5,52,28.1,6.8,4.4,0.55,2,4,Low,Low
2026-08-07 02:45:00,airport-road,22,59.4,66,34.3,8.5,5.5,0.88,2,4,Low,Low
2026-08-07 02:45:00,industrial-area,46,54.2,107,32.3,1.0,0.5,0.41,2,4,Low,Low
2026-08-07 02:45:00,city-hospital,33,59.3,70,23.9,5.4,2.9,0.75,2,4,Low,Low
2026-08-07 02:45:00,residential-zone,27,61.6,45,24.3,1.7,1.2,0.45,2,4,Low,Low
2026-08-07 02:45:00,river-zone,50,53.8,65,34.8,7.5,4.2,1.14,2,4,Low,Low
2026-08-07 02:45:00,bus-terminal,64,48.7,72,25.2,3.4,3.0,0.57,2,4,Moderate,Low
2026-08-07 03:00:00,central-junction,30,60.7,67,35.4,2.9,1.3,0.5,3,4,Low,Low
2026-08-07 03:00:00,railway-station,71,46.6,64,30.6,0.9,0.8,0.46,3,4,Moderate,Low
2026-08-07 03:00:00,airport-road,47,53.6,70,24.5,4.7,3.1,0.47,3,4,Low,Low
2026-08-07 03:00:00,industrial-area,45,36.2,81,20.6,126.0,103.7,4.93,3,4,Moderate,Critical
2026-08-07 03:00:00,city-hospital,56,51.5,64,25.0,7.3,6.0,0.78,3,4,Low,Low
2026-08-07 03:00:00,residential-zone,62,48.6,77,29.9,5.9,4.7,0.52,3,4,Moderate,Low
2026-08-07 03:00:00,river-zone,41,52.9,82,23.0,9.9,5.0,1.17,3,4,Low,Moderate
2026-08-07 03:00:00,bus-terminal,55,50.6,81,26.8,1.3,1.2,0.61,3,4,Low,Low
2026-08-07 03:15:00,central-junction,25,59.3,44,25.5,1.0,0.6,0.62,3,4,Low,Low
2026-08-07 03:15:00,railway-station,30,58.6,53,28.7,4.6,3.9,0.74,3,4,Low,Low
2026-08-07 03:15:00,airport-road,20,57.5,71,22.7,3.3,2.2,0.58,3,4,Low,Low
2026-08-07 03:15:00,industrial-area,23,54.1,105,28.1,54.6,34.3,2.48,3,4,Low,Critical
2026-08-07 03:15:00,city-hospital,38,50.3,81,21.3,41.2,35.2,1.86,3,4,Low,High
2026-08-07 03:15:00,residential-zone,38,45.1,72,25.4,86.1,64.5,3.45,3,4,Low,Critical
2026-08-07 03:15:00,river-zone,36,54.4,73,27.8,7.2,3.2,0.96,3,4,Low,Low
2026-08-07 03:15:00,bus-terminal,39,56.0,56,26.5,8.7,7.0,0.62,3,4,Low,Low
2026-08-07 03:30:00,central-junction,54,51.7,65,31.5,7.6,6.8,0.71,3,4,Low,Low
2026-08-07 03:30:00,railway-station,40,44.7,50,27.4,81.8,60.4,3.44,3,4,Low,Critical
2026-08-07 03:30:00,airport-road,57,47.1,51,28.2,22.3,19.0,1.24,3,4,Low,Moderate
2026-08-07 03:30:00,industrial-area,31,57.3,108,28.3,7.9,4.3,0.61,3,4,Low,Low
2026-08-07 03:30:00,city-hospital,22,57.4,60,29.5,8.9,4.8,0.8,3,4,Low,Low
2026-08-07 03:30:00,residential-zone,26,56.7,55,27.3,4.0,3.5,0.74,3,4,Low,Low
2026-08-07 03:30:00,river-zone,48,51.0,58,22.0,4.1,3.2,0.79,3,4,Low,Low
2026-08-07 03:30:00,bus-terminal,31,58.9,50,21.8,7.9,6.6,0.87,3,4,Low,Low
2026-08-07 03:45:00,central-junction,67,52.6,68,33.1,3.0,2.3,0.53,3,4,Moderate,Low
2026-08-07 03:45:00,railway-station,55,49.3,80,31.5,6.7,4.2,0.64,3,4,Low,Low
2026-08-07 03:45:00,airport-road,34,58.5,73,21.8,5.9,4.7,0.71,3,4,Low,Low
2026-08-07 03:45:00,industrial-area,29,56.7,98,22.3,5.9,4.0,0.51,3,4,Low,Low
2026-08-07 03:45:00,city-hospital,38,53.8,74,34.6,3.0,1.7,0.6,3,4,Low,Low
2026-08-07 03:45:00,residential-zone,42,55.5,47,32.7,0.1,0.1,0.41,3,4,Low,Low
2026-08-07 03:45:00,river-zone,56,51.5,78,25.8,9.5,4.6,1.17,3,4,Low,Moderate
2026-08-07 03:45:00,bus-terminal,87,45.4,79,31.4,4.2,2.4,0.57,3,4,Moderate,Low
2026-08-07 04:00:00,central-junction,44,54.5,92,24.1,0.4,0.3,0.53,4,4,Low,Low
2026-08-07 04:00:00,railway-station,37,57.6,53,32.8,1.5,1.1,0.44,4,4,Low,Low
2026-08-07 04:00:00,airport-road,55,49.4,75,28.2,9.5,6.7,0.91,4,4,Low,Low
2026-08-07 04:00:00,industrial-area,40,46.7,93,28.8,70.8,39.6,2.79,4,4,Low,Critical
2026-08-07 04:00:00,city-hospital,20,59.1,76,32.6,6.3,2.8,0.62,4,4,Low,Low
2026-08-07 04:00:00,residential-zone,59,46.4,79,29.4,32.4,13.3,1.67,4,4,Moderate,Moderate
2026-08-07 04:00:00,river-zone,48,52.9,51,22.7,0.5,0.4,0.96,4,4,Low,Low
2026-08-07 04:00:00,bus-terminal,40,53.9,83,35.6,0.5,0.3,0.35,4,4,Low,Low
2026-08-07 04:15:00,central-junction,73,48.4,73,23.4,8.3,5.4,0.86,4,4,Moderate,Low
2026-08-07 04:15:00,railway-station,25,43.9,31,17.6,87.9,44.1,3.42,4,4,Low,Critical
2026-08-07 04:15:00,airport-road,44,55.6,60,23.5,5.8,4.1,0.79,4,4,Low,Low
2026-08-07 04:15:00,industrial-area,26,56.2,73,26.6,6.7,5.8,0.54,4,4,Low,Low
2026-08-07 04:15:00,city-hospital,27,46.3,59,26.9,77.3,31.5,3.12,4,4,Low,Critical
2026-08-07 04:15:00,residential-zone,45,56.6,75,33.4,9.5,7.6,0.76,4,4,Low,Low
2026-08-07 04:15:00,river-zone,49,53.3,78,26.4,2.6,1.9,0.93,4,4,Low,Low
2026-08-07 04:15:00,bus-terminal,48,47.5,69,19.0,65.1,38.4,2.77,4,4,Low,Critical
2026-08-07 04:30:00,central-junction,57,51.8,68,23.0,0.1,0.1,0.37,4,4,Low,Low
2026-08-07 04:30:00,railway-station,60,49.8,82,27.6,21.0,17.8,1.06,4,4,Low,Moderate
2026-08-07 04:30:00,airport-road,40,44.8,58,21.4,61.8,50.5,2.46,4,4,Low,Critical
2026-08-07 04:30:00,industrial-area,31,54.8,102,29.5,5.5,2.7,0.6,4,4,Low,Low
2026-08-07 04:30:00,city-hospital,61,42.9,50,23.5,40.6,29.9,2.02,4,4,Moderate,High
2026-08-07 04:30:00,residential-zone,25,58.6,66,29.1,5.5,4.4,0.65,4,4,Low,Low
2026-08-07 04:30:00,river-zone,61,51.6,91,26.7,2.7,1.8,0.8,4,4,Low,Low
2026-08-07 04:30:00,bus-terminal,55,50.7,63,28.0,2.4,1.2,0.55,4,4,Low,Low
2026-08-07 04:45:00,central-junction,64,50.6,94,31.4,6.8,3.1,0.7,4,4,Moderate,Low
2026-08-07 04:45:00,railway-station,68,37.9,55,27.1,73.8,54.5,3.02,4,4,Moderate,Critical
2026-08-07 04:45:00,airport-road,53,55.3,57,31.7,2.1,1.3,0.66,4,4,Low,Low
2026-08-07 04:45:00,industrial-area,28,58.4,77,30.3,0.1,0.1,0.38,4,4,Low,Low
2026-08-07 04:45:00,city-hospital,49,54.6,59,27.3,2.5,2.2,0.43,4,4,Low,Low
2026-08-07 04:45:00,residential-zone,26,48.5,69,29.6,72.5,32.0,3.05,4,4,Low,Critical
2026-08-07 04:45:00,river-zone,28,56.3,43,28.7,4.8,2.0,0.95,4,4,Low,Low
2026-08-07 04:45:00,bus-terminal,48,52.3,68,35.7,0.7,0.4,0.33,4,4,Low,Low
2026-08-07 05:00:00,central-junction,37,57.4,76,24.2,2.0,1.4,0.46,5,4,Low,Low
2026-08-07 05:00:00,railway-station,64,51.7,73,34.3,10.0,6.3,0.8,5,4,Moderate,Low
2026-08-07 05:00:00,airport-road,32,56.7,62,27.8,9.9,6.7,0.67,5,4,Low,Low
2026-08-07 05:00:00,industrial-area,38,53.5,109,24.5,2.3,1.0,0.42,5,4,Low,Low
2026-08-07 05:00:00,city-hospital,42,53.9,57,34.4,4.3,2.3,0.54,5,4,Low,Low
2026-08-07 05:00:00,residential-zone,50,50.0,77,33.3,8.1,6.0,0.63,5,4,Low,Low
2026-08-07 05:00:00,river-zone,34,56.4,71,33.1,9.3,4.1,0.99,5,4,Low,Low
2026-08-07 05:00:00,bus-terminal,30,54.8,73,29.2,9.7,8.1,0.66,5,4,Low,Low
2026-08-07 05:15:00,central-junction,61,48.8,55,22.9,3.3,1.7,0.66,5,4,Moderate,Low
2026-08-07 05:15:00,railway-station,49,54.2,79,24.6,9.5,6.6,0.7,5,4,Low,Low
2026-08-07 05:15:00,airport-road,26,48.1,53,15.7,84.9,66.2,3.39,5,4,Low,Critical
2026-08-07 05:15:00,industrial-area,60,52.5,113,24.3,1.9,1.0,0.6,5,4,Low,Low
2026-08-07 05:15:00,city-hospital,60,50.0,85,35.0,8.8,7.7,0.67,5,4,Low,Low
2026-08-07 05:15:00,residential-zone,17,61.3,66,29.4,0.7,0.4,0.34,5,4,Low,Low
2026-08-07 05:15:00,river-zone,34,56.5,58,34.8,0.1,0.1,0.76,5,4,Low,Low
2026-08-07 05:15:00,bus-terminal,84,42.8,100,21.4,9.2,5.2,0.7,5,4,Moderate,Low
2026-08-07 05:30:00,central-junction,80,45.5,77,23.7,5.6,3.5,0.61,5,4,Moderate,Low
2026-08-07 05:30:00,railway-station,58,52.2,83,25.3,5.4,4.8,0.66,5,4,Low,Low
2026-08-07 05:30:00,airport-road,47,55.3,76,28.2,2.5,2.2,0.5,5,4,Low,Low
2026-08-07 05:30:00,industrial-area,35,56.3,58,30.4,9.1,4.1,0.72,5,4,Low,Low
2026-08-07 05:30:00,city-hospital,27,61.0,53,33.4,6.3,4.3,0.74,5,4,Low,Low
2026-08-07 05:30:00,residential-zone,42,53.0,80,22.5,9.5,6.4,0.92,5,4,Low,Low
2026-08-07 05:30:00,river-zone,62,52.3,66,31.8,7.7,6.2,1.19,5,4,Low,Moderate
2026-08-07 05:30:00,bus-terminal,46,55.5,63,31.0,9.0,6.4,0.81,5,4,Low,Low
2026-08-07 05:45:00,central-junction,50,52.5,71,25.9,7.5,4.9,0.79,5,4,Low,Low
2026-08-07 05:45:00,railway-station,55,48.8,66,30.2,10.0,5.4,0.84,5,4,Low,Low
2026-08-07 05:45:00,airport-road,37,58.4,76,32.0,0.7,0.6,0.39,5,4,Low,Low
2026-08-07 05:45:00,industrial-area,58,49.6,115,31.3,0.7,0.4,0.38,5,4,Low,Low
2026-08-07 05:45:00,city-hospital,44,55.0,72,25.1,6.4,4.4,0.68,5,4,Low,Low
2026-08-07 05:45:00,residential-zone,25,58.5,52,22.5,1.6,0.8,0.38,5,4,Low,Low
2026-08-07 05:45:00,river-zone,22,48.6,39,24.9,75.8,31.5,3.33,5,4,Low,Critical
2026-08-07 05:45:00,bus-terminal,35,55.4,52,33.0,3.0,2.5,0.42,5,4,Low,Low
2026-08-07 06:00:00,central-junction,41,53.0,77,28.3,4.5,3.8,0.69,6,4,Low,Low
2026-08-07 06:00:00,railway-station,62,50.4,71,26.0,4.0,3.5,0.6,6,4,Moderate,Low
2026-08-07 06:00:00,airport-road,46,54.8,75,22.6,5.5,4.7,0.61,6,4,Low,Low
2026-08-07 06:00:00,industrial-area,58,52.3,100,35.0,0.5,0.3,0.55,6,4,Low,Low
2026-08-07 06:00:00,city-hospital,49,55.3,67,27.0,7.3,4.0,0.84,6,4,Low,Low
2026-08-07 06:00:00,residential-zone,38,54.5,43,33.1,6.5,2.6,0.73,6,4,Low,Low
2026-08-07 06:00:00,river-zone,48,53.1,85,30.8,6.3,3.1,1.07,6,4,Low,Low
2026-08-07 06:00:00,bus-terminal,35,54.6,51,21.7,8.3,5.0,0.66,6,4,Low,Low
2026-08-07 06:15:00,central-junction,38,58.6,81,29.6,2.4,1.1,0.63,6,4,Low,Low
2026-08-07 06:15:00,railway-station,67,42.8,93,23.0,33.8,16.3,1.58,6,4,Moderate,Moderate
2026-08-07 06:15:00,airport-road,40,45.4,47,17.3,71.2,41.3,2.92,6,4,Low,Critical
2026-08-07 06:15:00,industrial-area,22,56.6,71,22.9,4.7,4.0,0.54,6,4,Low,Low
2026-08-07 06:15:00,city-hospital,58,54.4,57,35.1,3.0,1.4,0.56,6,4,Low,Low
2026-08-07 06:15:00,residential-zone,35,57.8,58,25.1,5.3,4.4,0.7,6,4,Low,Low
2026-08-07 06:15:00,river-zone,43,54.6,54,30.1,8.4,7.3,1.05,6,4,Low,Low
2026-08-07 06:15:00,bus-terminal,55,54.4,68,28.6,4.2,2.6,0.68,6,4,Low,Low
2026-08-07 06:30:00,central-junction,83,44.5,86,27.7,8.8,5.9,0.85,6,4,Moderate,Low
2026-08-07 06:30:00,railway-station,51,55.2,55,24.2,5.7,5.0,0.52,6,4,Low,Low
2026-08-07 06:30:00,airport-road,39,55.3,77,32.1,3.5,3.0,0.59,6,4,Low,Low
2026-08-07 06:30:00,industrial-area,66,41.8,89,20.8,49.8,41.6,2.05,6,4,Moderate,High
2026-08-07 06:30:00,city-hospital,45,54.4,89,29.3,8.3,4.9,0.68,6,4,Low,Low
2026-08-07 06:30:00,residential-zone,62,48.2,81,28.0,6.8,5.3,0.58,6,4,Moderate,Low
2026-08-07 06:30:00,river-zone,49,53.6,75,24.1,2.2,1.8,1.0,6,4,Low,Low
2026-08-07 06:30:00,bus-terminal,38,52.9,72,31.0,26.8,21.0,1.26,6,4,Low,Moderate
2026-08-07 06:45:00,central-junction,50,46.0,62,29.5,44.2,36.8,1.96,6,4,Low,High
2026-08-07 06:45:00,railway-station,30,59.1,74,31.2,6.3,4.4,0.78,6,4,Low,Low
2026-08-07 06:45:00,airport-road,37,53.7,65,30.1,7.3,5.9,0.71,6,4,Low,Low
2026-08-07 06:45:00,industrial-area,31,56.3,80,25.3,0.1,0.1,0.52,6,4,Low,Low
2026-08-07 06:45:00,city-hospital,66,27.6,42,21.2,136.4,110.4,5.31,6,4,Moderate,Critical
2026-08-07 06:45:00,residential-zone,28,57.8,45,31.1,5.9,4.8,0.53,6,4,Low,Low
2026-08-07 06:45:00,river-zone,57,53.9,60,32.8,9.6,7.4,1.19,6,4,Low,Moderate
2026-08-07 06:45:00,bus-terminal,55,50.7,75,34.5,3.9,2.5,0.7,6,4,Low,Low
2026-08-07 07:00:00,central-junction,43,53.6,61,22.5,6.2,3.6,0.6,7,4,Low,Low
2026-08-07 07:00:00,railway-station,44,54.1,51,24.1,5.5,3.6,0.74,7,4,Low,Low
2026-08-07 07:00:00,airport-road,41,52.5,93,23.8,4.8,3.2,0.58,7,4,Low,Low
2026-08-07 07:00:00,industrial-area,33,58.9,89,25.7,9.4,4.7,0.66,7,4,Low,Low
2026-08-07 07:00:00,city-hospital,35,56.0,51,34.1,6.5,4.6,0.66,7,4,Low,Low
2026-08-07 07:00:00,residential-zone,50,50.6,68,23.2,6.4,5.3,0.62,7,4,Low,Low
2026-08-07 07:00:00,river-zone,46,51.8,80,22.1,0.7,0.5,0.87,7,4,Low,Low
2026-08-07 07:00:00,bus-terminal,62,51.8,57,30.5,0.9,0.8,0.43,7,4,Low,Low
2026-08-07 07:15:00,central-junction,50,53.2,79,24.4,0.6,0.3,0.44,7,4,Low,Low
2026-08-07 07:15:00,railway-station,38,56.1,75,33.1,3.9,3.2,0.69,7,4,Low,Low
2026-08-07 07:15:00,airport-road,51,54.0,55,30.5,0.2,0.2,0.47,7,4,Low,Low
2026-08-07 07:15:00,industrial-area,36,54.0,108,25.4,2.0,1.3,0.47,7,4,Low,Low
2026-08-07 07:15:00,city-hospital,22,58.5,60,32.0,28.8,19.1,1.45,7,4,Low,Moderate
2026-08-07 07:15:00,residential-zone,59,50.9,69,22.7,0.8,0.7,0.46,7,4,Low,Low
2026-08-07 07:15:00,river-zone,32,59.8,47,25.0,3.7,2.1,1.02,7,4,Low,Low
2026-08-07 07:15:00,bus-terminal,28,55.7,51,22.3,5.9,4.7,0.55,7,4,Low,Low
2026-08-07 07:30:00,central-junction,33,59.5,59,33.1,0.6,0.5,0.5,7,4,Low,Low
2026-08-07 07:30:00,railway-station,36,44.1,53,20.9,93.8,55.8,3.76,7,4,Low,Critical
2026-08-07 07:30:00,airport-road,41,58.3,54,25.0,1.3,0.8,0.59,7,4,Low,Low
2026-08-07 07:30:00,industrial-area,24,57.8,76,24.2,7.9,6.4,0.65,7,4,Low,Low
2026-08-07 07:30:00,city-hospital,51,56.3,61,33.7,0.3,0.3,0.46,7,4,Low,Low
2026-08-07 07:30:00,residential-zone,46,56.7,73,34.0,0.0,0.0,0.45,7,4,Low,Low
2026-08-07 07:30:00,river-zone,35,57.8,53,33.9,0.3,0.2,0.75,7,4,Low,Low
2026-08-07 07:30:00,bus-terminal,24,61.5,78,26.8,5.4,2.6,0.49,7,4,Low,Low
2026-08-07 07:45:00,central-junction,58,36.9,66,26.6,83.6,53.9,3.38,7,4,Moderate,Critical
2026-08-07 07:45:00,railway-station,52,52.7,51,28.8,5.3,3.8,0.53,7,4,Low,Low
2026-08-07 07:45:00,airport-road,30,59.0,39,28.3,7.5,6.2,0.58,7,4,Low,Low
2026-08-07 07:45:00,industrial-area,50,50.9,65,32.3,0.9,0.7,0.49,7,4,Low,Low
2026-08-07 07:45:00,city-hospital,47,54.1,71,31.6,9.1,4.9,0.87,7,4,Low,Low
2026-08-07 07:45:00,residential-zone,50,52.8,71,27.6,7.1,3.7,0.68,7,4,Low,Low
2026-08-07 07:45:00,river-zone,35,44.1,71,20.9,68.4,35.2,3.32,7,4,Low,Critical
2026-08-07 07:45:00,bus-terminal,49,52.7,56,33.0,9.0,6.9,0.67,7,4,Low,Low
2026-08-07 08:00:00,central-junction,153,29.1,87,33.2,6.1,4.1,0.56,8,4,High,Low
2026-08-07 08:00:00,railway-station,135,36.1,72,28.1,8.8,7.0,0.9,8,4,High,Low
2026-08-07 08:00:00,airport-road,83,48.9,80,27.9,0.7,0.6,0.54,8,4,Moderate,Low
2026-08-07 08:00:00,industrial-area,84,42.7,86,24.3,9.5,7.3,0.65,8,4,Moderate,Low
2026-08-07 08:00:00,city-hospital,90,41.7,64,30.9,9.7,8.5,0.69,8,4,Moderate,Low
2026-08-07 08:00:00,residential-zone,55,43.0,49,29.3,68.1,54.6,2.73,8,4,Moderate,Critical
2026-08-07 08:00:00,river-zone,112,29.3,87,22.0,86.8,38.6,3.8,8,4,High,Critical
2026-08-07 08:00:00,bus-terminal,177,26.9,109,29.3,2.6,2.2,0.53,8,4,Critical,Low
2026-08-07 08:15:00,central-junction,146,30.4,81,34.2,3.3,2.3,0.6,8,4,High,Low
2026-08-07 08:15:00,railway-station,113,36.6,93,25.8,40.9,33.4,1.9,8,4,High,High
2026-08-07 08:15:00,airport-road,106,32.4,96,21.6,50.7,33.3,2.25,8,4,High,High
2026-08-07 08:15:00,industrial-area,76,37.5,83,18.4,87.3,47.6,3.49,8,4,Moderate,Critical
2026-08-07 08:15:00,city-hospital,97,46.6,99,32.2,0.4,0.3,0.41,8,4,Moderate,Low
2026-08-07 08:15:00,residential-zone,107,41.2,98,27.8,2.9,1.7,0.51,8,4,Moderate,Low
2026-08-07 08:15:00,river-zone,86,47.4,84,30.3,0.1,0.1,0.92,8,4,Moderate,Low
2026-08-07 08:15:00,bus-terminal,148,32.5,111,34.1,9.9,7.8,0.82,8,4,High,Low
2026-08-07 08:30:00,central-junction,115,39.8,76,26.4,5.2,2.8,0.57,8,4,Moderate,Low
2026-08-07 08:30:00,railway-station,82,45.7,84,24.5,3.6,1.7,0.61,8,4,Moderate,Low
2026-08-07 08:30:00,airport-road,117,30.5,88,32.6,39.7,33.9,1.75,8,4,High,High
2026-08-07 08:30:00,industrial-area,98,44.8,94,27.7,3.9,1.7,0.73,8,4,Moderate,Low
2026-08-07 08:30:00,city-hospital,123,40.3,101,28.3,3.6,2.1,0.58,8,4,Moderate,Low
2026-08-07 08:30:00,residential-zone,94,38.6,71,26.8,53.4,46.0,2.45,8,4,Moderate,Critical
2026-08-07 08:30:00,river-zone,145,29.6,94,29.4,8.0,6.6,0.96,8,4,High,Low
2026-08-07 08:30:00,bus-terminal,146,31.0,72,28.9,4.3,3.1,0.74,8,4,High,Low
2026-08-07 08:45:00,central-junction,136,32.8,108,24.4,0.7,0.4,0.48,8,4,High,Low
2026-08-07 08:45:00,railway-station,170,28.8,96,32.7,0.8,0.4,0.44,8,4,High,Low
2026-08-07 08:45:00,airport-road,128,39.6,93,23.4,1.1,0.6,0.41,8,4,Moderate,Low
2026-08-07 08:45:00,industrial-area,99,36.9,110,26.8,59.7,33.8,2.63,8,4,Moderate,Critical
2026-08-07 08:45:00,city-hospital,49,55.2,62,30.8,1.7,1.5,0.58,8,4,Low,Low
2026-08-07 08:45:00,residential-zone,151,31.9,105,23.7,5.8,3.6,0.79,8,4,High,Low
2026-08-07 08:45:00,river-zone,119,38.7,72,27.9,2.8,2.2,0.83,8,4,Moderate,Low
2026-08-07 08:45:00,bus-terminal,86,46.5,78,27.0,5.6,3.0,0.6,8,4,Moderate,Low
2026-08-07 09:00:00,central-junction,97,37.1,85,27.7,49.9,42.6,2.34,9,4,Moderate,Critical
2026-08-07 09:00:00,railway-station,153,29.1,78,22.5,9.1,6.2,0.68,9,4,High,Low
2026-08-07 09:00:00,airport-road,79,46.6,66,29.8,8.9,6.5,0.74,9,4,Moderate,Low
2026-08-07 09:00:00,industrial-area,144,34.9,132,24.4,2.5,2.2,0.54,9,4,High,Low
2026-08-07 09:00:00,city-hospital,60,48.6,53,25.9,25.9,20.4,1.3,9,4,Moderate,Moderate
2026-08-07 09:00:00,residential-zone,127,37.7,82,22.4,8.3,5.3,0.81,9,4,High,Low
2026-08-07 09:00:00,river-zone,93,40.5,86,31.9,30.3,20.1,1.75,9,4,Moderate,High
2026-08-07 09:00:00,bus-terminal,115,27.4,101,20.0,72.9,53.9,2.93,9,4,High,Critical
2026-08-07 09:15:00,central-junction,108,42.6,101,31.3,2.9,2.2,0.48,9,4,Moderate,Low
2026-08-07 09:15:00,railway-station,148,31.5,105,24.5,7.4,5.0,0.84,9,4,High,Low
2026-08-07 09:15:00,airport-road,125,33.1,61,30.3,39.7,16.6,1.83,9,4,High,High
2026-08-07 09:15:00,industrial-area,126,29.5,109,21.8,71.0,52.6,2.9,9,4,High,Critical
2026-08-07 09:15:00,city-hospital,59,50.6,77,28.5,5.2,3.2,0.78,9,4,Low,Low
2026-08-07 09:15:00,residential-zone,131,36.7,77,27.6,6.0,2.5,0.74,9,4,High,Low
2026-08-07 09:15:00,river-zone,88,45.2,89,24.2,4.1,2.3,0.99,9,4,Moderate,Low
2026-08-07 09:15:00,bus-terminal,76,49.4,59,28.9,6.3,3.8,0.79,9,4,Moderate,Low
2026-08-07 09:30:00,central-junction,150,28.7,119,23.4,8.3,6.3,0.68,9,4,High,Low
2026-08-07 09:30:00,railway-station,123,34.8,84,25.0,32.6,27.4,1.46,9,4,High,Moderate
2026-08-07 09:30:00,airport-road,99,41.6,96,21.7,4.9,3.3,0.64,9,4,Moderate,Low
2026-08-07 09:30:00,industrial-area,151,30.0,109,22.6,3.9,2.2,0.49,9,4,High,Low
2026-08-07 09:30:00,city-hospital,107,43.4,78,26.2,0.1,0.1,0.57,9,4,Moderate,Low
2026-08-07 09:30:00,residential-zone,71,49.6,65,26.0,4.7,3.4,0.63,9,4,Moderate,Low
2026-08-07 09:30:00,river-zone,56,51.1,64,27.6,0.7,0.3,0.87,9,4,Low,Low
2026-08-07 09:30:00,bus-terminal,120,37.0,98,34.9,7.1,4.6,0.68,9,4,Moderate,Low
2026-08-07 09:45:00,central-junction,172,24.9,124,28.6,7.8,4.4,0.59,9,4,Critical,Low
2026-08-07 09:45:00,railway-station,153,31.5,111,24.9,7.2,4.7,0.85,9,4,High,Low
2026-08-07 09:45:00,airport-road,54,49.9,49,31.3,8.0,3.7,0.85,9,4,Low,Low
2026-08-07 09:45:00,industrial-area,71,46.4,128,33.3,2.7,2.3,0.43,9,4,Moderate,Low
2026-08-07 09:45:00,city-hospital,72,47.7,67,32.1,1.5,0.7,0.63,9,4,Moderate,Low
2026-08-07 09:45:00,residential-zone,135,36.5,63,25.1,6.5,3.1,0.82,9,4,High,Low
2026-08-07 09:45:00,river-zone,118,36.6,96,22.6,5.7,4.8,1.1,9,4,Moderate,Low
2026-08-07 09:45:00,bus-terminal,109,40.1,82,31.2,1.9,1.5,0.52,9,4,Moderate,Low
2026-08-07 10:00:00,central-junction,125,19.5,58,14.2,114.6,101.2,4.53,10,4,Critical,Critical
2026-08-07 10:00:00,railway-station,94,45.1,89,28.4,4.7,2.0,0.57,10,4,Moderate,Low
2026-08-07 10:00:00,airport-road,72,47.5,55,27.5,6.3,5.2,0.65,10,4,Moderate,Low
2026-08-07 10:00:00,industrial-area,111,42.5,107,23.7,0.9,0.7,0.49,10,4,Moderate,Low
2026-08-07 10:00:00,city-hospital,56,50.4,47,25.4,6.2,3.3,0.61,10,4,Low,Low
2026-08-07 10:00:00,residential-zone,129,37.1,68,29.0,1.8,1.3,0.61,10,4,High,Low
2026-08-07 10:00:00,river-zone,97,45.9,93,25.7,4.2,3.5,1.07,10,4,Moderate,Low
2026-08-07 10:00:00,bus-terminal,123,34.4,91,22.0,4.4,2.0,0.58,10,4,High,Low
2026-08-07 10:15:00,central-junction,187,22.4,107,24.7,2.1,1.5,0.57,10,4,Critical,Low
2026-08-07 10:15:00,railway-station,122,36.7,83,23.7,7.7,4.3,0.79,10,4,High,Low
2026-08-07 10:15:00,airport-road,68,47.5,50,32.8,2.0,1.5,0.54,10,4,Moderate,Low
2026-08-07 10:15:00,industrial-area,112,40.8,119,34.0,0.1,0.1,0.51,10,4,Moderate,Low
2026-08-07 10:15:00,city-hospital,80,44.5,86,22.3,2.2,1.8,0.49,10,4,Moderate,Low
2026-08-07 10:15:00,residential-zone,134,36.0,96,31.9,2.1,1.5,0.52,10,4,High,Low
2026-08-07 10:15:00,river-zone,102,35.5,88,31.0,34.9,17.4,1.91,10,4,Moderate,High
2026-08-07 10:15:00,bus-terminal,167,20.2,94,24.9,45.4,19.1,2.01,10,4,Critical,High
2026-08-07 10:30:00,central-junction,151,16.6,86,19.3,87.5,54.8,3.61,10,4,Critical,Critical
2026-08-07 10:30:00,railway-station,180,18.3,99,29.0,43.3,20.4,1.9,10,4,Critical,High
2026-08-07 10:30:00,airport-road,54,40.5,72,16.9,91.7,60.6,3.59,10,4,Moderate,Critical
2026-08-07 10:30:00,industrial-area,155,20.3,107,18.5,58.6,29.9,2.48,10,4,Critical,Critical
2026-08-07 10:30:00,city-hospital,80,46.0,70,25.0,3.6,3.2,0.63,10,4,Moderate,Low
2026-08-07 10:30:00,residential-zone,144,32.2,98,31.7,0.9,0.8,0.5,10,4,High,Low
2026-08-07 10:30:00,river-zone,114,42.1,71,30.9,5.2,2.7,1.0,10,4,Moderate,Low
2026-08-07 10:30:00,bus-terminal,190,5.0,81,15.0,135.9,78.9,5.14,10,4,Critical,Critical
2026-08-07 10:45:00,central-junction,160,26.1,87,31.7,6.7,5.1,0.71,10,4,High,Low
2026-08-07 10:45:00,railway-station,63,47.4,64,28.9,6.1,2.9,0.58,10,4,Moderate,Low
2026-08-07 10:45:00,airport-road,88,44.6,67,22.7,10.0,8.1,0.9,10,4,Moderate,Low
2026-08-07 10:45:00,industrial-area,53,51.0,123,33.7,4.2,2.3,0.55,10,4,Low,Low
2026-08-07 10:45:00,city-hospital,95,32.3,75,22.1,75.8,59.2,3.0,10,4,Moderate,Critical
2026-08-07 10:45:00,residential-zone,52,41.1,62,24.9,79.4,53.4,3.17,10,4,Moderate,Critical
2026-08-07 10:45:00,river-zone,70,51.5,83,32.2,6.9,5.4,1.13,10,4,Moderate,Low
2026-08-07 10:45:00,bus-terminal,145,33.8,96,31.8,4.7,3.3,0.72,10,4,High,Low
2026-08-07 11:00:00,central-junction,55,51.9,73,23.0,6.7,4.9,0.69,11,4,Low,Low
2026-08-07 11:00:00,railway-station,70,46.8,100,24.1,3.5,2.0,0.66,11,4,Moderate,Low
2026-08-07 11:00:00,airport-road,45,53.2,75,29.7,8.9,7.4,0.79,11,4,Low,Low
2026-08-07 11:00:00,industrial-area,36,56.2,112,27.1,4.1,2.1,0.64,11,4,Low,Low
2026-08-07 11:00:00,city-hospital,53,50.3,80,35.3,4.3,3.4,0.61,11,4,Low,Low
2026-08-07 11:00:00,residential-zone,24,48.7,41,28.8,73.9,36.9,3.04,11,4,Low,Critical
2026-08-07 11:00:00,river-zone,48,41.6,43,25.9,73.9,55.8,3.51,11,4,Moderate,Critical
2026-08-07 11:00:00,bus-terminal,41,53.7,47,27.0,9.6,8.6,0.88,11,4,Low,Low
2026-08-07 11:15:00,central-junction,37,58.3,79,27.1,1.7,1.4,0.38,11,4,Low,Low
2026-08-07 11:15:00,railway-station,51,55.3,69,35.5,3.3,1.8,0.71,11,4,Low,Low
2026-08-07 11:15:00,airport-road,51,50.6,76,29.0,8.0,4.7,0.74,11,4,Low,Low
2026-08-07 11:15:00,industrial-area,33,56.6,67,28.6,26.5,19.0,1.52,11,4,Low,Moderate
2026-08-07 11:15:00,city-hospital,19,59.2,61,32.3,2.7,1.1,0.54,11,4,Low,Low
2026-08-07 11:15:00,residential-zone,57,33.6,39,13.5,119.1,51.9,4.68,11,4,Moderate,Critical
2026-08-07 11:15:00,river-zone,30,54.6,72,25.8,7.2,3.5,1.14,11,4,Low,Low
2026-08-07 11:15:00,bus-terminal,43,51.8,84,25.7,9.0,6.2,0.72,11,4,Low,Low
2026-08-07 11:30:00,central-junction,38,56.6,58,26.4,6.7,5.0,0.59,11,4,Low,Low
2026-08-07 11:30:00,railway-station,63,49.3,62,34.3,0.9,0.8,0.34,11,4,Moderate,Low
2026-08-07 11:30:00,airport-road,36,57.5,76,32.7,5.2,2.4,0.56,11,4,Low,Low
2026-08-07 11:30:00,industrial-area,29,58.7,106,24.6,0.5,0.3,0.46,11,4,Low,Low
2026-08-07 11:30:00,city-hospital,34,58.5,54,35.0,2.6,1.4,0.62,11,4,Low,Low
2026-08-07 11:30:00,residential-zone,25,58.6,69,32.5,3.0,2.4,0.65,11,4,Low,Low
2026-08-07 11:30:00,river-zone,35,53.8,57,25.3,5.6,4.7,0.88,11,4,Low,Low
2026-08-07 11:30:00,bus-terminal,58,53.7,54,33.6,5.8,2.5,0.51,11,4,Low,Low
2026-08-07 11:45:00,central-junction,69,50.6,84,21.6,8.6,7.7,0.63,11,4,Moderate,Low
2026-08-07 11:45:00,railway-station,60,53.1,82,27.8,3.4,1.6,0.62,11,4,Low,Low
2026-08-07 11:45:00,airport-road,41,53.9,54,26.5,0.4,0.2,0.44,11,4,Low,Low
2026-08-07 11:45:00,industrial-area,63,48.1,117,32.4,5.6,3.0,0.69,11,4,Moderate,Low
2026-08-07 11:45:00,city-hospital,35,56.6,64,33.2,2.8,2.4,0.41,11,4,Low,Low
2026-08-07 11:45:00,residential-zone,37,44.9,34,23.4,83.9,40.4,3.33,11,4,Low,Critical
2026-08-07 11:45:00,river-zone,27,59.4,60,29.5,9.1,7.3,1.04,11,4,Low,Low
2026-08-07 11:45:00,bus-terminal,52,51.6,68,25.6,4.6,2.1,0.64,11,4,Low,Low
2026-08-07 12:00:00,central-junction,70,49.0,78,28.6,2.7,2.3,0.47,12,4,Moderate,Low
2026-08-07 12:00:00,railway-station,38,48.9,79,24.5,40.2,22.7,1.84,12,4,Low,High
2026-08-07 12:00:00,airport-road,43,52.3,70,35.2,1.8,1.4,0.45,12,4,Low,Low
2026-08-07 12:00:00,industrial-area,34,58.1,75,28.0,9.5,7.0,0.75,12,4,Low,Low
2026-08-07 12:00:00,city-hospital,41,51.6,49,22.2,10.0,8.6,0.89,12,4,Low,Low
2026-08-07 12:00:00,residential-zone,42,51.7,84,22.5,8.5,6.1,0.8,12,4,Low,Low
2026-08-07 12:00:00,river-zone,31,55.6,73,27.5,7.7,5.3,0.96,12,4,Low,Low
2026-08-07 12:00:00,bus-terminal,48,55.9,60,27.2,7.3,5.8,0.83,12,4,Low,Low
2026-08-07 12:15:00,central-junction,71,47.0,61,22.3,3.7,2.3,0.56,12,4,Moderate,Low
2026-08-07 12:15:00,railway-station,79,37.6,60,28.8,64.8,28.3,2.58,12,4,Moderate,Critical
2026-08-07 12:15:00,airport-road,63,50.7,75,28.6,4.9,4.0,0.61,12,4,Moderate,Low
2026-08-07 12:15:00,industrial-area,25,58.3,107,30.4,5.8,3.2,0.75,12,4,Low,Low
2026-08-07 12:15:00,city-hospital,51,55.3,57,30.7,4.8,3.0,0.64,12,4,Low,Low
2026-08-07 12:15:00,residential-zone,23,60.5,80,32.3,6.3,4.5,0.55,12,4,Low,Low
2026-08-07 12:15:00,river-zone,44,34.9,45,15.9,124.8,65.1,5.24,12,4,Moderate,Critical
2026-08-07 12:15:00,bus-terminal,34,56.8,65,30.0,3.7,3.3,0.64,12,4,Low,Low
2026-08-07 12:30:00,central-junction,27,58.2,68,27.9,3.1,1.7,0.67,12,4,Low,Low
2026-08-07 12:30:00,railway-station,60,49.3,79,32.5,0.8,0.5,0.59,12,4,Low,Low
2026-08-07 12:30:00,airport-road,36,57.2,76,23.5,5.0,2.6,0.72,12,4,Low,Low
2026-08-07 12:30:00,industrial-area,21,59.9,72,32.5,3.1,1.8,0.61,12,4,Low,Low
2026-08-07 12:30:00,city-hospital,39,53.1,71,29.3,25.9,20.5,1.49,12,4,Low,Moderate
2026-08-07 12:30:00,residential-zone,40,53.1,42,28.1,26.7,20.0,1.43,12,4,Low,Moderate
2026-08-07 12:30:00,river-zone,49,52.1,75,34.5,6.2,3.9,1.13,12,4,Low,Low
2026-08-07 12:30:00,bus-terminal,32,57.9,75,24.1,0.8,0.7,0.5,12,4,Low,Low
2026-08-07 12:45:00,central-junction,44,53.5,51,21.9,3.9,2.2,0.63,12,4,Low,Low
2026-08-07 12:45:00,railway-station,45,52.0,68,33.9,9.4,7.7,0.85,12,4,Low,Low
2026-08-07 12:45:00,airport-road,52,52.9,52,34.2,0.6,0.3,0.58,12,4,Low,Low
2026-08-07 12:45:00,industrial-area,17,60.0,70,24.2,5.7,4.2,0.71,12,4,Low,Low
2026-08-07 12:45:00,city-hospital,41,54.0,68,31.0,1.1,0.5,0.63,12,4,Low,Low
2026-08-07 12:45:00,residential-zone,26,58.3,64,35.0,2.1,1.5,0.49,12,4,Low,Low
2026-08-07 12:45:00,river-zone,42,56.9,68,34.5,1.0,0.7,0.69,12,4,Low,Low
2026-08-07 12:45:00,bus-terminal,31,57.3,48,32.8,7.2,3.7,0.83,12,4,Low,Low
2026-08-07 13:00:00,central-junction,64,51.1,67,24.8,6.6,3.2,0.8,13,4,Moderate,Low
2026-08-07 13:00:00,railway-station,35,58.6,75,25.9,3.8,2.5,0.67,13,4,Low,Low
2026-08-07 13:00:00,airport-road,44,56.3,92,32.1,0.7,0.5,0.61,13,4,Low,Low
2026-08-07 13:00:00,industrial-area,63,47.3,64,25.2,37.5,17.4,1.77,13,4,Moderate,High
2026-08-07 13:00:00,city-hospital,46,54.9,87,32.0,4.1,2.3,0.5,13,4,Low,Low
2026-08-07 13:00:00,residential-zone,43,43.4,39,29.2,79.7,49.3,3.25,13,4,Low,Critical
2026-08-07 13:00:00,river-zone,41,55.8,85,22.1,7.6,4.8,1.1,13,4,Low,Low
2026-08-07 13:00:00,bus-terminal,51,53.5,82,33.1,4.8,2.9,0.48,13,4,Low,Low
2026-08-07 13:15:00,central-junction,47,51.4,57,33.3,3.1,1.9,0.66,13,4,Low,Low
2026-08-07 13:15:00,railway-station,43,48.7,61,17.2,62.8,27.8,2.63,13,4,Low,Critical
2026-08-07 13:15:00,airport-road,67,49.9,87,25.4,7.5,6.0,0.8,13,4,Moderate,Low
2026-08-07 13:15:00,industrial-area,45,51.1,87,26.6,8.1,6.5,0.76,13,4,Low,Low
2026-08-07 13:15:00,city-hospital,45,47.2,56,17.8,66.8,46.0,2.93,13,4,Low,Critical
2026-08-07 13:15:00,residential-zone,36,55.4,53,29.9,1.3,1.1,0.6,13,4,Low,Low
2026-08-07 13:15:00,river-zone,28,43.8,55,24.6,81.9,48.0,3.77,13,4,Low,Critical
2026-08-07 13:15:00,bus-terminal,43,47.6,80,32.8,34.3,23.0,1.5,13,4,Low,Moderate
2026-08-07 13:30:00,central-junction,66,52.8,60,33.1,2.4,1.2,0.68,13,4,Moderate,Low
2026-08-07 13:30:00,railway-station,27,61.1,80,26.9,1.5,1.3,0.37,13,4,Low,Low
2026-08-07 13:30:00,airport-road,39,53.4,49,29.2,1.9,1.5,0.42,13,4,Low,Low
2026-08-07 13:30:00,industrial-area,63,48.9,125,26.9,7.7,3.1,0.61,13,4,Moderate,Low
2026-08-07 13:30:00,city-hospital,26,58.8,78,29.0,8.3,5.9,0.72,13,4,Low,Low
2026-08-07 13:30:00,residential-zone,22,57.7,77,28.0,0.2,0.1,0.49,13,4,Low,Low
2026-08-07 13:30:00,river-zone,61,51.9,84,24.5,1.6,1.1,0.83,13,4,Low,Low
2026-08-07 13:30:00,bus-terminal,39,55.0,52,25.2,7.7,3.3,0.69,13,4,Low,Low
2026-08-07 13:45:00,central-junction,45,55.5,48,22.3,2.5,1.9,0.45,13,4,Low,Low
2026-08-07 13:45:00,railway-station,71,46.3,87,32.8,4.9,3.1,0.56,13,4,Moderate,Low
2026-08-07 13:45:00,airport-road,21,61.4,71,24.8,6.3,2.8,0.63,13,4,Low,Low
2026-08-07 13:45:00,industrial-area,52,50.7,77,23.1,2.9,1.7,0.54,13,4,Low,Low
2026-08-07 13:45:00,city-hospital,55,52.9,64,24.4,7.8,4.8,0.66,13,4,Low,Low
2026-08-07 13:45:00,residential-zone,37,55.1,50,25.9,8.6,4.0,0.83,13,4,Low,Low
2026-08-07 13:45:00,river-zone,48,48.7,45,20.5,32.0,25.9,1.87,13,4,Low,High
2026-08-07 13:45:00,bus-terminal,70,49.8,67,25.9,2.9,1.7,0.69,13,4,Moderate,Low
2026-08-07 14:00:00,central-junction,42,57.1,66,29.3,1.0,0.8,0.48,14,4,Low,Low
2026-08-07 14:00:00,railway-station,48,56.0,67,26.5,5.3,3.6,0.56,14,4,Low,Low
2026-08-07 14:00:00,airport-road,44,52.3,60,27.2,7.9,4.2,0.73,14,4,Low,Low
2026-08-07 14:00:00,industrial-area,34,55.8,99,34.4,4.5,2.9,0.6,14,4,Low,Low
2026-08-07 14:00:00,city-hospital,20,58.6,85,23.9,7.4,5.2,0.71,14,4,Low,Low
2026-08-07 14:00:00,residential-zone,60,32.2,64,21.3,126.0,92.3,4.9,14,4,Moderate,Critical
2026-08-07 14:00:00,river-zone,51,56.2,55,27.3,2.2,1.0,0.82,14,4,Low,Low
2026-08-07 14:00:00,bus-terminal,32,58.9,84,33.0,1.8,1.6,0.4,14,4,Low,Low
2026-08-07 14:15:00,central-junction,25,45.6,42,25.0,78.8,36.7,3.21,14,4,Low,Critical
2026-08-07 14:15:00,railway-station,55,53.3,64,23.2,9.8,4.5,0.85,14,4,Low,Low
2026-08-07 14:15:00,airport-road,30,55.4,63,30.7,5.2,2.2,0.74,14,4,Low,Low
2026-08-07 14:15:00,industrial-area,27,56.0,115,30.7,2.9,1.8,0.47,14,4,Low,Low
2026-08-07 14:15:00,city-hospital,31,51.2,56,20.9,27.0,23.3,1.46,14,4,Low,Moderate
2026-08-07 14:15:00,residential-zone,25,58.2,73,22.6,1.0,0.8,0.49,14,4,Low,Low
2026-08-07 14:15:00,river-zone,43,52.0,67,32.0,9.7,4.2,1.12,14,4,Low,Moderate
2026-08-07 14:15:00,bus-terminal,50,53.5,75,34.7,3.1,1.4,0.62,14,4,Low,Low
2026-08-07 14:30:00,central-junction,77,48.4,59,28.5,1.5,1.1,0.53,14,4,Moderate,Low
2026-08-07 14:30:00,railway-station,36,59.7,81,32.7,1.1,0.6,0.59,14,4,Low,Low
2026-08-07 14:30:00,airport-road,52,54.6,82,25.0,0.7,0.3,0.42,14,4,Low,Low
2026-08-07 14:30:00,industrial-area,30,59.1,68,33.0,6.7,4.3,0.61,14,4,Low,Low
2026-08-07 14:30:00,city-hospital,25,57.6,78,33.7,5.8,3.7,0.72,14,4,Low,Low
2026-08-07 14:30:00,residential-zone,37,57.3,77,22.1,4.1,3.3,0.48,14,4,Low,Low
2026-08-07 14:30:00,river-zone,44,55.1,51,28.4,9.0,7.9,1.12,14,4,Low,Moderate
2026-08-07 14:30:00,bus-terminal,36,56.0,70,32.5,4.2,3.4,0.49,14,4,Low,Low
2026-08-07 14:45:00,central-junction,90,42.0,86,26.8,21.9,17.2,1.1,14,4,Moderate,Moderate
2026-08-07 14:45:00,railway-station,26,61.1,77,29.3,2.3,1.7,0.6,14,4,Low,Low
2026-08-07 14:45:00,airport-road,48,52.1,86,28.4,4.8,2.9,0.75,14,4,Low,Low
2026-08-07 14:45:00,industrial-area,42,52.8,94,29.7,3.2,1.9,0.62,14,4,Low,Low
2026-08-07 14:45:00,city-hospital,30,56.8,65,31.3,6.9,4.5,0.57,14,4,Low,Low
2026-08-07 14:45:00,residential-zone,35,53.5,54,33.3,7.3,4.8,0.68,14,4,Low,Low
2026-08-07 14:45:00,river-zone,34,54.7,74,32.6,8.5,5.5,1.23,14,4,Low,Moderate
2026-08-07 14:45:00,bus-terminal,82,43.9,104,31.7,5.1,3.6,0.61,14,4,Moderate,Low
2026-08-07 15:00:00,central-junction,52,53.0,71,28.4,0.2,0.1,0.58,15,4,Low,Low
2026-08-07 15:00:00,railway-station,45,56.3,62,31.9,5.4,4.2,0.51,15,4,Low,Low
2026-08-07 15:00:00,airport-road,27,56.0,66,26.7,6.7,5.6,0.7,15,4,Low,Low
2026-08-07 15:00:00,industrial-area,47,52.5,64,24.2,2.9,2.2,0.46,15,4,Low,Low
2026-08-07 15:00:00,city-hospital,31,59.7,46,35.2,2.5,2.0,0.51,15,4,Low,Low
2026-08-07 15:00:00,residential-zone,54,52.2,51,35.0,5.8,2.8,0.54,15,4,Low,Low
2026-08-07 15:00:00,river-zone,30,54.6,62,30.2,7.4,4.7,0.94,15,4,Low,Low
2026-08-07 15:00:00,bus-terminal,72,46.4,66,28.9,2.2,1.2,0.57,15,4,Moderate,Low
2026-08-07 15:15:00,central-junction,34,58.9,83,35.3,3.2,2.0,0.59,15,4,Low,Low
2026-08-07 15:15:00,railway-station,39,55.4,51,33.3,9.4,8.2,0.88,15,4,Low,Low
2026-08-07 15:15:00,airport-road,28,56.2,63,28.7,4.7,2.4,0.69,15,4,Low,Low
2026-08-07 15:15:00,industrial-area,26,48.6,73,26.1,60.6,27.1,2.43,15,4,Low,Critical
2026-08-07 15:15:00,city-hospital,23,58.5,79,25.0,4.0,3.0,0.66,15,4,Low,Low
2026-08-07 15:15:00,residential-zone,48,55.3,68,26.1,6.3,3.7,0.78,15,4,Low,Low
2026-08-07 15:15:00,river-zone,39,53.1,84,27.4,9.2,8.3,1.2,15,4,Low,Moderate
2026-08-07 15:15:00,bus-terminal,22,49.1,54,26.4,69.1,30.5,2.76,15,4,Low,Critical
2026-08-07 15:30:00,central-junction,40,57.6,72,23.1,9.6,6.2,0.72,15,4,Low,Low
2026-08-07 15:30:00,railway-station,26,56.9,49,33.6,5.9,3.3,0.76,15,4,Low,Low
2026-08-07 15:30:00,airport-road,54,53.9,61,33.5,1.0,0.7,0.51,15,4,Low,Low
2026-08-07 15:30:00,industrial-area,46,53.0,91,30.3,5.4,2.8,0.66,15,4,Low,Low
2026-08-07 15:30:00,city-hospital,59,50.7,75,28.7,8.0,3.4,0.67,15,4,Low,Low
2026-08-07 15:30:00,residential-zone,28,47.7,63,22.9,55.6,27.3,2.41,15,4,Low,Critical
2026-08-07 15:30:00,river-zone,49,53.4,57,26.5,7.8,3.2,0.97,15,4,Low,Low
2026-08-07 15:30:00,bus-terminal,34,57.8,62,33.6,9.2,4.4,0.65,15,4,Low,Low
2026-08-07 15:45:00,central-junction,35,56.8,70,25.4,0.2,0.2,0.35,15,4,Low,Low
2026-08-07 15:45:00,railway-station,59,44.8,68,20.0,42.4,22.6,2.0,15,4,Moderate,High
2026-08-07 15:45:00,airport-road,50,53.9,69,33.9,0.1,0.0,0.31,15,4,Low,Low
2026-08-07 15:45:00,industrial-area,43,55.2,66,26.4,3.0,2.3,0.65,15,4,Low,Low
2026-08-07 15:45:00,city-hospital,42,56.1,72,33.9,7.2,6.2,0.79,15,4,Low,Low
2026-08-07 15:45:00,residential-zone,54,51.2,51,26.0,21.5,17.4,1.24,15,4,Low,Moderate
2026-08-07 15:45:00,river-zone,40,55.4,65,26.0,6.8,4.3,1.17,15,4,Low,Moderate
2026-08-07 15:45:00,bus-terminal,28,57.5,83,33.5,9.7,6.1,0.85,15,4,Low,Low
2026-08-07 16:00:00,central-junction,59,49.2,59,25.6,3.4,2.8,0.69,16,4,Low,Low
2026-08-07 16:00:00,railway-station,42,52.8,61,33.3,8.4,6.7,0.68,16,4,Low,Low
2026-08-07 16:00:00,airport-road,39,54.8,49,35.3,3.6,2.4,0.7,16,4,Low,Low
2026-08-07 16:00:00,industrial-area,36,53.3,103,31.3,5.8,4.0,0.61,16,4,Low,Low
2026-08-07 16:00:00,city-hospital,35,54.1,59,27.1,2.2,1.9,0.4,16,4,Low,Low
2026-08-07 16:00:00,residential-zone,31,55.6,49,27.0,0.6,0.5,0.39,16,4,Low,Low
2026-08-07 16:00:00,river-zone,56,49.4,82,25.0,4.1,2.2,0.87,16,4,Low,Low
2026-08-07 16:00:00,bus-terminal,62,48.3,76,31.1,2.0,1.2,0.39,16,4,Moderate,Low
2026-08-07 16:15:00,central-junction,60,50.7,76,31.1,3.3,2.0,0.6,16,4,Low,Low
2026-08-07 16:15:00,railway-station,34,54.8,84,24.0,1.6,1.4,0.64,16,4,Low,Low
2026-08-07 16:15:00,airport-road,28,51.2,61,22.9,46.6,20.0,2.14,16,4,Low,High
2026-08-07 16:15:00,industrial-area,36,55.1,100,29.0,7.9,3.9,0.59,16,4,Low,Low
2026-08-07 16:15:00,city-hospital,44,38.5,74,17.5,108.2,88.1,4.31,16,4,Moderate,Critical
2026-08-07 16:15:00,residential-zone,29,57.3,51,32.3,4.9,4.1,0.58,16,4,Low,Low
2026-08-07 16:15:00,river-zone,35,54.0,54,31.3,5.5,4.7,1.03,16,4,Low,Low
2026-08-07 16:15:00,bus-terminal,44,44.6,53,17.0,80.3,72.2,3.15,16,4,Low,Critical
2026-08-07 16:30:00,central-junction,49,55.3,59,35.4,6.4,3.7,0.7,16,4,Low,Low
2026-08-07 16:30:00,railway-station,44,56.2,54,28.9,3.4,2.6,0.59,16,4,Low,Low
2026-08-07 16:30:00,airport-road,54,51.1,74,21.7,4.2,2.8,0.47,16,4,Low,Low
2026-08-07 16:30:00,industrial-area,33,57.0,78,34.9,9.9,7.0,0.81,16,4,Low,Low
2026-08-07 16:30:00,city-hospital,24,58.3,52,28.1,2.4,1.1,0.42,16,4,Low,Low
2026-08-07 16:30:00,residential-zone,24,58.8,60,22.0,9.1,6.3,0.8,16,4,Low,Low
2026-08-07 16:30:00,river-zone,53,53.7,71,29.9,0.6,0.4,0.94,16,4,Low,Low
2026-08-07 16:30:00,bus-terminal,60,49.5,89,33.3,3.8,3.1,0.46,16,4,Low,Low
2026-08-07 16:45:00,central-junction,68,48.7,80,28.6,8.7,7.7,0.82,16,4,Moderate,Low
2026-08-07 16:45:00,railway-station,68,38.6,76,20.0,70.0,47.6,2.87,16,4,Moderate,Critical
2026-08-07 16:45:00,airport-road,25,61.1,56,27.8,0.7,0.3,0.45,16,4,Low,Low
2026-08-07 16:45:00,industrial-area,27,50.5,90,23.0,63.2,35.5,2.53,16,4,Low,Critical
2026-08-07 16:45:00,city-hospital,44,54.4,54,29.2,6.6,5.1,0.58,16,4,Low,Low
2026-08-07 16:45:00,residential-zone,19,45.0,45,15.6,87.6,67.2,3.56,16,4,Low,Critical
2026-08-07 16:45:00,river-zone,42,53.2,51,27.6,9.0,6.9,0.99,16,4,Low,Low
2026-08-07 16:45:00,bus-terminal,28,53.3,62,25.5,21.1,15.0,1.23,16,4,Low,Moderate
2026-08-07 17:00:00,central-junction,145,34.2,94,22.3,4.2,3.5,0.55,17,4,High,Low
2026-08-07 17:00:00,railway-station,142,34.0,116,22.9,0.7,0.4,0.42,17,4,High,Low
2026-08-07 17:00:00,airport-road,120,40.9,87,30.5,0.5,0.3,0.53,17,4,Moderate,Low
2026-08-07 17:00:00,industrial-area,157,29.8,94,29.4,3.5,2.4,0.46,17,4,High,Low
2026-08-07 17:00:00,city-hospital,73,47.9,101,29.8,0.7,0.5,0.38,17,4,Moderate,Low
2026-08-07 17:00:00,residential-zone,102,42.3,82,28.3,1.6,0.7,0.51,17,4,Moderate,Low
2026-08-07 17:00:00,river-zone,86,42.3,75,33.9,5.5,4.3,0.93,17,4,Moderate,Low
2026-08-07 17:00:00,bus-terminal,178,23.6,113,27.1,2.8,2.2,0.47,17,4,Critical,Low
2026-08-07 17:15:00,central-junction,124,34.1,111,31.5,5.2,4.1,0.65,17,4,High,Low
2026-08-07 17:15:00,railway-station,175,27.1,124,32.0,1.5,1.1,0.45,17,4,Critical,Low
2026-08-07 17:15:00,airport-road,109,41.4,107,33.4,2.3,1.3,0.44,17,4,Moderate,Low
2026-08-07 17:15:00,industrial-area,77,46.6,90,30.3,5.9,4.9,0.52,17,4,Moderate,Low
2026-08-07 17:15:00,city-hospital,68,50.4,58,31.4,4.6,2.4,0.69,17,4,Moderate,Low
2026-08-07 17:15:00,residential-zone,132,33.5,86,31.1,4.7,2.7,0.52,17,4,High,Low
2026-08-07 17:15:00,river-zone,130,36.1,82,24.6,6.6,5.8,0.97,17,4,High,Low
2026-08-07 17:15:00,bus-terminal,145,34.4,90,32.7,8.1,5.2,0.81,17,4,High,Low
2026-08-07 17:30:00,central-junction,187,22.8,92,33.7,1.1,1.0,0.5,17,4,Critical,Low
2026-08-07 17:30:00,railway-station,109,38.8,93,28.8,7.6,3.5,0.62,17,4,Moderate,Low
2026-08-07 17:30:00,airport-road,136,32.0,109,35.2,7.0,3.4,0.67,17,4,High,Low
2026-08-07 17:30:00,industrial-area,74,47.9,121,31.9,8.7,4.8,0.65,17,4,Moderate,Low
2026-08-07 17:30:00,city-hospital,125,33.3,90,22.5,24.8,22.2,1.42,17,4,High,Moderate
2026-08-07 17:30:00,residential-zone,117,39.2,92,25.0,6.0,2.4,0.73,17,4,Moderate,Low
2026-08-07 17:30:00,river-zone,103,34.8,102,21.4,31.4,14.8,1.94,17,4,Moderate,High
2026-08-07 17:30:00,bus-terminal,138,30.3,83,31.8,9.9,7.1,0.72,17,4,High,Low
2026-08-07 17:45:00,central-junction,126,20.7,70,27.5,94.9,52.0,3.7,17,4,Critical,Critical
2026-08-07 17:45:00,railway-station,61,50.0,57,31.3,9.5,3.9,0.63,17,4,Low,Low
2026-08-07 17:45:00,airport-road,86,44.1,86,29.6,6.8,3.9,0.62,17,4,Moderate,Low
2026-08-07 17:45:00,industrial-area,107,28.0,68,14.8,102.5,42.3,4.14,17,4,High,Critical
2026-08-07 17:45:00,city-hospital,70,42.4,75,18.6,53.5,42.5,2.25,17,4,Moderate,Critical
2026-08-07 17:45:00,residential-zone,153,27.9,80,24.8,5.2,4.0,0.7,17,4,High,Low
2026-08-07 17:45:00,river-zone,86,47.3,86,29.4,5.6,4.0,1.03,17,4,Moderate,Low
2026-08-07 17:45:00,bus-terminal,76,45.0,59,33.8,5.9,4.2,0.59,17,4,Moderate,Low
2026-08-07 18:00:00,central-junction,152,30.9,83,27.2,7.1,4.4,0.64,18,4,High,Low
2026-08-07 18:00:00,railway-station,153,29.7,89,24.0,5.1,3.6,0.65,18,4,High,Low
2026-08-07 18:00:00,airport-road,79,44.0,99,23.7,6.7,3.9,0.82,18,4,Moderate,Low
2026-08-07 18:00:00,industrial-area,114,42.0,88,34.6,2.6,2.2,0.57,18,4,Moderate,Low
2026-08-07 18:00:00,city-hospital,93,41.5,91,30.4,8.0,6.3,0.64,18,4,Moderate,Low
2026-08-07 18:00:00,residential-zone,70,45.7,77,26.0,8.2,5.5,0.64,18,4,Moderate,Low
2026-08-07 18:00:00,river-zone,83,30.1,77,26.8,102.9,82.1,4.28,18,4,Moderate,Critical
2026-08-07 18:00:00,bus-terminal,161,28.7,98,26.6,0.8,0.3,0.57,18,4,High,Low
2026-08-07 18:15:00,central-junction,136,36.8,95,27.1,7.7,4.7,0.84,18,4,High,Low
2026-08-07 18:15:00,railway-station,218,12.9,123,28.3,9.4,3.9,0.76,18,4,Critical,Low
2026-08-07 18:15:00,airport-road,110,41.9,93,22.1,1.5,1.2,0.61,18,4,Moderate,Low
2026-08-07 18:15:00,industrial-area,78,47.9,92,26.5,9.3,4.4,0.88,18,4,Moderate,Low
2026-08-07 18:15:00,city-hospital,86,31.4,67,22.0,79.0,52.2,3.16,18,4,Moderate,Critical
2026-08-07 18:15:00,residential-zone,68,50.6,91,25.3,9.9,4.6,0.9,18,4,Moderate,Low
2026-08-07 18:15:00,river-zone,127,34.9,77,29.7,9.4,5.5,1.07,18,4,High,Low
2026-08-07 18:15:00,bus-terminal,198,20.5,99,33.5,1.0,0.6,0.46,18,4,Critical,Low
2026-08-07 18:30:00,central-junction,96,28.9,68,23.7,85.5,58.0,3.54,18,4,High,Critical
2026-08-07 18:30:00,railway-station,146,33.0,117,30.0,0.4,0.3,0.5,18,4,High,Low
2026-08-07 18:30:00,airport-road,70,46.6,84,35.2,9.2,3.9,0.7,18,4,Moderate,Low
2026-08-07 18:30:00,industrial-area,67,50.6,104,32.8,6.1,3.4,0.78,18,4,Moderate,Low
2026-08-07 18:30:00,city-hospital,110,42.1,82,21.5,8.9,4.4,0.71,18,4,Moderate,Low
2026-08-07 18:30:00,residential-zone,112,40.1,100,32.3,9.6,5.3,0.69,18,4,Moderate,Low
2026-08-07 18:30:00,river-zone,98,29.9,90,26.4,106.0,58.2,4.63,18,4,High,Critical
2026-08-07 18:30:00,bus-terminal,169,26.8,98,26.2,7.6,3.2,0.66,18,4,Critical,Low
2026-08-07 18:45:00,central-junction,145,26.5,84,30.0,34.7,22.9,1.73,18,4,High,High
2026-08-07 18:45:00,railway-station,210,16.7,109,31.6,1.4,1.2,0.51,18,4,Critical,Low
2026-08-07 18:45:00,airport-road,126,29.1,103,29.4,64.6,52.7,2.72,18,4,High,Critical
2026-08-07 18:45:00,industrial-area,110,33.2,74,22.4,48.2,25.0,2.08,18,4,High,High
2026-08-07 18:45:00,city-hospital,58,51.7,90,30.3,9.5,5.5,0.87,18,4,Low,Low
2026-08-07 18:45:00,residential-zone,85,42.5,80,26.9,6.6,4.1,0.53,18,4,Moderate,Low
2026-08-07 18:45:00,river-zone,70,47.2,67,22.8,0.7,0.3,0.69,18,4,Moderate,Low
2026-08-07 18:45:00,bus-terminal,128,36.6,87,24.3,4.8,4.0,0.48,18,4,High,Low
2026-08-07 19:00:00,central-junction,154,25.3,77,18.8,49.1,38.9,2.18,19,4,Critical,High
2026-08-07 19:00:00,railway-station,163,27.2,100,26.9,3.6,1.9,0.43,19,4,High,Low
2026-08-07 19:00:00,airport-road,66,47.8,82,32.3,8.1,6.0,0.69,19,4,Moderate,Low
2026-08-07 19:00:00,industrial-area,125,36.4,92,22.3,8.2,4.4,0.68,19,4,High,Low
2026-08-07 19:00:00,city-hospital,117,36.1,87,23.2,2.0,1.8,0.55,19,4,Moderate,Low
2026-08-07 19:00:00,residential-zone,115,41.8,67,24.4,3.7,2.7,0.71,19,4,Moderate,Low
2026-08-07 19:00:00,river-zone,66,51.4,70,34.4,4.7,2.9,0.82,19,4,Moderate,Low
2026-08-07 19:00:00,bus-terminal,102,42.5,84,22.7,7.0,4.6,0.69,19,4,Moderate,Low
2026-08-07 19:15:00,central-junction,124,35.2,85,24.3,7.1,5.1,0.63,19,4,High,Low
2026-08-07 19:15:00,railway-station,153,29.9,110,35.1,5.6,3.0,0.54,19,4,High,Low
2026-08-07 19:15:00,airport-road,94,39.6,84,21.3,49.3,38.6,2.29,19,4,Moderate,High
2026-08-07 19:15:00,industrial-area,63,49.6,72,24.4,6.8,5.0,0.61,19,4,Moderate,Low
2026-08-07 19:15:00,city-hospital,107,37.8,70,22.6,9.7,8.6,0.82,19,4,Moderate,Low
2026-08-07 19:15:00,residential-zone,75,47.3,82,24.3,0.6,0.5,0.43,19,4,Moderate,Low
2026-08-07 19:15:00,river-zone,69,38.8,56,24.5,80.4,61.0,3.62,19,4,Moderate,Critical
2026-08-07 19:15:00,bus-terminal,103,43.8,71,35.1,3.3,2.5,0.44,19,4,Moderate,Low
2026-08-07 19:30:00,central-junction,182,26.6,118,35.1,4.0,3.2,0.71,19,4,Critical,Low
2026-08-07 19:30:00,railway-station,191,11.9,83,26.7,72.1,32.4,2.99,19,4,Critical,Critical
2026-08-07 19:30:00,airport-road,83,45.8,76,26.5,5.3,4.3,0.53,19,4,Moderate,Low
2026-08-07 19:30:00,industrial-area,98,41.4,118,24.1,3.1,2.7,0.63,19,4,Moderate,Low
2026-08-07 19:30:00,city-hospital,136,24.6,90,25.3,59.4,44.0,2.44,19,4,High,Critical
2026-08-07 19:30:00,residential-zone,147,30.1,101,29.8,9.0,6.5,0.62,19,4,High,Low
2026-08-07 19:30:00,river-zone,96,41.4,70,22.2,4.7,3.4,1.08,19,4,Moderate,Low
2026-08-07 19:30:00,bus-terminal,119,39.6,87,35.1,3.5,2.3,0.71,19,4,Moderate,Low
2026-08-07 19:45:00,central-junction,143,34.8,90,24.7,2.0,1.3,0.64,19,4,High,Low
2026-08-07 19:45:00,railway-station,149,32.3,88,24.6,8.8,6.9,0.64,19,4,High,Low
2026-08-07 19:45:00,airport-road,111,39.9,78,33.8,1.2,0.6,0.49,19,4,Moderate,Low
2026-08-07 19:45:00,industrial-area,99,41.5,115,34.5,5.5,2.6,0.76,19,4,Moderate,Low
2026-08-07 19:45:00,city-hospital,81,50.0,97,29.3,1.1,0.6,0.52,19,4,Moderate,Low
2026-08-07 19:45:00,residential-zone,105,32.7,92,22.8,62.8,48.3,2.66,19,4,High,Critical
2026-08-07 19:45:00,river-zone,120,38.5,80,33.8,7.7,5.5,0.95,19,4,Moderate,Low
2026-08-07 19:45:00,bus-terminal,180,24.8,86,26.1,3.9,3.5,0.63,19,4,Critical,Low
2026-08-07 20:00:00,central-junction,110,39.0,76,24.6,6.3,4.0,0.73,20,4,Moderate,Low
2026-08-07 20:00:00,railway-station,126,33.9,96,30.4,3.0,2.3,0.52,20,4,High,Low
2026-08-07 20:00:00,airport-road,111,39.2,88,23.1,0.8,0.5,0.38,20,4,Moderate,Low
2026-08-07 20:00:00,industrial-area,72,50.7,66,24.5,5.0,2.8,0.75,20,4,Moderate,Low
2026-08-07 20:00:00,city-hospital,100,41.0,68,27.0,7.2,3.6,0.85,20,4,Moderate,Low
2026-08-07 20:00:00,residential-zone,129,29.9,83,20.1,30.3,16.9,1.49,20,4,High,Moderate
2026-08-07 20:00:00,river-zone,62,50.0,82,28.1,7.9,4.7,0.95,20,4,Moderate,Low
2026-08-07 20:00:00,bus-terminal,168,27.1,106,34.3,3.2,1.8,0.42,20,4,High,Low
2026-08-07 20:15:00,central-junction,121,33.6,70,27.5,24.0,20.9,1.38,20,4,High,Moderate
2026-08-07 20:15:00,railway-station,120,39.3,73,28.0,5.2,3.8,0.55,20,4,Moderate,Low
2026-08-07 20:15:00,airport-road,155,28.4,111,28.1,5.5,3.4,0.59,20,4,High,Low
2026-08-07 20:15:00,industrial-area,89,46.8,86,26.3,9.1,5.6,0.87,20,4,Moderate,Low
2026-08-07 20:15:00,city-hospital,132,37.0,82,24.3,1.1,0.5,0.56,20,4,High,Low
2026-08-07 20:15:00,residential-zone,91,46.1,94,23.8,7.1,3.3,0.81,20,4,Moderate,Low
2026-08-07 20:15:00,river-zone,130,34.7,89,29.3,1.9,1.1,0.88,20,4,High,Low
2026-08-07 20:15:00,bus-terminal,119,27.7,64,18.4,88.1,48.7,3.6,20,4,High,Critical
2026-08-07 20:30:00,central-junction,98,26.7,71,25.7,107.2,44.5,4.19,20,4,High,Critical
2026-08-07 20:30:00,railway-station,138,20.9,93,26.7,80.0,59.8,3.31,20,4,Critical,Critical
2026-08-07 20:30:00,airport-road,92,43.0,61,34.4,5.8,5.1,0.51,20,4,Moderate,Low
2026-08-07 20:30:00,industrial-area,159,29.0,127,27.3,2.0,0.9,0.47,20,4,High,Low
2026-08-07 20:30:00,city-hospital,93,43.4,76,35.5,3.9,3.4,0.46,20,4,Moderate,Low
2026-08-07 20:30:00,residential-zone,66,48.7,51,31.0,31.0,22.8,1.47,20,4,Moderate,Moderate
2026-08-07 20:30:00,river-zone,88,41.8,77,27.9,7.5,5.7,0.94,20,4,Moderate,Low
2026-08-07 20:30:00,bus-terminal,194,18.3,121,29.9,21.2,14.2,1.27,20,4,Critical,Moderate
2026-08-07 20:45:00,central-junction,166,28.8,109,24.1,9.5,3.9,0.69,20,4,High,Low
2026-08-07 20:45:00,railway-station,73,49.0,54,31.0,8.6,7.4,0.83,20,4,Moderate,Low
2026-08-07 20:45:00,airport-road,81,43.9,69,30.2,9.1,7.3,0.7,20,4,Moderate,Low
2026-08-07 20:45:00,industrial-area,50,55.1,95,28.2,0.7,0.6,0.5,20,4,Low,Low
2026-08-07 20:45:00,city-hospital,92,41.6,85,28.2,8.9,4.7,0.74,20,4,Moderate,Low
2026-08-07 20:45:00,residential-zone,97,26.9,64,19.1,99.6,47.9,4.05,20,4,High,Critical
2026-08-07 20:45:00,river-zone,92,44.3,92,34.2,1.1,0.6,0.94,20,4,Moderate,Low
2026-08-07 20:45:00,bus-terminal,128,35.0,98,30.5,3.7,1.6,0.7,20,4,High,Low
2026-08-07 21:00:00,central-junction,34,56.7,49,27.7,4.5,3.7,0.64,21,4,Low,Low
2026-08-07 21:00:00,railway-station,47,52.7,76,22.0,4.7,2.3,0.74,21,4,Low,Low
2026-08-07 21:00:00,airport-road,22,60.5,54,28.6,6.8,5.0,0.61,21,4,Low,Low
2026-08-07 21:00:00,industrial-area,38,57.6,96,29.1,9.7,7.3,0.81,21,4,Low,Low
2026-08-07 21:00:00,city-hospital,23,62.4,73,35.3,1.9,1.2,0.4,21,4,Low,Low
2026-08-07 21:00:00,residential-zone,32,55.8,60,32.7,2.9,2.3,0.54,21,4,Low,Low
2026-08-07 21:00:00,river-zone,29,55.0,80,30.9,4.4,2.4,0.92,21,4,Low,Low
2026-08-07 21:00:00,bus-terminal,65,45.9,52,26.0,41.9,19.2,1.98,21,4,Moderate,High
2026-08-07 21:15:00,central-junction,35,53.4,46,25.8,9.1,3.7,0.69,21,4,Low,Low
2026-08-07 21:15:00,railway-station,25,59.7,56,27.1,6.2,4.7,0.65,21,4,Low,Low
2026-08-07 21:15:00,airport-road,33,55.0,53,29.1,6.9,5.8,0.74,21,4,Low,Low
2026-08-07 21:15:00,industrial-area,31,58.6,106,33.4,0.5,0.4,0.44,21,4,Low,Low
2026-08-07 21:15:00,city-hospital,40,40.6,44,18.9,88.4,40.9,3.61,21,4,Low,Critical
2026-08-07 21:15:00,residential-zone,41,56.0,76,33.6,7.4,3.1,0.82,21,4,Low,Low
2026-08-07 21:15:00,river-zone,26,58.8,65,33.7,8.3,6.7,1.01,21,4,Low,Low
2026-08-07 21:15:00,bus-terminal,38,54.3,51,30.0,8.4,5.5,0.65,21,4,Low,Low
2026-08-07 21:30:00,central-junction,28,44.0,36,16.4,95.1,73.8,3.9,21,4,Low,Critical
2026-08-07 21:30:00,railway-station,51,55.1,80,22.5,0.6,0.4,0.43,21,4,Low,Low
2026-08-07 21:30:00,airport-road,37,56.6,81,26.3,3.7,3.2,0.52,21,4,Low,Low
2026-08-07 21:30:00,industrial-area,42,35.3,74,21.5,127.2,55.0,4.91,21,4,Moderate,Critical
2026-08-07 21:30:00,city-hospital,20,57.0,50,22.7,7.2,5.5,0.84,21,4,Low,Low
2026-08-07 21:30:00,residential-zone,49,53.7,71,26.4,1.1,0.5,0.42,21,4,Low,Low
2026-08-07 21:30:00,river-zone,29,56.2,63,24.0,8.4,5.1,1.09,21,4,Low,Low
2026-08-07 21:30:00,bus-terminal,50,51.5,87,23.2,6.4,5.3,0.76,21,4,Low,Low
2026-08-07 21:45:00,central-junction,84,42.4,71,21.4,9.2,7.3,0.72,21,4,Moderate,Low
2026-08-07 21:45:00,railway-station,40,54.7,62,31.5,9.1,6.6,0.74,21,4,Low,Low
2026-08-07 21:45:00,airport-road,37,47.6,70,25.6,69.8,46.9,2.98,21,4,Low,Critical
2026-08-07 21:45:00,industrial-area,27,58.5,101,23.9,3.1,2.3,0.52,21,4,Low,Low
2026-08-07 21:45:00,city-hospital,35,59.4,60,30.8,1.4,0.7,0.38,21,4,Low,Low
2026-08-07 21:45:00,residential-zone,31,57.4,61,22.4,9.1,4.7,0.78,21,4,Low,Low
2026-08-07 21:45:00,river-zone,20,57.6,59,25.3,3.5,2.0,0.99,21,4,Low,Low
2026-08-07 21:45:00,bus-terminal,40,54.8,86,28.1,2.4,1.2,0.48,21,4,Low,Low
2026-08-07 22:00:00,central-junction,65,41.6,65,31.4,52.7,40.6,2.38,22,4,Moderate,Critical
2026-08-07 22:00:00,railway-station,52,51.1,89,26.1,4.6,2.2,0.67,22,4,Low,Low
2026-08-07 22:00:00,airport-road,23,57.7,45,27.1,5.4,2.6,0.7,22,4,Low,Low
2026-08-07 22:00:00,industrial-area,32,55.1,62,31.2,5.1,3.4,0.56,22,4,Low,Low
2026-08-07 22:00:00,city-hospital,31,60.0,61,23.3,5.9,3.0,0.8,22,4,Low,Low
2026-08-07 22:00:00,residential-zone,24,57.7,54,34.9,9.8,5.1,0.74,22,4,Low,Low
2026-08-07 22:00:00,river-zone,38,55.0,74,31.9,8.3,4.7,1.2,22,4,Low,Moderate
2026-08-07 22:00:00,bus-terminal,33,56.0,52,25.1,26.1,14.2,1.29,22,4,Low,Moderate
2026-08-07 22:15:00,central-junction,27,56.3,67,31.5,5.3,4.0,0.53,22,4,Low,Low
2026-08-07 22:15:00,railway-station,72,48.1,65,27.7,4.2,3.5,0.46,22,4,Moderate,Low
2026-08-07 22:15:00,airport-road,36,57.9,80,34.0,8.1,6.8,0.59,22,4,Low,Low
2026-08-07 22:15:00,industrial-area,65,47.0,94,27.6,7.8,4.5,0.58,22,4,Moderate,Low
2026-08-07 22:15:00,city-hospital,37,58.7,73,30.0,1.3,0.6,0.35,22,4,Low,Low
2026-08-07 22:15:00,residential-zone,23,56.7,52,26.2,10.0,4.2,0.91,22,4,Low,Low
2026-08-07 22:15:00,river-zone,47,52.7,60,30.1,7.9,5.1,1.04,22,4,Low,Low
2026-08-07 22:15:00,bus-terminal,32,59.0,80,31.7,8.0,4.7,0.72,22,4,Low,Low
2026-08-07 22:30:00,central-junction,57,38.8,66,24.9,89.3,53.3,3.65,22,4,Moderate,Critical
2026-08-07 22:30:00,railway-station,50,55.0,48,21.9,8.4,6.9,0.64,22,4,Low,Low
2026-08-07 22:30:00,airport-road,41,54.2,73,27.6,4.9,4.3,0.57,22,4,Low,Low
2026-08-07 22:30:00,industrial-area,46,50.5,82,25.3,28.7,11.7,1.32,22,4,Low,Moderate
2026-08-07 22:30:00,city-hospital,49,51.9,58,22.6,3.3,1.7,0.57,22,4,Low,Low
2026-08-07 22:30:00,residential-zone,43,56.6,73,28.2,2.5,1.9,0.41,22,4,Low,Low
2026-08-07 22:30:00,river-zone,47,48.8,63,29.6,30.0,13.4,1.86,22,4,Low,High
2026-08-07 22:30:00,bus-terminal,31,55.0,72,35.7,3.4,1.7,0.56,22,4,Low,Low
2026-08-07 22:45:00,central-junction,44,57.1,44,27.6,3.1,1.9,0.51,22,4,Low,Low
2026-08-07 22:45:00,railway-station,42,57.4,59,26.7,3.5,2.8,0.49,22,4,Low,Low
2026-08-07 22:45:00,airport-road,40,48.9,67,20.1,51.7,22.3,2.24,22,4,Low,High
2026-08-07 22:45:00,industrial-area,48,52.0,117,34.5,6.8,3.5,0.76,22,4,Low,Low
2026-08-07 22:45:00,city-hospital,57,39.6,68,25.4,100.0,53.1,3.92,22,4,Moderate,Critical
2026-08-07 22:45:00,residential-zone,54,50.9,63,21.8,20.7,11.4,1.06,22,4,Low,Moderate
2026-08-07 22:45:00,river-zone,40,57.2,59,25.2,5.9,5.2,1.0,22,4,Low,Low
2026-08-07 22:45:00,bus-terminal,43,56.8,78,23.0,2.2,1.1,0.58,22,4,Low,Low
2026-08-07 23:00:00,central-junction,40,55.8,80,23.8,3.8,1.9,0.71,23,4,Low,Low
2026-08-07 23:00:00,railway-station,28,57.2,74,21.9,8.3,6.0,0.61,23,4,Low,Low
2026-08-07 23:00:00,airport-road,29,55.4,85,33.5,7.4,5.8,0.7,23,4,Low,Low
2026-08-07 23:00:00,industrial-area,52,52.1,81,31.0,1.0,0.4,0.4,23,4,Low,Low
2026-08-07 23:00:00,city-hospital,49,54.8,55,35.6,4.1,3.4,0.55,23,4,Low,Low
2026-08-07 23:00:00,residential-zone,54,52.0,85,28.1,1.1,0.9,0.41,23,4,Low,Low
2026-08-07 23:00:00,river-zone,34,51.6,63,27.3,54.9,35.9,2.58,23,4,Low,Critical
2026-08-07 23:00:00,bus-terminal,59,54.6,69,28.5,1.4,0.7,0.45,23,4,Low,Low
2026-08-07 23:15:00,central-junction,61,51.3,66,24.4,0.4,0.3,0.5,23,4,Low,Low
2026-08-07 23:15:00,railway-station,38,52.8,41,28.8,33.2,14.7,1.67,23,4,Low,Moderate
2026-08-07 23:15:00,airport-road,27,55.9,48,22.9,2.1,1.8,0.52,23,4,Low,Low
2026-08-07 23:15:00,industrial-area,38,57.1,109,29.2,0.8,0.6,0.34,23,4,Low,Low
2026-08-07 23:15:00,city-hospital,42,54.6,74,35.0,4.4,3.1,0.71,23,4,Low,Low
2026-08-07 23:15:00,residential-zone,27,59.2,73,31.2,6.5,2.6,0.72,23,4,Low,Low
2026-08-07 23:15:00,river-zone,55,51.0,85,23.2,7.7,4.6,1.04,23,4,Low,Low
2026-08-07 23:15:00,bus-terminal,42,55.2,78,34.2,6.5,5.2,0.68,23,4,Low,Low
2026-08-07 23:30:00,central-junction,75,49.4,76,29.6,7.5,5.5,0.7,23,4,Moderate,Low
2026-08-07 23:30:00,railway-station,35,58.9,86,25.0,4.5,2.1,0.58,23,4,Low,Low
2026-08-07 23:30:00,airport-road,31,55.8,83,24.4,6.0,2.6,0.58,23,4,Low,Low
2026-08-07 23:30:00,industrial-area,30,56.6,111,31.1,5.3,4.6,0.6,23,4,Low,Low
2026-08-07 23:30:00,city-hospital,23,57.0,76,30.9,5.8,4.9,0.77,23,4,Low,Low
2026-08-07 23:30:00,residential-zone,27,60.7,81,24.1,0.7,0.3,0.37,23,4,Low,Low
2026-08-07 23:30:00,river-zone,36,46.6,34,24.3,73.6,64.4,3.24,23,4,Low,Critical
2026-08-07 23:30:00,bus-terminal,39,55.1,56,29.6,7.0,5.0,0.65,23,4,Low,Low
2026-08-07 23:45:00,central-junction,46,56.8,62,32.0,2.0,1.0,0.64,23,4,Low,Low
2026-08-07 23:45:00,railway-station,26,60.5,69,27.9,8.4,6.0,0.89,23,4,Low,Low
2026-08-07 23:45:00,airport-road,35,55.4,51,26.7,0.7,0.4,0.47,23,4,Low,Low
2026-08-07 23:45:00,industrial-area,35,59.4,98,24.0,5.8,4.6,0.76,23,4,Low,Low
2026-08-07 23:45:00,city-hospital,23,58.9,66,21.5,7.1,3.6,0.61,23,4,Low,Low
2026-08-07 23:45:00,residential-zone,48,50.9,81,26.9,4.8,2.2,0.69,23,4,Low,Low
2026-08-07 23:45:00,river-zone,36,39.1,49,18.1,124.7,55.4,5.24,23,4,Low,Critical
2026-08-07 23:45:00,bus-terminal,32,56.2,76,25.9,7.8,5.0,0.62,23,4,Low,Low
2026-08-08 00:00:00,central-junction,44,56.1,55,34.6,1.8,0.8,0.45,0,5,Low,Low
2026-08-08 00:00:00,railway-station,73,48.8,81,34.6,4.1,2.2,0.5,0,5,Moderate,Low
2026-08-08 00:00:00,airport-road,54,51.9,69,23.5,1.0,0.9,0.53,0,5,Low,Low
2026-08-08 00:00:00,industrial-area,29,58.8,108,32.6,2.4,1.5,0.61,0,5,Low,Low
2026-08-08 00:00:00,city-hospital,27,49.6,52,25.4,75.8,65.5,3.0,0,5,Low,Critical
2026-08-08 00:00:00,residential-zone,34,55.7,64,30.2,0.2,0.1,0.45,0,5,Low,Low
2026-08-08 00:00:00,river-zone,29,58.0,70,34.7,2.6,1.7,0.79,0,5,Low,Low
2026-08-08 00:00:00,bus-terminal,45,56.4,54,32.9,2.8,2.4,0.5,0,5,Low,Low
2026-08-08 00:15:00,central-junction,54,50.0,88,31.1,6.4,4.4,0.69,0,5,Low,Low
2026-08-08 00:15:00,railway-station,71,52.0,66,32.9,1.5,0.9,0.58,0,5,Moderate,Low
2026-08-08 00:15:00,airport-road,55,55.0,67,32.0,4.6,2.6,0.66,0,5,Low,Low
2026-08-08 00:15:00,industrial-area,34,58.5,102,31.5,9.3,6.6,0.91,0,5,Low,Low
2026-08-08 00:15:00,city-hospital,42,56.1,55,32.8,0.1,0.1,0.42,0,5,Low,Low
2026-08-08 00:15:00,residential-zone,39,55.1,64,27.5,7.2,5.4,0.83,0,5,Low,Low
2026-08-08 00:15:00,river-zone,42,58.4,58,28.5,1.8,1.4,0.85,0,5,Low,Low
2026-08-08 00:15:00,bus-terminal,66,47.6,57,25.8,2.2,1.5,0.38,0,5,Moderate,Low
2026-08-08 00:30:00,central-junction,39,56.2,61,32.4,3.1,2.8,0.66,0,5,Low,Low
2026-08-08 00:30:00,railway-station,32,55.1,52,30.0,2.4,1.4,0.39,0,5,Low,Low
2026-08-08 00:30:00,airport-road,22,56.3,54,21.1,41.3,17.9,1.93,0,5,Low,High
2026-08-08 00:30:00,industrial-area,31,56.6,62,26.8,9.4,5.5,0.81,0,5,Low,Low
2026-08-08 00:30:00,city-hospital,42,51.8,58,26.0,6.9,5.9,0.64,0,5,Low,Low
2026-08-08 00:30:00,residential-zone,42,54.9,82,25.3,2.3,1.4,0.61,0,5,Low,Low
2026-08-08 00:30:00,river-zone,38,54.3,45,23.5,2.8,1.6,0.77,0,5,Low,Low
2026-08-08 00:30:00,bus-terminal,69,47.6,86,24.6,1.9,1.6,0.4,0,5,Moderate,Low
2026-08-08 00:45:00,central-junction,60,52.9,81,29.9,1.8,1.0,0.42,0,5,Low,Low
2026-08-08 00:45:00,railway-station,71,47.2,64,22.5,5.6,2.8,0.72,0,5,Moderate,Low
2026-08-08 00:45:00,airport-road,40,56.9,66,26.8,6.3,5.3,0.63,0,5,Low,Low
2026-08-08 00:45:00,industrial-area,29,54.7,85,27.8,9.2,8.2,0.9,0,5,Low,Low
2026-08-08 00:45:00,city-hospital,52,54.0,69,29.0,7.3,3.5,0.61,0,5,Low,Low
2026-08-08 00:45:00,residential-zone,35,55.4,45,30.1,2.8,1.8,0.42,0,5,Low,Low
2026-08-08 00:45:00,river-zone,26,54.9,41,27.9,9.1,6.6,1.16,0,5,Low,Moderate
2026-08-08 00:45:00,bus-terminal,51,47.2,45,17.8,63.1,30.3,2.74,0,5,Low,Critical
2026-08-08 01:00:00,central-junction,69,48.1,65,27.5,1.3,1.1,0.64,1,5,Moderate,Low
2026-08-08 01:00:00,railway-station,85,48.7,88,28.3,0.4,0.3,0.47,1,5,Moderate,Low
2026-08-08 01:00:00,airport-road,40,53.8,72,30.4,7.2,6.1,0.77,1,5,Low,Low
2026-08-08 01:00:00,industrial-area,56,49.9,112,33.6,6.0,2.9,0.53,1,5,Low,Low
2026-08-08 01:00:00,city-hospital,25,58.0,72,34.1,9.6,5.7,0.73,1,5,Low,Low
2026-08-08 01:00:00,residential-zone,21,56.5,75,32.6,28.4,24.1,1.54,1,5,Low,Moderate
2026-08-08 01:00:00,river-zone,50,54.6,78,30.1,1.6,1.3,0.91,1,5,Low,Low
2026-08-08 01:00:00,bus-terminal,36,57.1,74,24.5,6.6,3.7,0.78,1,5,Low,Low
2026-08-08 01:15:00,central-junction,61,51.3,69,34.1,0.1,0.1,0.57,1,5,Low,Low
2026-08-08 01:15:00,railway-station,78,45.7,88,29.0,5.1,2.4,0.51,1,5,Moderate,Low
2026-08-08 01:15:00,airport-road,24,60.6,63,24.7,0.8,0.6,0.38,1,5,Low,Low
2026-08-08 01:15:00,industrial-area,41,52.6,101,31.6,4.6,2.8,0.57,1,5,Low,Low
2026-08-08 01:15:00,city-hospital,30,60.2,89,22.6,2.8,2.5,0.63,1,5,Low,Low
2026-08-08 01:15:00,residential-zone,48,57.1,61,23.0,1.1,0.7,0.5,1,5,Low,Low
2026-08-08 01:15:00,river-zone,37,57.2,78,34.1,5.3,3.0,0.87,1,5,Low,Low
2026-08-08 01:15:00,bus-terminal,36,55.4,71,30.3,9.8,4.4,0.69,1,5,Low,Low
2026-08-08 01:30:00,central-junction,27,50.5,58,28.8,71.5,45.3,3.02,1,5,Low,Critical
2026-08-08 01:30:00,railway-station,33,39.3,64,16.2,113.0,69.5,4.55,1,5,Low,Critical
2026-08-08 01:30:00,airport-road,34,57.8,74,31.9,3.5,1.9,0.67,1,5,Low,Low
2026-08-08 01:30:00,industrial-area,57,49.2,99,25.8,2.1,1.9,0.65,1,5,Low,Low
2026-08-08 01:30:00,city-hospital,43,54.5,82,29.1,5.6,2.4,0.72,1,5,Low,Low
2026-08-08 01:30:00,residential-zone,33,59.9,80,24.2,3.8,1.8,0.6,1,5,Low,Low
2026-08-08 01:30:00,river-zone,32,58.0,45,31.5,1.1,0.6,0.69,1,5,Low,Low
2026-08-08 01:30:00,bus-terminal,34,54.3,53,25.5,7.2,4.6,0.72,1,5,Low,Low
2026-08-08 01:45:00,central-junction,29,60.3,49,24.1,3.2,1.6,0.53,1,5,Low,Low
2026-08-08 01:45:00,railway-station,44,54.4,84,22.5,7.0,4.7,0.65,1,5,Low,Low
2026-08-08 01:45:00,airport-road,46,53.0,69,27.5,0.4,0.2,0.49,1,5,Low,Low
2026-08-08 01:45:00,industrial-area,43,54.7,110,25.1,9.5,5.6,0.9,1,5,Low,Low
2026-08-08 01:45:00,city-hospital,42,55.4,73,33.5,1.7,1.4,0.37,1,5,Low,Low
2026-08-08 01:45:00,residential-zone,27,57.1,40,28.9,5.7,3.5,0.51,1,5,Low,Low
2026-08-08 01:45:00,river-zone,45,44.9,65,18.9,53.2,24.6,2.64,1,5,Low,Critical
2026-08-08 01:45:00,bus-terminal,28,57.7,61,32.4,4.3,3.9,0.7,1,5,Low,Low
2026-08-08 02:00:00,central-junction,55,54.8,76,25.2,6.1,5.5,0.54,2,5,Low,Low
2026-08-08 02:00:00,railway-station,37,54.5,70,25.6,1.6,0.9,0.63,2,5,Low,Low
2026-08-08 02:00:00,airport-road,42,55.1,52,31.0,2.2,1.8,0.38,2,5,Low,Low
2026-08-08 02:00:00,industrial-area,39,54.9,104,24.7,3.1,1.6,0.57,2,5,Low,Low
2026-08-08 02:00:00,city-hospital,54,53.1,58,23.6,8.7,6.1,0.72,2,5,Low,Low
2026-08-08 02:00:00,residential-zone,36,50.4,53,30.4,25.8,12.7,1.35,2,5,Low,Moderate
2026-08-08 02:00:00,river-zone,32,56.3,63,34.2,2.6,1.1,0.87,2,5,Low,Low
2026-08-08 02:00:00,bus-terminal,67,46.3,90,21.6,8.2,5.4,0.62,2,5,Moderate,Low
2026-08-08 02:15:00,central-junction,44,57.5,76,34.5,3.7,3.0,0.62,2,5,Low,Low
2026-08-08 02:15:00,railway-station,31,47.3,47,23.8,75.4,51.2,3.11,2,5,Low,Critical
2026-08-08 02:15:00,airport-road,39,58.1,73,35.5,2.5,1.2,0.44,2,5,Low,Low
2026-08-08 02:15:00,industrial-area,29,58.6,64,22.9,7.0,4.6,0.63,2,5,Low,Low
2026-08-08 02:15:00,city-hospital,47,52.2,68,28.2,26.8,23.2,1.41,2,5,Low,Moderate
2026-08-08 02:15:00,residential-zone,36,55.0,49,33.2,4.0,3.3,0.59,2,5,Low,Low
2026-08-08 02:15:00,river-zone,50,52.8,72,22.5,5.2,2.4,1.06,2,5,Low,Low
2026-08-08 02:15:00,bus-terminal,75,46.3,73,29.3,4.9,2.9,0.54,2,5,Moderate,Low
2026-08-08 02:30:00,central-junction,50,52.1,79,27.7,1.2,1.0,0.54,2,5,Low,Low
2026-08-08 02:30:00,railway-station,60,50.9,57,24.0,1.9,1.1,0.58,2,5,Low,Low
2026-08-08 02:30:00,airport-road,61,37.3,78,19.2,83.5,73.1,3.34,2,5,Moderate,Critical
2026-08-08 02:30:00,industrial-area,23,59.7,79,31.8,1.0,0.6,0.63,2,5,Low,Low
2026-08-08 02:30:00,city-hospital,20,62.1,59,27.1,8.0,7.0,0.84,2,5,Low,Low
2026-08-08 02:30:00,residential-zone,52,55.0,80,25.2,8.8,6.9,0.73,2,5,Low,Low
2026-08-08 02:30:00,river-zone,43,54.8,94,32.2,3.3,2.6,0.79,2,5,Low,Low
2026-08-08 02:30:00,bus-terminal,54,53.9,84,29.9,9.7,4.3,0.86,2,5,Low,Low
2026-08-08 02:45:00,central-junction,24,61.8,75,30.3,3.3,1.9,0.67,2,5,Low,Low
2026-08-08 02:45:00,railway-station,44,56.0,88,31.1,6.8,5.3,0.7,2,5,Low,Low
2026-08-08 02:45:00,airport-road,48,41.0,81,20.7,71.8,30.0,2.85,2,5,Moderate,Critical
2026-08-08 02:45:00,industrial-area,45,55.7,107,30.3,1.5,0.9,0.41,2,5,Low,Low
2026-08-08 02:45:00,city-hospital,33,55.4,64,25.6,5.1,3.5,0.6,2,5,Low,Low
2026-08-08 02:45:00,residential-zone,63,49.9,98,26.9,2.0,1.3,0.67,2,5,Moderate,Low
2026-08-08 02:45:00,river-zone,29,42.4,62,22.1,105.0,70.7,4.42,2,5,Low,Critical
2026-08-08 02:45:00,bus-terminal,53,54.2,64,24.4,3.2,1.7,0.5,2,5,Low,Low
2026-08-08 03:00:00,central-junction,55,52.1,49,35.0,2.0,0.8,0.67,3,5,Low,Low
2026-08-08 03:00:00,railway-station,54,54.9,61,28.1,5.3,2.6,0.68,3,5,Low,Low
2026-08-08 03:00:00,airport-road,55,53.2,51,32.2,3.3,2.3,0.62,3,5,Low,Low
2026-08-08 03:00:00,industrial-area,28,55.2,78,29.1,6.5,5.4,0.56,3,5,Low,Low
2026-08-08 03:00:00,city-hospital,30,42.9,56,18.6,98.2,72.0,3.85,3,5,Low,Critical
2026-08-08 03:00:00,residential-zone,39,48.9,44,22.0,41.6,31.0,1.78,3,5,Low,High
2026-08-08 03:00:00,river-zone,51,52.3,90,23.2,3.0,1.6,0.95,3,5,Low,Low
2026-08-08 03:00:00,bus-terminal,34,53.7,40,28.6,7.0,4.5,0.82,3,5,Low,Low
2026-08-08 03:15:00,central-junction,23,60.5,71,28.9,0.0,0.0,0.37,3,5,Low,Low
2026-08-08 03:15:00,railway-station,58,52.4,64,24.0,4.1,3.6,0.58,3,5,Low,Low
2026-08-08 03:15:00,airport-road,48,53.1,91,26.5,1.3,1.0,0.38,3,5,Low,Low
2026-08-08 03:15:00,industrial-area,49,34.3,95,24.8,124.0,66.6,4.68,3,5,Moderate,Critical
2026-08-08 03:15:00,city-hospital,37,54.6,64,32.1,4.8,4.0,0.51,3,5,Low,Low
2026-08-08 03:15:00,residential-zone,31,57.3,82,33.2,1.4,0.9,0.6,3,5,Low,Low
2026-08-08 03:15:00,river-zone,44,42.1,77,25.1,86.1,37.5,3.86,3,5,Low,Critical
2026-08-08 03:15:00,bus-terminal,43,44.5,42,27.0,89.6,59.6,3.46,3,5,Low,Critical
2026-08-08 03:30:00,central-junction,38,56.9,71,23.2,3.6,2.5,0.44,3,5,Low,Low
2026-08-08 03:30:00,railway-station,48,52.5,69,23.2,4.4,3.8,0.55,3,5,Low,Low
2026-08-08 03:30:00,airport-road,36,55.1,75,26.4,5.6,3.8,0.68,3,5,Low,Low
2026-08-08 03:30:00,industrial-area,24,47.5,73,29.1,80.4,68.9,3.4,3,5,Low,Critical
2026-08-08 03:30:00,city-hospital,54,52.9,92,23.0,0.2,0.1,0.49,3,5,Low,Low
2026-08-08 03:30:00,residential-zone,40,47.0,80,28.1,74.5,33.4,2.92,3,5,Low,Critical
2026-08-08 03:30:00,river-zone,28,59.1,65,25.3,5.7,4.5,0.87,3,5,Low,Low
2026-08-08 03:30:00,bus-terminal,55,54.7,82,32.4,4.1,1.8,0.52,3,5,Low,Low
2026-08-08 03:45:00,central-junction,71,49.9,91,34.2,3.0,1.9,0.48,3,5,Moderate,Low
2026-08-08 03:45:00,railway-station,37,53.1,57,24.1,5.5,4.8,0.5,3,5,Low,Low
2026-08-08 03:45:00,airport-road,27,58.3,66,22.8,7.8,3.8,0.6,3,5,Low,Low
2026-08-08 03:45:00,industrial-area,50,51.9,111,26.2,1.7,1.3,0.54,3,5,Low,Low
2026-08-08 03:45:00,city-hospital,25,57.9,80,23.9,3.0,2.1,0.67,3,5,Low,Low
2026-08-08 03:45:00,residential-zone,48,54.1,51,26.0,5.3,2.4,0.6,3,5,Low,Low
2026-08-08 03:45:00,river-zone,27,59.7,42,28.3,8.2,3.7,1.14,3,5,Low,Moderate
2026-08-08 03:45:00,bus-terminal,76,47.7,61,31.0,7.7,5.0,0.8,3,5,Moderate,Low
2026-08-08 04:00:00,central-junction,50,54.7,65,31.6,4.4,3.5,0.71,4,5,Low,Low
2026-08-08 04:00:00,railway-station,70,48.1,63,30.3,2.9,1.4,0.68,4,5,Moderate,Low
2026-08-08 04:00:00,airport-road,30,57.4,59,22.9,5.3,4.0,0.61,4,5,Low,Low
2026-08-08 04:00:00,industrial-area,24,57.9,67,30.2,2.0,1.1,0.38,4,5,Low,Low
2026-08-08 04:00:00,city-hospital,42,56.7,68,25.5,3.2,1.5,0.7,4,5,Low,Low
2026-08-08 04:00:00,residential-zone,24,58.2,72,23.4,1.5,1.1,0.52,4,5,Low,Low
2026-08-08 04:00:00,river-zone,29,57.5,62,35.0,8.9,3.6,1.04,4,5,Low,Low
2026-08-08 04:00:00,bus-terminal,57,49.3,70,22.9,8.8,7.8,0.89,4,5,Low,Low
2026-08-08 04:15:00,central-junction,57,50.3,87,22.7,7.6,3.2,0.73,4,5,Low,Low
2026-08-08 04:15:00,railway-station,37,55.5,44,26.6,9.1,4.5,0.8,4,5,Low,Low
2026-08-08 04:15:00,airport-road,24,57.7,75,31.6,2.4,1.6,0.61,4,5,Low,Low
2026-08-08 04:15:00,industrial-area,32,60.8,64,22.5,0.8,0.6,0.35,4,5,Low,Low
2026-08-08 04:15:00,city-hospital,51,53.1,71,28.8,6.9,4.8,0.67,4,5,Low,Low
2026-08-08 04:15:00,residential-zone,24,60.5,47,24.2,7.5,6.7,0.74,4,5,Low,Low
2026-08-08 04:15:00,river-zone,39,48.0,75,27.8,73.3,57.8,3.22,4,5,Low,Critical
2026-08-08 04:15:00,bus-terminal,62,46.7,86,30.5,45.9,18.8,2.07,4,5,Moderate,High
2026-08-08 04:30:00,central-junction,36,57.6,57,35.0,7.9,7.0,0.84,4,5,Low,Low
2026-08-08 04:30:00,railway-station,32,58.2,73,31.5,8.1,6.1,0.64,4,5,Low,Low
2026-08-08 04:30:00,airport-road,32,57.5,49,24.0,1.5,0.7,0.65,4,5,Low,Low
2026-08-08 04:30:00,industrial-area,23,59.6,103,27.3,9.6,8.5,0.64,4,5,Low,Low
2026-08-08 04:30:00,city-hospital,38,53.4,53,26.3,6.0,4.1,0.71,4,5,Low,Low
2026-08-08 04:30:00,residential-zone,37,58.2,65,29.8,3.8,3.4,0.61,4,5,Low,Low
2026-08-08 04:30:00,river-zone,34,58.1,51,27.3,4.7,2.0,0.91,4,5,Low,Low
2026-08-08 04:30:00,bus-terminal,59,46.2,88,26.3,52.4,21.3,2.42,4,5,Moderate,High
2026-08-08 04:45:00,central-junction,48,55.5,51,27.7,0.7,0.5,0.6,4,5,Low,Low
2026-08-08 04:45:00,railway-station,42,55.0,72,24.4,0.8,0.3,0.59,4,5,Low,Low
2026-08-08 04:45:00,airport-road,21,56.4,81,22.1,7.3,4.3,0.8,4,5,Low,Low
2026-08-08 04:45:00,industrial-area,32,55.4,69,23.5,6.4,5.4,0.78,4,5,Low,Low
2026-08-08 04:45:00,city-hospital,55,52.3,77,27.3,4.6,1.9,0.69,4,5,Low,Low
2026-08-08 04:45:00,residential-zone,28,55.9,73,32.0,1.1,0.8,0.46,4,5,Low,Low
2026-08-08 04:45:00,river-zone,43,56.6,85,33.6,9.1,6.7,1.12,4,5,Low,Moderate
2026-08-08 04:45:00,bus-terminal,51,54.5,78,24.0,9.2,4.5,0.92,4,5,Low,Low
2026-08-08 05:00:00,central-junction,61,50.5,54,33.2,7.9,4.5,0.72,5,5,Low,Low
2026-08-08 05:00:00,railway-station,49,52.3,86,32.3,2.6,2.0,0.47,5,5,Low,Low
2026-08-08 05:00:00,airport-road,38,58.3,48,32.5,3.5,1.9,0.6,5,5,Low,Low
2026-08-08 05:00:00,industrial-area,54,52.9,114,24.4,9.2,7.4,0.89,5,5,Low,Low
2026-08-08 05:00:00,city-hospital,31,56.2,59,24.3,8.4,6.7,0.83,5,5,Low,Low
2026-08-08 05:00:00,residential-zone,61,53.5,88,27.7,1.1,0.8,0.34,5,5,Low,Low
2026-08-08 05:00:00,river-zone,39,56.2,54,32.5,7.1,6.3,0.97,5,5,Low,Low
2026-08-08 05:00:00,bus-terminal,44,55.8,49,23.5,8.6,4.4,0.68,5,5,Low,Low
2026-08-08 05:15:00,central-junction,39,56.0,78,28.3,2.8,1.5,0.65,5,5,Low,Low
2026-08-08 05:15:00,railway-station,58,51.8,86,25.5,0.8,0.5,0.45,5,5,Low,Low
2026-08-08 05:15:00,airport-road,38,57.4,79,34.4,9.7,4.4,0.76,5,5,Low,Low
2026-08-08 05:15:00,industrial-area,36,55.8,64,26.7,2.7,2.1,0.67,5,5,Low,Low
2026-08-08 05:15:00,city-hospital,26,59.8,74,25.7,0.8,0.3,0.57,5,5,Low,Low
2026-08-08 05:15:00,residential-zone,43,51.9,85,22.3,7.0,4.7,0.81,5,5,Low,Low
2026-08-08 05:15:00,river-zone,35,59.0,56,31.6,6.0,3.0,0.99,5,5,Low,Low
2026-08-08 05:15:00,bus-terminal,73,50.0,64,30.5,1.0,0.9,0.34,5,5,Moderate,Low
2026-08-08 05:30:00,central-junction,24,60.5,54,30.4,0.2,0.1,0.35,5,5,Low,Low
2026-08-08 05:30:00,railway-station,53,50.7,48,30.5,7.7,5.7,0.8,5,5,Low,Low
2026-08-08 05:30:00,airport-road,17,59.2,70,28.5,2.6,1.8,0.58,5,5,Low,Low
2026-08-08 05:30:00,industrial-area,42,55.5,99,26.9,6.5,5.3,0.71,5,5,Low,Low
2026-08-08 05:30:00,city-hospital,35,56.1,80,32.8,5.4,2.6,0.58,5,5,Low,Low
2026-08-08 05:30:00,residential-zone,29,50.9,63,29.2,35.8,15.5,1.82,5,5,Low,High
2026-08-08 05:30:00,river-zone,17,48.8,58,23.6,85.6,39.9,3.72,5,5,Low,Critical
2026-08-08 05:30:00,bus-terminal,74,50.0,95,29.2,6.0,4.6,0.72,5,5,Moderate,Low
2026-08-08 05:45:00,central-junction,62,40.7,63,19.5,74.9,33.3,3.12,5,5,Moderate,Critical
2026-08-08 05:45:00,railway-station,83,47.3,72,26.8,9.3,7.2,0.71,5,5,Moderate,Low
2026-08-08 05:45:00,airport-road,40,53.9,88,32.3,6.0,5.1,0.58,5,5,Low,Low
2026-08-08 05:45:00,industrial-area,26,59.5,87,29.7,1.1,0.5,0.43,5,5,Low,Low
2026-08-08 05:45:00,city-hospital,34,59.7,60,22.2,4.3,3.7,0.5,5,5,Low,Low
2026-08-08 05:45:00,residential-zone,43,55.8,68,34.4,2.5,1.8,0.39,5,5,Low,Low
2026-08-08 05:45:00,river-zone,22,58.2,81,25.5,3.6,2.3,1.07,5,5,Low,Low
2026-08-08 05:45:00,bus-terminal,40,56.6,67,29.2,9.0,4.1,0.89,5,5,Low,Low
2026-08-08 06:00:00,central-junction,49,51.4,59,25.8,0.3,0.2,0.49,6,5,Low,Low
2026-08-08 06:00:00,railway-station,31,58.4,52,29.3,1.0,0.8,0.36,6,5,Low,Low
2026-08-08 06:00:00,airport-road,37,56.2,59,33.4,3.3,2.1,0.71,6,5,Low,Low
2026-08-08 06:00:00,industrial-area,35,58.0,107,34.2,1.1,0.6,0.36,6,5,Low,Low
2026-08-08 06:00:00,city-hospital,27,58.0,68,33.3,7.4,3.3,0.84,6,5,Low,Low
2026-08-08 06:00:00,residential-zone,37,57.0,52,24.0,0.1,0.1,0.52,6,5,Low,Low
2026-08-08 06:00:00,river-zone,35,58.2,50,32.5,9.5,8.4,1.07,6,5,Low,Moderate
2026-08-08 06:00:00,bus-terminal,58,46.1,71,26.8,60.6,41.1,2.46,6,5,Moderate,Critical
2026-08-08 06:15:00,central-junction,44,52.5,77,23.2,7.3,6.3,0.65,6,5,Low,Low
2026-08-08 06:15:00,railway-station,88,30.2,78,28.8,85.8,48.0,3.57,6,5,Moderate,Critical
2026-08-08 06:15:00,airport-road,37,47.6,69,16.3,75.1,32.0,3.09,6,5,Low,Critical
2026-08-08 06:15:00,industrial-area,42,53.7,87,28.3,7.1,3.1,0.59,6,5,Low,Low
2026-08-08 06:15:00,city-hospital,29,60.5,58,24.0,6.0,4.9,0.73,6,5,Low,Low
2026-08-08 06:15:00,residential-zone,25,58.7,67,27.3,9.2,7.1,0.81,6,5,Low,Low
2026-08-08 06:15:00,river-zone,32,52.8,49,20.5,30.4,22.6,1.78,6,5,Low,High
2026-08-08 06:15:00,bus-terminal,55,50.5,75,22.0,1.2,1.0,0.56,6,5,Low,Low
2026-08-08 06:30:00,central-junction,65,50.9,87,22.4,7.4,3.9,0.86,6,5,Moderate,Low
2026-08-08 06:30:00,railway-station,66,50.9,66,28.7,8.0,5.8,0.7,6,5,Moderate,Low
2026-08-08 06:30:00,airport-road,29,56.1,73,33.5,9.8,7.4,0.8,6,5,Low,Low
2026-08-08 06:30:00,industrial-area,20,60.1,107,28.5,2.6,1.7,0.51,6,5,Low,Low
2026-08-08 06:30:00,city-hospital,57,52.1,68,23.9,9.5,7.6,0.79,6,5,Low,Low
2026-08-08 06:30:00,residential-zone,36,49.8,66,22.5,59.7,38.4,2.55,6,5,Low,Critical
2026-08-08 06:30:00,river-zone,26,59.5,58,22.7,3.1,1.3,0.91,6,5,Low,Low
2026-08-08 06:30:00,bus-terminal,53,51.4,87,33.8,8.7,6.8,0.88,6,5,Low,Low
2026-08-08 06:45:00,central-junction,41,45.6,39,16.4,71.9,63.3,3.04,6,5,Low,Critical
2026-08-08 06:45:00,railway-station,52,42.1,66,21.5,82.2,68.1,3.28,6,5,Moderate,Critical
2026-08-08 06:45:00,airport-road,28,60.0,49,30.8,1.2,0.6,0.36,6,5,Low,Low
2026-08-08 06:45:00,industrial-area,33,46.1,94,27.5,65.4,35.6,2.66,6,5,Low,Critical
2026-08-08 06:45:00,city-hospital,47,53.7,64,35.1,1.2,0.8,0.55,6,5,Low,Low
2026-08-08 06:45:00,residential-zone,56,50.6,75,32.1,1.0,0.6,0.39,6,5,Low,Low
2026-08-08 06:45:00,river-zone,32,56.5,42,22.7,2.2,1.4,1.02,6,5,Low,Low
2026-08-08 06:45:00,bus-terminal,53,51.8,64,31.6,9.0,4.1,0.75,6,5,Low,Low
2026-08-08 07:00:00,central-junction,45,53.5,81,27.6,9.5,5.2,0.78,7,5,Low,Low
2026-08-08 07:00:00,railway-station,35,52.4,56,27.8,20.2,16.0,1.28,7,5,Low,Moderate
2026-08-08 07:00:00,airport-road,32,57.0,70,29.1,7.0,4.0,0.69,7,5,Low,Low
2026-08-08 07:00:00,industrial-area,30,48.4,57,17.3,75.2,57.2,3.16,7,5,Low,Critical
2026-08-08 07:00:00,city-hospital,33,55.2,41,34.5,1.2,0.8,0.61,7,5,Low,Low
2026-08-08 07:00:00,residential-zone,53,49.5,50,34.2,5.8,4.2,0.77,7,5,Low,Low
2026-08-08 07:00:00,river-zone,46,53.7,60,33.1,4.5,2.9,0.84,7,5,Low,Low
2026-08-08 07:00:00,bus-terminal,52,53.2,58,34.8,0.5,0.4,0.55,7,5,Low,Low
2026-08-08 07:15:00,central-junction,50,51.1,50,26.9,5.4,3.9,0.63,7,5,Low,Low
2026-08-08 07:15:00,railway-station,32,50.1,52,29.2,68.0,54.7,2.91,7,5,Low,Critical
2026-08-08 07:15:00,airport-road,37,45.2,35,28.8,70.0,53.4,2.89,7,5,Low,Critical
2026-08-08 07:15:00,industrial-area,52,45.1,108,27.7,49.0,35.5,2.22,7,5,Moderate,High
2026-08-08 07:15:00,city-hospital,38,54.8,78,29.9,2.2,1.6,0.61,7,5,Low,Low
2026-08-08 07:15:00,residential-zone,45,53.3,88,28.7,3.2,2.0,0.67,7,5,Low,Low
2026-08-08 07:15:00,river-zone,56,49.2,67,26.2,3.7,2.7,0.98,7,5,Low,Low
2026-08-08 07:15:00,bus-terminal,40,43.0,54,20.2,69.8,41.3,2.77,7,5,Low,Critical
2026-08-08 07:30:00,central-junction,64,49.5,74,26.5,0.1,0.1,0.46,7,5,Moderate,Low
2026-08-08 07:30:00,railway-station,38,56.0,44,27.9,2.0,1.6,0.51,7,5,Low,Low
2026-08-08 07:30:00,airport-road,31,58.8,70,32.8,7.2,5.8,0.59,7,5,Low,Low
2026-08-08 07:30:00,industrial-area,68,32.7,90,23.0,106.6,78.1,4.1,7,5,Moderate,Critical
2026-08-08 07:30:00,city-hospital,43,55.0,83,33.6,8.2,3.8,0.84,7,5,Low,Low
2026-08-08 07:30:00,residential-zone,49,53.6,85,30.8,7.8,6.4,0.61,7,5,Low,Low
2026-08-08 07:30:00,river-zone,44,55.0,76,34.0,4.5,3.5,0.98,7,5,Low,Low
2026-08-08 07:30:00,bus-terminal,33,50.4,57,29.6,32.6,15.4,1.64,7,5,Low,Moderate
2026-08-08 07:45:00,central-junction,50,55.1,53,25.0,8.5,3.5,0.82,7,5,Low,Low
2026-08-08 07:45:00,railway-station,76,50.7,93,24.3,3.5,3.1,0.52,7,5,Moderate,Low
2026-08-08 07:45:00,airport-road,47,53.7,80,33.5,23.7,11.6,1.3,7,5,Low,Moderate
2026-08-08 07:45:00,industrial-area,37,55.0,115,24.7,3.6,1.4,0.69,7,5,Low,Low
2026-08-08 07:45:00,city-hospital,57,53.6,77,28.8,10.0,6.7,0.82,7,5,Low,Low
2026-08-08 07:45:00,residential-zone,36,59.8,59,32.7,0.8,0.3,0.46,7,5,Low,Low
2026-08-08 07:45:00,river-zone,18,43.5,60,27.1,96.8,43.9,4.32,7,5,Low,Critical
2026-08-08 07:45:00,bus-terminal,46,54.4,79,32.4,6.9,2.8,0.75,7,5,Low,Low
2026-08-08 08:00:00,central-junction,27,57.7,71,30.7,7.0,3.8,0.58,8,5,Low,Low
2026-08-08 08:00:00,railway-station,43,49.5,45,22.5,37.9,31.2,1.7,8,5,Low,High
2026-08-08 08:00:00,airport-road,37,45.1,57,16.0,87.7,61.8,3.54,8,5,Low,Critical
2026-08-08 08:00:00,industrial-area,41,53.5,55,23.2,1.4,0.6,0.44,8,5,Low,Low
2026-08-08 08:00:00,city-hospital,20,59.4,51,24.7,3.9,2.9,0.56,8,5,Low,Low
2026-08-08 08:00:00,residential-zone,30,60.5,86,23.6,1.5,1.2,0.4,8,5,Low,Low
2026-08-08 08:00:00,river-zone,37,52.9,67,34.9,6.7,3.6,1.09,8,5,Low,Low
2026-08-08 08:00:00,bus-terminal,31,57.6,68,32.2,3.6,2.9,0.7,8,5,Low,Low
2026-08-08 08:15:00,central-junction,53,42.1,43,22.1,83.6,47.9,3.5,8,5,Moderate,Critical
2026-08-08 08:15:00,railway-station,45,53.3,48,26.8,8.8,6.2,0.77,8,5,Low,Low
2026-08-08 08:15:00,airport-road,38,59.0,52,33.5,1.0,0.7,0.55,8,5,Low,Low
2026-08-08 08:15:00,industrial-area,39,54.3,103,23.5,9.3,3.8,0.91,8,5,Low,Low
2026-08-08 08:15:00,city-hospital,45,55.7,52,25.0,9.3,5.6,0.85,8,5,Low,Low
2026-08-08 08:15:00,residential-zone,43,54.1,71,22.1,2.2,1.5,0.59,8,5,Low,Low
2026-08-08 08:15:00,river-zone,52,54.5,80,23.0,2.3,1.9,0.87,8,5,Low,Low
2026-08-08 08:15:00,bus-terminal,38,54.8,55,29.0,1.8,1.3,0.47,8,5,Low,Low
2026-08-08 08:30:00,central-junction,51,54.1,67,26.1,4.5,3.6,0.57,8,5,Low,Low
2026-08-08 08:30:00,railway-station,59,53.2,49,24.5,8.3,4.2,0.71,8,5,Low,Low
2026-08-08 08:30:00,airport-road,34,41.6,32,17.1,124.1,89.7,4.72,8,5,Low,Critical
2026-08-08 08:30:00,industrial-area,36,57.8,63,31.5,4.2,2.8,0.73,8,5,Low,Low
2026-08-08 08:30:00,city-hospital,20,62.2,42,31.3,0.1,0.0,0.31,8,5,Low,Low
2026-08-08 08:30:00,residential-zone,31,57.5,73,34.8,5.0,3.4,0.73,8,5,Low,Low
2026-08-08 08:30:00,river-zone,60,52.6,53,33.0,7.6,6.8,0.93,8,5,Low,Low
2026-08-08 08:30:00,bus-terminal,28,59.0,61,24.0,2.3,1.5,0.46,8,5,Low,Low
2026-08-08 08:45:00,central-junction,54,52.9,64,23.0,9.1,6.0,0.77,8,5,Low,Low
2026-08-08 08:45:00,railway-station,44,55.3,78,31.3,1.1,0.7,0.48,8,5,Low,Low
2026-08-08 08:45:00,airport-road,48,53.7,85,31.9,7.6,3.7,0.64,8,5,Low,Low
2026-08-08 08:45:00,industrial-area,42,53.0,83,34.7,6.0,4.8,0.57,8,5,Low,Low
2026-08-08 08:45:00,city-hospital,26,60.9,43,26.3,1.6,1.3,0.58,8,5,Low,Low
2026-08-08 08:45:00,residential-zone,50,54.4,56,31.9,6.9,5.5,0.59,8,5,Low,Low
2026-08-08 08:45:00,river-zone,65,49.1,55,23.3,2.3,1.5,0.86,8,5,Moderate,Low
2026-08-08 08:45:00,bus-terminal,34,57.1,64,32.9,21.2,18.2,1.18,8,5,Low,Moderate
2026-08-08 09:00:00,central-junction,66,50.5,75,34.9,6.6,4.8,0.68,9,5,Moderate,Low
2026-08-08 09:00:00,railway-station,42,44.1,61,26.6,67.3,32.2,2.75,9,5,Low,Critical
2026-08-08 09:00:00,airport-road,60,54.1,70,30.9,2.1,1.5,0.51,9,5,Low,Low
2026-08-08 09:00:00,industrial-area,36,46.4,97,17.8,55.7,48.4,2.35,9,5,Low,Critical
2026-08-08 09:00:00,city-hospital,58,52.7,55,22.2,8.0,5.1,0.84,9,5,Low,Low
2026-08-08 09:00:00,residential-zone,32,58.2,47,31.3,5.4,2.2,0.58,9,5,Low,Low
2026-08-08 09:00:00,river-zone,28,53.7,57,19.9,35.6,18.6,2.18,9,5,Low,High
2026-08-08 09:00:00,bus-terminal,71,47.6,87,29.3,4.6,3.3,0.59,9,5,Moderate,Low
2026-08-08 09:15:00,central-junction,49,54.0,45,30.4,4.8,3.4,0.6,9,5,Low,Low
2026-08-08 09:15:00,railway-station,39,57.1,65,26.9,2.6,1.1,0.56,9,5,Low,Low
2026-08-08 09:15:00,airport-road,57,53.4,93,24.4,8.8,5.7,0.67,9,5,Low,Low
2026-08-08 09:15:00,industrial-area,36,57.5,99,21.6,8.3,3.7,0.69,9,5,Low,Low
2026-08-08 09:15:00,city-hospital,46,47.7,56,29.4,57.3,23.7,2.35,9,5,Low,High
2026-08-08 09:15:00,residential-zone,31,51.6,52,29.3,53.7,33.1,2.46,9,5,Low,Critical
2026-08-08 09:15:00,river-zone,26,51.6,79,19.9,49.9,39.4,2.48,9,5,Low,Critical
2026-08-08 09:15:00,bus-terminal,47,32.7,38,22.4,130.9,103.7,4.9,9,5,Moderate,Critical
2026-08-08 09:30:00,central-junction,46,52.3,65,33.8,1.8,1.3,0.58,9,5,Low,Low
2026-08-08 09:30:00,railway-station,29,47.0,45,27.4,68.5,59.9,2.83,9,5,Low,Critical
2026-08-08 09:30:00,airport-road,65,52.0,70,35.1,3.2,1.9,0.5,9,5,Moderate,Low
2026-08-08 09:30:00,industrial-area,63,50.2,126,23.0,0.7,0.6,0.34,9,5,Moderate,Low
2026-08-08 09:30:00,city-hospital,47,53.7,87,34.4,9.6,7.7,0.72,9,5,Low,Low
2026-08-08 09:30:00,residential-zone,25,61.6,38,31.2,1.2,0.8,0.35,9,5,Low,Low
2026-08-08 09:30:00,river-zone,32,54.7,70,20.1,32.9,24.2,2.08,9,5,Low,High
2026-08-08 09:30:00,bus-terminal,44,55.6,49,23.8,5.6,4.0,0.62,9,5,Low,Low
2026-08-08 09:45:00,central-junction,53,51.9,82,30.6,1.8,0.9,0.47,9,5,Low,Low
2026-08-08 09:45:00,railway-station,39,57.5,71,24.5,5.5,3.2,0.74,9,5,Low,Low
2026-08-08 09:45:00,airport-road,36,46.7,64,28.2,66.0,39.3,2.74,9,5,Low,Critical
2026-08-08 09:45:00,industrial-area,37,46.0,98,28.7,68.9,52.5,2.86,9,5,Low,Critical
2026-08-08 09:45:00,city-hospital,42,52.8,78,34.7,8.5,5.2,0.6,9,5,Low,Low
2026-08-08 09:45:00,residential-zone,51,52.7,84,24.6,2.2,1.0,0.55,9,5,Low,Low
2026-08-08 09:45:00,river-zone,30,55.6,41,27.1,5.4,3.7,1.07,9,5,Low,Low
2026-08-08 09:45:00,bus-terminal,80,48.5,90,32.5,9.6,4.9,0.88,9,5,Moderate,Low
2026-08-08 10:00:00,central-junction,70,50.4,68,32.7,1.2,0.7,0.54,10,5,Moderate,Low
2026-08-08 10:00:00,railway-station,67,48.8,70,33.7,0.3,0.3,0.53,10,5,Moderate,Low
2026-08-08 10:00:00,airport-road,48,52.7,61,33.7,1.8,1.2,0.4,10,5,Low,Low
2026-08-08 10:00:00,industrial-area,39,53.5,106,25.6,4.5,2.5,0.57,10,5,Low,Low
2026-08-08 10:00:00,city-hospital,43,34.7,75,19.0,126.8,86.2,4.92,10,5,Moderate,Critical
2026-08-08 10:00:00,residential-zone,25,57.7,64,21.8,5.0,3.4,0.73,10,5,Low,Low
2026-08-08 10:00:00,river-zone,18,59.9,45,22.1,4.9,3.1,1.01,10,5,Low,Low
2026-08-08 10:00:00,bus-terminal,60,49.7,82,25.9,2.2,1.9,0.4,10,5,Low,Low
2026-08-08 10:15:00,central-junction,66,50.6,52,22.3,1.0,0.9,0.46,10,5,Moderate,Low
2026-08-08 10:15:00,railway-station,46,54.3,55,32.2,2.8,1.2,0.47,10,5,Low,Low
2026-08-08 10:15:00,airport-road,41,54.3,64,29.9,6.3,5.0,0.58,10,5,Low,Low
2026-08-08 10:15:00,industrial-area,34,57.8,85,23.0,3.1,1.4,0.48,10,5,Low,Low
2026-08-08 10:15:00,city-hospital,42,54.2,64,29.1,6.5,4.6,0.59,10,5,Low,Low
2026-08-08 10:15:00,residential-zone,45,52.7,78,32.0,6.4,5.2,0.57,10,5,Low,Low
2026-08-08 10:15:00,river-zone,48,53.4,57,31.8,5.5,4.4,0.89,10,5,Low,Low
2026-08-08 10:15:00,bus-terminal,44,53.6,80,28.7,9.2,7.5,0.69,10,5,Low,Low
2026-08-08 10:30:00,central-junction,34,56.5,65,29.3,8.1,4.3,0.83,10,5,Low,Low
2026-08-08 10:30:00,railway-station,61,47.6,71,28.8,6.9,4.9,0.61,10,5,Moderate,Low
2026-08-08 10:30:00,airport-road,21,60.1,64,32.8,2.3,1.4,0.5,10,5,Low,Low
2026-08-08 10:30:00,industrial-area,47,54.9,114,30.4,1.6,1.3,0.57,10,5,Low,Low
2026-08-08 10:30:00,city-hospital,58,39.2,76,26.6,83.7,72.7,3.48,10,5,Moderate,Critical
2026-08-08 10:30:00,residential-zone,20,61.9,68,26.0,1.6,1.0,0.42,10,5,Low,Low
2026-08-08 10:30:00,river-zone,46,41.5,74,20.7,77.4,32.2,3.62,10,5,Low,Critical
2026-08-08 10:30:00,bus-terminal,87,30.4,79,26.3,90.0,41.0,3.63,10,5,Moderate,Critical
2026-08-08 10:45:00,central-junction,54,44.7,79,21.5,48.2,33.2,2.15,10,5,Moderate,High
2026-08-08 10:45:00,railway-station,44,56.9,80,32.7,8.1,4.5,0.78,10,5,Low,Low
2026-08-08 10:45:00,airport-road,55,51.3,81,31.4,7.2,2.9,0.7,10,5,Low,Low
2026-08-08 10:45:00,industrial-area,27,55.2,86,31.0,8.5,4.6,0.76,10,5,Low,Low
2026-08-08 10:45:00,city-hospital,54,54.3,46,28.6,8.2,7.2,0.65,10,5,Low,Low
2026-08-08 10:45:00,residential-zone,19,57.1,36,21.6,25.2,11.8,1.38,10,5,Low,Moderate
2026-08-08 10:45:00,river-zone,33,57.4,53,26.7,4.5,3.8,0.82,10,5,Low,Low
2026-08-08 10:45:00,bus-terminal,67,51.2,89,22.1,5.3,4.1,0.72,10,5,Moderate,Low
2026-08-08 11:00:00,central-junction,70,47.0,93,21.9,1.4,1.0,0.62,11,5,Moderate,Low
2026-08-08 11:00:00,railway-station,66,48.3,79,29.3,0.9,0.6,0.38,11,5,Moderate,Low
2026-08-08 11:00:00,airport-road,31,56.5,74,27.8,1.5,0.7,0.53,11,5,Low,Low
2026-08-08 11:00:00,industrial-area,20,57.7,96,23.0,21.0,14.2,1.12,11,5,Low,Moderate
2026-08-08 11:00:00,city-hospital,41,54.7,72,30.3,6.3,2.6,0.54,11,5,Low,Low
2026-08-08 11:00:00,residential-zone,63,49.1,75,22.3,8.2,6.2,0.82,11,5,Moderate,Low
2026-08-08 11:00:00,river-zone,27,57.9,70,33.7,2.0,1.1,0.84,11,5,Low,Low
2026-08-08 11:00:00,bus-terminal,48,52.7,83,31.2,6.2,4.4,0.74,11,5,Low,Low
2026-08-08 11:15:00,central-junction,36,53.3,71,23.7,9.9,5.6,0.9,11,5,Low,Low
2026-08-08 11:15:00,railway-station,51,51.8,84,26.1,5.9,4.9,0.54,11,5,Low,Low
2026-08-08 11:15:00,airport-road,51,35.1,47,14.5,130.8,91.4,4.98,11,5,Moderate,Critical
2026-08-08 11:15:00,industrial-area,23,59.9,64,22.1,2.8,1.4,0.46,11,5,Low,Low
2026-08-08 11:15:00,city-hospital,44,54.9,66,33.5,3.1,1.9,0.53,11,5,Low,Low
2026-08-08 11:15:00,residential-zone,45,51.1,84,31.0,6.8,4.9,0.75,11,5,Low,Low
2026-08-08 11:15:00,river-zone,28,57.6,72,35.5,5.6,4.3,0.86,11,5,Low,Low
2026-08-08 11:15:00,bus-terminal,29,57.3,69,31.8,4.7,2.4,0.72,11,5,Low,Low
2026-08-08 11:30:00,central-junction,51,54.6,80,29.1,4.2,2.5,0.48,11,5,Low,Low
2026-08-08 11:30:00,railway-station,37,54.9,77,34.3,1.7,0.9,0.45,11,5,Low,Low
2026-08-08 11:30:00,airport-road,27,58.6,54,24.8,2.1,1.2,0.65,11,5,Low,Low
2026-08-08 11:30:00,industrial-area,29,54.8,103,31.9,8.3,6.7,0.59,11,5,Low,Low
2026-08-08 11:30:00,city-hospital,20,60.3,40,28.3,5.9,2.9,0.77,11,5,Low,Low
2026-08-08 11:30:00,residential-zone,30,59.9,75,34.9,9.3,5.1,0.87,11,5,Low,Low
2026-08-08 11:30:00,river-zone,29,59.1,53,26.2,5.5,4.8,1.04,11,5,Low,Low
2026-08-08 11:30:00,bus-terminal,45,51.6,65,24.4,7.9,7.0,0.75,11,5,Low,Low
2026-08-08 11:45:00,central-junction,37,43.4,39,23.7,77.1,57.9,3.22,11,5,Low,Critical
2026-08-08 11:45:00,railway-station,32,54.0,68,22.0,24.0,15.3,1.25,11,5,Low,Moderate
2026-08-08 11:45:00,airport-road,31,56.5,85,27.3,9.9,5.4,0.84,11,5,Low,Low
2026-08-08 11:45:00,industrial-area,31,56.6,94,30.3,3.9,3.0,0.61,11,5,Low,Low
2026-08-08 11:45:00,city-hospital,50,45.6,74,26.8,43.3,30.9,2.05,11,5,Low,High
2026-08-08 11:45:00,residential-zone,43,54.2,71,24.0,6.0,4.8,0.59,11,5,Low,Low
2026-08-08 11:45:00,river-zone,45,47.8,50,27.0,60.5,36.0,2.78,11,5,Low,Critical
2026-08-08 11:45:00,bus-terminal,35,53.7,53,34.6,7.0,4.4,0.67,11,5,Low,Low
2026-08-08 12:00:00,central-junction,39,56.3,54,25.2,4.8,3.3,0.52,12,5,Low,Low
2026-08-08 12:00:00,railway-station,55,54.0,58,32.0,3.2,1.7,0.57,12,5,Low,Low
2026-08-08 12:00:00,airport-road,35,57.8,68,29.9,5.1,2.4,0.59,12,5,Low,Low
2026-08-08 12:00:00,industrial-area,33,59.8,94,35.1,3.0,1.9,0.68,12,5,Low,Low
2026-08-08 12:00:00,city-hospital,33,44.0,53,13.8,102.4,76.1,3.9,12,5,Low,Critical
2026-08-08 12:00:00,residential-zone,39,57.6,56,22.8,0.6,0.4,0.47,12,5,Low,Low
2026-08-08 12:00:00,river-zone,39,54.1,65,34.4,6.7,5.5,1.07,12,5,Low,Low
2026-08-08 12:00:00,bus-terminal,52,40.8,70,15.5,89.8,46.0,3.62,12,5,Moderate,Critical
2026-08-08 12:15:00,central-junction,84,45.6,91,34.6,5.4,4.8,0.7,12,5,Moderate,Low
2026-08-08 12:15:00,railway-station,29,53.6,51,25.5,33.0,14.7,1.48,12,5,Low,Moderate
2026-08-08 12:15:00,airport-road,60,51.4,71,26.2,1.3,0.8,0.61,12,5,Low,Low
2026-08-08 12:15:00,industrial-area,29,60.7,97,22.1,1.7,1.2,0.39,12,5,Low,Low
2026-08-08 12:15:00,city-hospital,34,57.7,79,34.0,7.6,5.6,0.85,12,5,Low,Low
2026-08-08 12:15:00,residential-zone,56,53.6,70,31.2,5.8,4.2,0.67,12,5,Low,Low
2026-08-08 12:15:00,river-zone,36,59.7,65,30.4,0.4,0.3,0.73,12,5,Low,Low
2026-08-08 12:15:00,bus-terminal,63,49.6,50,34.6,2.0,1.1,0.38,12,5,Moderate,Low
2026-08-08 12:30:00,central-junction,29,46.9,69,27.1,71.6,62.0,2.86,12,5,Low,Critical
2026-08-08 12:30:00,railway-station,44,50.3,45,26.3,48.4,23.1,2.01,12,5,Low,High
2026-08-08 12:30:00,airport-road,28,60.7,84,27.0,7.7,3.9,0.87,12,5,Low,Low
2026-08-08 12:30:00,industrial-area,50,45.8,98,25.7,74.3,35.0,2.93,12,5,Low,Critical
2026-08-08 12:30:00,city-hospital,27,57.7,72,25.1,1.1,0.5,0.6,12,5,Low,Low
2026-08-08 12:30:00,residential-zone,17,55.9,75,26.5,43.7,34.7,1.89,12,5,Low,High
2026-08-08 12:30:00,river-zone,30,54.2,57,32.7,9.9,7.2,1.03,12,5,Low,Low
2026-08-08 12:30:00,bus-terminal,68,29.6,74,19.4,124.3,80.9,4.81,12,5,Moderate,Critical
2026-08-08 12:45:00,central-junction,46,56.2,46,22.1,5.1,2.3,0.53,12,5,Low,Low
2026-08-08 12:45:00,railway-station,67,49.0,63,23.7,5.9,3.9,0.66,12,5,Moderate,Low
2026-08-08 12:45:00,airport-road,48,52.2,52,26.0,4.4,3.8,0.58,12,5,Low,Low
2026-08-08 12:45:00,industrial-area,23,51.3,71,29.7,54.0,44.6,2.22,12,5,Low,Critical
2026-08-08 12:45:00,city-hospital,48,54.3,83,21.9,8.1,5.8,0.63,12,5,Low,Low
2026-08-08 12:45:00,residential-zone,33,57.1,49,31.9,0.8,0.7,0.41,12,5,Low,Low
2026-08-08 12:45:00,river-zone,26,57.9,65,34.8,6.1,3.5,0.93,12,5,Low,Low
2026-08-08 12:45:00,bus-terminal,39,56.5,43,34.9,7.7,3.5,0.76,12,5,Low,Low
2026-08-08 13:00:00,central-junction,36,54.2,80,22.9,8.0,4.0,0.82,13,5,Low,Low
2026-08-08 13:00:00,railway-station,63,42.4,88,24.0,75.6,46.3,2.97,13,5,Moderate,Critical
2026-08-08 13:00:00,airport-road,57,51.3,82,32.1,9.0,5.0,0.89,13,5,Low,Low
2026-08-08 13:00:00,industrial-area,45,56.1,99,28.9,5.4,2.6,0.57,13,5,Low,Low
2026-08-08 13:00:00,city-hospital,19,47.8,41,22.0,79.2,70.2,3.3,13,5,Low,Critical
2026-08-08 13:00:00,residential-zone,62,48.7,81,27.1,5.9,4.2,0.8,13,5,Moderate,Low
2026-08-08 13:00:00,river-zone,25,62.2,49,35.4,0.4,0.3,0.94,13,5,Low,Low
2026-08-08 13:00:00,bus-terminal,40,58.9,83,26.3,1.3,1.0,0.47,13,5,Low,Low
2026-08-08 13:15:00,central-junction,39,52.9,85,34.2,4.7,3.8,0.67,13,5,Low,Low
2026-08-08 13:15:00,railway-station,31,57.5,51,29.4,6.1,4.3,0.62,13,5,Low,Low
2026-08-08 13:15:00,airport-road,35,57.8,45,34.2,1.6,1.0,0.49,13,5,Low,Low
2026-08-08 13:15:00,industrial-area,47,56.4,122,25.8,3.2,1.7,0.52,13,5,Low,Low
2026-08-08 13:15:00,city-hospital,30,59.6,69,29.4,5.4,2.7,0.56,13,5,Low,Low
2026-08-08 13:15:00,residential-zone,48,52.8,70,33.4,5.3,3.3,0.71,13,5,Low,Low
2026-08-08 13:15:00,river-zone,30,56.1,87,24.6,1.1,0.7,0.73,13,5,Low,Low
2026-08-08 13:15:00,bus-terminal,55,53.3,89,25.8,0.1,0.1,0.33,13,5,Low,Low
2026-08-08 13:30:00,central-junction,56,54.3,61,30.3,3.9,2.5,0.46,13,5,Low,Low
2026-08-08 13:30:00,railway-station,72,45.6,76,26.4,5.6,3.5,0.52,13,5,Moderate,Low
2026-08-08 13:30:00,airport-road,30,55.2,76,34.3,7.1,5.5,0.71,13,5,Low,Low
2026-08-08 13:30:00,industrial-area,57,51.1,72,30.6,0.6,0.5,0.51,13,5,Low,Low
2026-08-08 13:30:00,city-hospital,29,59.0,49,25.0,4.8,2.9,0.59,13,5,Low,Low
2026-08-08 13:30:00,residential-zone,38,54.5,71,25.8,0.7,0.6,0.32,13,5,Low,Low
2026-08-08 13:30:00,river-zone,45,54.6,50,35.2,1.7,1.3,0.9,13,5,Low,Low
2026-08-08 13:30:00,bus-terminal,41,52.7,63,35.7,3.0,1.4,0.48,13,5,Low,Low
2026-08-08 13:45:00,central-junction,28,55.4,52,34.5,7.7,5.6,0.83,13,5,Low,Low
2026-08-08 13:45:00,railway-station,51,56.1,62,22.2,1.6,1.0,0.49,13,5,Low,Low
2026-08-08 13:45:00,airport-road,36,56.6,70,26.3,5.3,4.7,0.51,13,5,Low,Low
2026-08-08 13:45:00,industrial-area,34,58.6,79,30.2,1.0,0.7,0.45,13,5,Low,Low
2026-08-08 13:45:00,city-hospital,45,55.1,75,26.0,6.4,5.0,0.65,13,5,Low,Low
2026-08-08 13:45:00,residential-zone,27,56.8,71,25.7,8.2,4.1,0.72,13,5,Low,Low
2026-08-08 13:45:00,river-zone,35,59.1,50,22.0,7.7,6.2,1.06,13,5,Low,Low
2026-08-08 13:45:00,bus-terminal,65,49.9,57,23.2,6.9,5.8,0.82,13,5,Moderate,Low
2026-08-08 14:00:00,central-junction,41,49.5,61,20.4,37.7,28.5,1.87,14,5,Low,High
2026-08-08 14:00:00,railway-station,43,54.9,65,21.6,6.4,2.9,0.68,14,5,Low,Low
2026-08-08 14:00:00,airport-road,62,47.7,72,28.2,7.7,4.6,0.86,14,5,Moderate,Low
2026-08-08 14:00:00,industrial-area,60,52.2,83,32.9,5.8,3.1,0.71,14,5,Low,Low
2026-08-08 14:00:00,city-hospital,27,38.7,40,22.5,127.0,83.1,4.89,14,5,Low,Critical
2026-08-08 14:00:00,residential-zone,56,43.2,55,28.2,56.7,36.7,2.35,14,5,Moderate,Critical
2026-08-08 14:00:00,river-zone,34,54.3,75,28.3,4.1,2.0,1.06,14,5,Low,Low
2026-08-08 14:00:00,bus-terminal,36,55.1,49,31.4,9.8,6.0,0.64,14,5,Low,Low
2026-08-08 14:15:00,central-junction,55,35.3,58,23.9,114.5,74.5,4.35,14,5,Moderate,Critical
2026-08-08 14:15:00,railway-station,51,51.2,54,33.5,7.1,5.4,0.84,14,5,Low,Low
2026-08-08 14:15:00,airport-road,19,58.7,81,29.5,2.9,1.5,0.42,14,5,Low,Low
2026-08-08 14:15:00,industrial-area,57,49.8,97,28.7,8.7,6.2,0.87,14,5,Low,Low
2026-08-08 14:15:00,city-hospital,55,52.0,78,30.8,7.0,5.2,0.76,14,5,Low,Low
2026-08-08 14:15:00,residential-zone,25,58.0,47,26.7,3.9,3.1,0.46,14,5,Low,Low
2026-08-08 14:15:00,river-zone,49,49.8,61,33.1,23.1,14.2,1.61,14,5,Low,Moderate
2026-08-08 14:15:00,bus-terminal,72,48.3,80,29.1,9.8,8.6,0.8,14,5,Moderate,Low
2026-08-08 14:30:00,central-junction,42,46.6,66,25.7,49.1,35.7,2.02,14,5,Low,High
2026-08-08 14:30:00,railway-station,38,42.7,66,21.8,85.2,76.3,3.56,14,5,Low,Critical
2026-08-08 14:30:00,airport-road,48,51.1,59,34.7,2.8,2.5,0.43,14,5,Low,Low
2026-08-08 14:30:00,industrial-area,42,55.9,82,27.3,4.4,2.7,0.49,14,5,Low,Low
2026-08-08 14:30:00,city-hospital,43,52.6,44,30.6,21.3,13.2,1.1,14,5,Low,Moderate
2026-08-08 14:30:00,residential-zone,26,60.0,70,24.2,5.5,4.4,0.72,14,5,Low,Low
2026-08-08 14:30:00,river-zone,54,51.5,65,23.7,3.8,2.2,0.89,14,5,Low,Low
2026-08-08 14:30:00,bus-terminal,37,54.2,85,22.2,8.4,3.7,0.73,14,5,Low,Low
2026-08-08 14:45:00,central-junction,70,42.4,61,29.9,47.2,25.5,2.06,14,5,Moderate,High
2026-08-08 14:45:00,railway-station,54,53.8,86,24.2,8.1,5.1,0.61,14,5,Low,Low
2026-08-08 14:45:00,airport-road,37,57.1,52,27.2,4.4,3.1,0.56,14,5,Low,Low
2026-08-08 14:45:00,industrial-area,45,52.9,108,27.5,1.8,0.9,0.43,14,5,Low,Low
2026-08-08 14:45:00,city-hospital,30,59.8,59,28.1,1.3,0.7,0.56,14,5,Low,Low
2026-08-08 14:45:00,residential-zone,43,43.1,60,16.7,77.1,34.0,3.22,14,5,Low,Critical
2026-08-08 14:45:00,river-zone,32,55.9,57,24.2,6.8,3.1,1.09,14,5,Low,Low
2026-08-08 14:45:00,bus-terminal,43,54.8,50,23.5,1.0,0.6,0.49,14,5,Low,Low
2026-08-08 15:00:00,central-junction,58,52.9,94,28.0,4.3,3.7,0.71,15,5,Low,Low
2026-08-08 15:00:00,railway-station,43,54.1,73,33.8,2.1,1.5,0.62,15,5,Low,Low
2026-08-08 15:00:00,airport-road,30,60.0,81,25.4,2.6,1.9,0.66,15,5,Low,Low
2026-08-08 15:00:00,industrial-area,52,50.3,70,22.4,9.1,7.4,0.66,15,5,Low,Low
2026-08-08 15:00:00,city-hospital,43,54.2,61,22.2,8.5,7.2,0.81,15,5,Low,Low
2026-08-08 15:00:00,residential-zone,24,57.4,66,26.7,5.8,2.8,0.76,15,5,Low,Low
2026-08-08 15:00:00,river-zone,34,54.4,71,30.7,9.1,6.2,1.14,15,5,Low,Moderate
2026-08-08 15:00:00,bus-terminal,51,53.8,47,32.5,8.8,7.1,0.89,15,5,Low,Low
2026-08-08 15:15:00,central-junction,54,54.3,73,34.3,5.0,3.6,0.51,15,5,Low,Low
2026-08-08 15:15:00,railway-station,34,57.4,51,26.2,1.7,0.8,0.55,15,5,Low,Low
2026-08-08 15:15:00,airport-road,27,61.5,57,35.1,1.0,0.8,0.37,15,5,Low,Low
2026-08-08 15:15:00,industrial-area,39,55.6,96,22.0,9.0,5.6,0.78,15,5,Low,Low
2026-08-08 15:15:00,city-hospital,36,39.1,63,13.2,127.1,65.6,4.77,15,5,Low,Critical
2026-08-08 15:15:00,residential-zone,65,50.9,71,29.8,6.4,2.9,0.59,15,5,Moderate,Low
2026-08-08 15:15:00,river-zone,53,50.5,59,29.1,9.8,8.4,1.28,15,5,Low,Moderate
2026-08-08 15:15:00,bus-terminal,58,53.4,74,27.1,0.9,0.7,0.38,15,5,Low,Low
2026-08-08 15:30:00,central-junction,33,50.3,72,26.6,38.2,22.1,1.74,15,5,Low,High
2026-08-08 15:30:00,railway-station,71,50.2,80,32.5,4.8,2.6,0.72,15,5,Moderate,Low
2026-08-08 15:30:00,airport-road,38,44.5,79,25.5,74.5,66.4,3.17,15,5,Low,Critical
2026-08-08 15:30:00,industrial-area,47,51.2,68,33.9,4.0,1.8,0.61,15,5,Low,Low
2026-08-08 15:30:00,city-hospital,40,58.1,60,32.9,4.2,3.7,0.52,15,5,Low,Low
2026-08-08 15:30:00,residential-zone,31,55.2,47,34.3,8.9,4.0,0.84,15,5,Low,Low
2026-08-08 15:30:00,river-zone,57,54.8,77,22.7,0.9,0.7,0.81,15,5,Low,Low
2026-08-08 15:30:00,bus-terminal,57,49.4,60,22.6,5.4,4.7,0.67,15,5,Low,Low
2026-08-08 15:45:00,central-junction,68,49.7,62,27.4,2.1,1.6,0.55,15,5,Moderate,Low
2026-08-08 15:45:00,railway-station,28,50.3,50,18.1,70.4,59.7,2.95,15,5,Low,Critical
2026-08-08 15:45:00,airport-road,28,58.6,45,24.0,7.4,5.0,0.7,15,5,Low,Low
2026-08-08 15:45:00,industrial-area,52,49.8,96,35.4,6.3,3.8,0.8,15,5,Low,Low
2026-08-08 15:45:00,city-hospital,36,58.3,70,25.2,5.4,4.1,0.61,15,5,Low,Low
2026-08-08 15:45:00,residential-zone,55,53.8,80,27.4,7.7,4.8,0.65,15,5,Low,Low
2026-08-08 15:45:00,river-zone,41,54.6,74,31.6,0.3,0.1,0.92,15,5,Low,Low
2026-08-08 15:45:00,bus-terminal,41,53.3,57,26.6,26.9,15.1,1.32,15,5,Low,Moderate
2026-08-08 16:00:00,central-junction,29,57.1,57,34.4,1.9,0.9,0.6,16,5,Low,Low
2026-08-08 16:00:00,railway-station,43,51.7,68,27.9,8.8,6.6,0.9,16,5,Low,Low
2026-08-08 16:00:00,airport-road,47,53.4,87,23.7,3.0,1.6,0.65,16,5,Low,Low
2026-08-08 16:00:00,industrial-area,34,53.8,86,23.1,6.4,3.0,0.81,16,5,Low,Low
2026-08-08 16:00:00,city-hospital,37,57.2,75,21.5,8.1,5.0,0.67,16,5,Low,Low
2026-08-08 16:00:00,residential-zone,29,57.0,53,28.0,0.6,0.4,0.5,16,5,Low,Low
2026-08-08 16:00:00,river-zone,34,54.7,73,32.3,5.3,4.7,1.11,16,5,Low,Low
2026-08-08 16:00:00,bus-terminal,31,56.5,80,35.6,2.9,2.3,0.62,16,5,Low,Low
2026-08-08 16:15:00,central-junction,53,51.1,90,22.2,0.6,0.4,0.38,16,5,Low,Low
2026-08-08 16:15:00,railway-station,61,52.5,86,26.7,4.9,3.8,0.62,16,5,Low,Low
2026-08-08 16:15:00,airport-road,31,59.5,57,28.6,8.7,3.6,0.81,16,5,Low,Low
2026-08-08 16:15:00,industrial-area,33,57.5,89,23.6,5.6,4.3,0.74,16,5,Low,Low
2026-08-08 16:15:00,city-hospital,52,55.4,65,26.4,4.7,3.5,0.74,16,5,Low,Low
2026-08-08 16:15:00,residential-zone,31,55.0,90,22.8,4.3,2.4,0.48,16,5,Low,Low
2026-08-08 16:15:00,river-zone,30,56.4,72,24.4,8.7,5.2,0.99,16,5,Low,Low
2026-08-08 16:15:00,bus-terminal,55,41.9,68,16.1,78.8,33.6,3.1,16,5,Moderate,Critical
2026-08-08 16:30:00,central-junction,53,38.1,78,29.0,85.8,68.3,3.32,16,5,Moderate,Critical
2026-08-08 16:30:00,railway-station,55,55.7,74,28.4,0.7,0.6,0.34,16,5,Low,Low
2026-08-08 16:30:00,airport-road,35,58.3,78,26.1,5.3,4.1,0.64,16,5,Low,Low
2026-08-08 16:30:00,industrial-area,39,42.2,95,16.3,75.8,44.1,3.11,16,5,Low,Critical
2026-08-08 16:30:00,city-hospital,38,49.4,63,21.1,63.0,28.3,2.64,16,5,Low,Critical
2026-08-08 16:30:00,residential-zone,29,55.3,59,33.6,8.5,4.0,0.63,16,5,Low,Low
2026-08-08 16:30:00,river-zone,27,57.4,61,26.2,9.6,4.4,1.2,16,5,Low,Moderate
2026-08-08 16:30:00,bus-terminal,54,51.0,76,25.0,8.5,6.2,0.8,16,5,Low,Low
2026-08-08 16:45:00,central-junction,32,44.8,47,16.8,68.2,52.8,2.81,16,5,Low,Critical
2026-08-08 16:45:00,railway-station,52,50.8,58,23.1,1.1,0.6,0.35,16,5,Low,Low
2026-08-08 16:45:00,airport-road,33,56.5,70,29.9,3.4,2.8,0.52,16,5,Low,Low
2026-08-08 16:45:00,industrial-area,32,55.0,106,33.8,7.2,5.7,0.69,16,5,Low,Low
2026-08-08 16:45:00,city-hospital,46,55.7,67,31.2,5.6,3.5,0.64,16,5,Low,Low
2026-08-08 16:45:00,residential-zone,47,52.6,82,31.6,1.5,1.1,0.64,16,5,Low,Low
2026-08-08 16:45:00,river-zone,58,50.2,78,34.7,5.2,3.0,0.97,16,5,Low,Low
2026-08-08 16:45:00,bus-terminal,53,51.8,63,32.8,6.6,3.8,0.65,16,5,Low,Low
2026-08-08 17:00:00,central-junction,46,55.3,72,27.7,1.1,0.5,0.36,17,5,Low,Low
2026-08-08 17:00:00,railway-station,42,52.0,84,26.1,7.6,3.8,0.76,17,5,Low,Low
2026-08-08 17:00:00,airport-road,21,54.0,65,19.1,49.0,27.0,2.15,17,5,Low,High
2026-08-08 17:00:00,industrial-area,68,39.8,77,19.6,74.5,51.6,2.95,17,5,Moderate,Critical
2026-08-08 17:00:00,city-hospital,44,53.5,74,34.1,8.6,4.8,0.87,17,5,Low,Low
2026-08-08 17:00:00,residential-zone,38,58.6,79,24.3,6.5,5.3,0.65,17,5,Low,Low
2026-08-08 17:00:00,river-zone,34,56.6,52,24.8,0.3,0.2,0.92,17,5,Low,Low
2026-08-08 17:00:00,bus-terminal,46,51.5,69,22.6,22.9,10.5,1.38,17,5,Low,Moderate
2026-08-08 17:15:00,central-junction,66,39.7,54,23.8,53.8,29.2,2.19,17,5,Moderate,High
2026-08-08 17:15:00,railway-station,77,37.7,52,28.7,83.9,57.3,3.37,17,5,Moderate,Critical
2026-08-08 17:15:00,airport-road,50,54.4,64,35.1,5.0,4.2,0.72,17,5,Low,Low
2026-08-08 17:15:00,industrial-area,46,51.1,80,26.5,6.8,3.2,0.67,17,5,Low,Low
2026-08-08 17:15:00,city-hospital,30,56.9,75,27.5,9.3,4.8,0.84,17,5,Low,Low
2026-08-08 17:15:00,residential-zone,37,58.7,51,22.9,5.7,2.6,0.68,17,5,Low,Low
2026-08-08 17:15:00,river-zone,33,58.0,62,25.4,1.2,0.6,0.91,17,5,Low,Low
2026-08-08 17:15:00,bus-terminal,33,57.4,55,29.1,2.1,1.3,0.56,17,5,Low,Low
2026-08-08 17:30:00,central-junction,22,59.8,77,30.0,2.9,2.1,0.65,17,5,Low,Low
2026-08-08 17:30:00,railway-station,51,51.9,62,27.4,5.3,3.4,0.51,17,5,Low,Low
2026-08-08 17:30:00,airport-road,34,41.0,47,27.6,103.2,52.1,4.14,17,5,Low,Critical
2026-08-08 17:30:00,industrial-area,21,61.7,110,25.3,3.8,1.6,0.63,17,5,Low,Low
2026-08-08 17:30:00,city-hospital,43,53.8,53,27.9,8.4,6.2,0.72,17,5,Low,Low
2026-08-08 17:30:00,residential-zone,52,44.9,59,19.4,67.7,56.5,2.96,17,5,Moderate,Critical
2026-08-08 17:30:00,river-zone,36,56.8,68,26.2,4.5,3.0,0.99,17,5,Low,Low
2026-08-08 17:30:00,bus-terminal,32,57.8,75,34.7,5.3,3.5,0.58,17,5,Low,Low
2026-08-08 17:45:00,central-junction,57,41.4,75,27.6,76.0,47.1,3.12,17,5,Moderate,Critical
2026-08-08 17:45:00,railway-station,62,47.2,67,23.0,7.7,4.3,0.64,17,5,Moderate,Low
2026-08-08 17:45:00,airport-road,54,49.2,55,26.7,7.3,4.3,0.68,17,5,Low,Low
2026-08-08 17:45:00,industrial-area,32,58.8,74,28.3,3.7,2.5,0.58,17,5,Low,Low
2026-08-08 17:45:00,city-hospital,28,56.1,72,24.8,31.9,16.1,1.66,17,5,Low,Moderate
2026-08-08 17:45:00,residential-zone,47,53.6,62,22.6,10.0,7.6,0.83,17,5,Low,Low
2026-08-08 17:45:00,river-zone,28,59.1,76,29.2,5.0,3.0,0.86,17,5,Low,Low
2026-08-08 17:45:00,bus-terminal,36,56.5,55,28.8,4.1,1.8,0.68,17,5,Low,Low
2026-08-08 18:00:00,central-junction,56,40.9,44,20.6,92.1,48.1,3.77,18,5,Moderate,Critical
2026-08-08 18:00:00,railway-station,58,53.3,83,29.0,5.8,4.4,0.68,18,5,Low,Low
2026-08-08 18:00:00,airport-road,43,43.0,43,18.5,76.3,53.9,3.04,18,5,Low,Critical
2026-08-08 18:00:00,industrial-area,37,43.6,86,19.8,74.6,66.0,2.95,18,5,Low,Critical
2026-08-08 18:00:00,city-hospital,27,55.7,66,22.2,7.4,5.5,0.66,18,5,Low,Low
2026-08-08 18:00:00,residential-zone,52,53.1,51,23.4,9.0,6.5,0.8,18,5,Low,Low
2026-08-08 18:00:00,river-zone,34,57.3,67,32.9,8.9,7.0,1.11,18,5,Low,Moderate
2026-08-08 18:00:00,bus-terminal,66,49.4,63,23.2,5.8,4.1,0.55,18,5,Moderate,Low
2026-08-08 18:15:00,central-junction,45,57.2,59,24.0,0.0,0.0,0.5,18,5,Low,Low
2026-08-08 18:15:00,railway-station,60,52.7,68,22.8,2.0,1.2,0.47,18,5,Low,Low
2026-08-08 18:15:00,airport-road,27,58.0,58,33.4,5.5,4.3,0.75,18,5,Low,Low
2026-08-08 18:15:00,industrial-area,26,59.0,88,33.8,1.4,1.1,0.51,18,5,Low,Low
2026-08-08 18:15:00,city-hospital,20,60.1,50,28.4,8.0,6.6,0.59,18,5,Low,Low
2026-08-08 18:15:00,residential-zone,51,51.2,69,29.0,0.2,0.2,0.41,18,5,Low,Low
2026-08-08 18:15:00,river-zone,47,41.8,42,21.2,77.2,55.8,3.62,18,5,Moderate,Critical
2026-08-08 18:15:00,bus-terminal,41,57.2,80,30.6,4.5,1.9,0.52,18,5,Low,Low
2026-08-08 18:30:00,central-junction,52,54.5,76,23.3,1.4,0.7,0.61,18,5,Low,Low
2026-08-08 18:30:00,railway-station,75,47.1,87,33.9,2.2,1.9,0.55,18,5,Moderate,Low
2026-08-08 18:30:00,airport-road,28,56.0,71,21.4,9.5,7.1,0.69,18,5,Low,Low
2026-08-08 18:30:00,industrial-area,43,54.4,92,22.3,1.5,1.3,0.38,18,5,Low,Low
2026-08-08 18:30:00,city-hospital,21,61.7,61,24.6,8.3,5.8,0.77,18,5,Low,Low
2026-08-08 18:30:00,residential-zone,34,57.3,79,33.1,4.4,3.3,0.52,18,5,Low,Low
2026-08-08 18:30:00,river-zone,61,47.9,82,33.6,7.7,6.8,1.02,18,5,Moderate,Low
2026-08-08 18:30:00,bus-terminal,35,57.1,76,28.0,0.7,0.4,0.5,18,5,Low,Low
2026-08-08 18:45:00,central-junction,50,50.9,61,31.0,6.3,3.9,0.66,18,5,Low,Low
2026-08-08 18:45:00,railway-station,35,58.9,45,22.5,9.4,6.9,0.64,18,5,Low,Low
2026-08-08 18:45:00,airport-road,42,42.4,55,25.7,77.0,38.7,3.02,18,5,Low,Critical
2026-08-08 18:45:00,industrial-area,66,50.8,79,24.3,1.9,1.5,0.55,18,5,Moderate,Low
2026-08-08 18:45:00,city-hospital,36,57.9,58,23.7,0.8,0.5,0.42,18,5,Low,Low
2026-08-08 18:45:00,residential-zone,29,56.9,57,23.0,5.2,2.1,0.7,18,5,Low,Low
2026-08-08 18:45:00,river-zone,37,38.9,56,13.1,124.3,79.3,5.24,18,5,Low,Critical
2026-08-08 18:45:00,bus-terminal,27,56.1,58,29.8,0.5,0.3,0.49,18,5,Low,Low
2026-08-08 19:00:00,central-junction,51,51.1,59,30.4,3.9,1.8,0.63,19,5,Low,Low
2026-08-08 19:00:00,railway-station,42,42.5,55,16.9,68.8,57.5,2.92,19,5,Low,Critical
2026-08-08 19:00:00,airport-road,59,49.0,60,29.2,4.5,3.2,0.7,19,5,Low,Low
2026-08-08 19:00:00,industrial-area,31,55.1,110,30.3,2.0,1.1,0.57,19,5,Low,Low
2026-08-08 19:00:00,city-hospital,42,55.2,56,25.0,6.9,4.0,0.83,19,5,Low,Low
2026-08-08 19:00:00,residential-zone,43,53.0,78,27.2,6.4,5.3,0.8,19,5,Low,Low
2026-08-08 19:00:00,river-zone,25,59.3,48,24.0,5.2,3.9,1.09,19,5,Low,Low
2026-08-08 19:00:00,bus-terminal,46,48.9,60,18.3,58.1,48.5,2.51,19,5,Low,Critical
2026-08-08 19:15:00,central-junction,57,53.5,62,32.6,7.6,5.7,0.66,19,5,Low,Low
2026-08-08 19:15:00,railway-station,58,50.1,87,24.0,7.8,4.4,0.58,19,5,Low,Low
2026-08-08 19:15:00,airport-road,39,52.5,46,35.1,6.4,5.2,0.63,19,5,Low,Low
2026-08-08 19:15:00,industrial-area,31,58.0,106,23.6,5.9,4.6,0.77,19,5,Low,Low
2026-08-08 19:15:00,city-hospital,32,58.8,77,34.6,6.3,3.6,0.8,19,5,Low,Low
2026-08-08 19:15:00,residential-zone,34,56.6,72,23.6,3.8,1.8,0.6,19,5,Low,Low
2026-08-08 19:15:00,river-zone,25,58.8,69,34.9,3.8,2.2,0.93,19,5,Low,Low
2026-08-08 19:15:00,bus-terminal,42,57.4,67,28.9,7.4,4.0,0.78,19,5,Low,Low
2026-08-08 19:30:00,central-junction,55,50.9,46,31.1,0.7,0.3,0.59,19,5,Low,Low
2026-08-08 19:30:00,railway-station,65,47.2,89,23.6,4.7,2.3,0.53,19,5,Moderate,Low
2026-08-08 19:30:00,airport-road,41,55.5,48,32.8,5.5,3.1,0.6,19,5,Low,Low
2026-08-08 19:30:00,industrial-area,39,58.2,109,28.4,4.7,2.8,0.74,19,5,Low,Low
2026-08-08 19:30:00,city-hospital,32,54.6,40,24.3,5.4,2.7,0.6,19,5,Low,Low
2026-08-08 19:30:00,residential-zone,34,59.4,53,23.5,1.9,1.5,0.54,19,5,Low,Low
2026-08-08 19:30:00,river-zone,42,34.1,56,20.0,131.9,105.7,5.27,19,5,Moderate,Critical
2026-08-08 19:30:00,bus-terminal,42,54.0,61,34.1,0.3,0.2,0.32,19,5,Low,Low
2026-08-08 19:45:00,central-junction,78,46.8,92,28.9,9.5,8.4,0.76,19,5,Moderate,Low
2026-08-08 19:45:00,railway-station,43,53.2,78,26.4,5.5,4.1,0.7,19,5,Low,Low
2026-08-08 19:45:00,airport-road,20,62.0,56,31.6,4.9,2.3,0.7,19,5,Low,Low
2026-08-08 19:45:00,industrial-area,38,52.9,90,22.0,9.3,5.8,0.76,19,5,Low,Low
2026-08-08 19:45:00,city-hospital,38,58.0,38,28.5,8.6,6.1,0.75,19,5,Low,Low
2026-08-08 19:45:00,residential-zone,35,54.0,69,27.4,4.0,2.9,0.69,19,5,Low,Low
2026-08-08 19:45:00,river-zone,21,59.3,62,32.6,1.3,1.1,0.98,19,5,Low,Low
2026-08-08 19:45:00,bus-terminal,43,55.0,64,23.5,0.7,0.4,0.59,19,5,Low,Low
2026-08-08 20:00:00,central-junction,75,44.6,62,27.1,7.3,5.0,0.77,20,5,Moderate,Low
2026-08-08 20:00:00,railway-station,39,53.0,49,26.3,8.1,3.6,0.6,20,5,Low,Low
2026-08-08 20:00:00,airport-road,46,38.6,76,25.7,128.1,59.6,4.91,20,5,Moderate,Critical
2026-08-08 20:00:00,industrial-area,37,52.5,113,22.5,9.4,5.4,0.65,20,5,Low,Low
2026-08-08 20:00:00,city-hospital,49,52.1,61,25.5,7.2,4.8,0.69,20,5,Low,Low
2026-08-08 20:00:00,residential-zone,41,52.9,40,25.7,6.2,5.2,0.61,20,5,Low,Low
2026-08-08 20:00:00,river-zone,47,56.6,79,23.2,6.6,5.7,1.02,20,5,Low,Low
2026-08-08 20:00:00,bus-terminal,44,39.9,70,24.5,106.0,81.6,4.06,20,5,Low,Critical
2026-08-08 20:15:00,central-junction,34,54.2,74,28.1,6.5,2.8,0.78,20,5,Low,Low
2026-08-08 20:15:00,railway-station,42,56.5,78,28.6,8.0,5.6,0.61,20,5,Low,Low
2026-08-08 20:15:00,airport-road,37,56.1,60,27.9,9.8,4.1,0.7,20,5,Low,Low
2026-08-08 20:15:00,industrial-area,40,50.3,107,20.6,51.4,29.9,2.35,20,5,Low,High
2026-08-08 20:15:00,city-hospital,21,59.7,78,29.2,1.4,1.2,0.49,20,5,Low,Low
2026-08-08 20:15:00,residential-zone,22,59.4,71,21.9,3.1,2.2,0.47,20,5,Low,Low
2026-08-08 20:15:00,river-zone,60,49.3,86,33.4,1.1,0.9,0.75,20,5,Low,Low
2026-08-08 20:15:00,bus-terminal,69,52.2,91,30.6,3.9,2.2,0.67,20,5,Moderate,Low
2026-08-08 20:30:00,central-junction,40,57.5,47,35.2,3.6,2.2,0.45,20,5,Low,Low
2026-08-08 20:30:00,railway-station,47,42.3,56,29.6,76.6,58.0,3.0,20,5,Low,Critical
2026-08-08 20:30:00,airport-road,55,49.6,75,34.6,5.4,2.9,0.72,20,5,Low,Low
2026-08-08 20:30:00,industrial-area,40,54.9,102,26.0,7.4,4.4,0.7,20,5,Low,Low
2026-08-08 20:30:00,city-hospital,50,54.6,76,25.2,2.2,1.1,0.44,20,5,Low,Low
2026-08-08 20:30:00,residential-zone,33,56.3,75,29.6,4.7,2.1,0.76,20,5,Low,Low
2026-08-08 20:30:00,river-zone,43,44.9,74,24.7,59.5,31.3,2.96,20,5,Low,Critical
2026-08-08 20:30:00,bus-terminal,48,53.1,82,26.5,1.0,0.5,0.49,20,5,Low,Low
2026-08-08 20:45:00,central-junction,60,53.1,63,31.4,1.1,1.0,0.36,20,5,Low,Low
2026-08-08 20:45:00,railway-station,81,44.6,95,31.2,3.0,1.7,0.54,20,5,Moderate,Low
2026-08-08 20:45:00,airport-road,25,55.3,70,25.2,28.1,11.7,1.4,20,5,Low,Moderate
2026-08-08 20:45:00,industrial-area,34,57.7,75,26.4,9.3,5.8,0.69,20,5,Low,Low
2026-08-08 20:45:00,city-hospital,44,51.5,60,23.1,7.1,4.6,0.8,20,5,Low,Low
2026-08-08 20:45:00,residential-zone,39,57.7,51,32.2,2.0,1.2,0.43,20,5,Low,Low
2026-08-08 20:45:00,river-zone,44,50.2,87,26.4,49.1,24.0,2.39,20,5,Low,High
2026-08-08 20:45:00,bus-terminal,56,50.1,85,23.8,7.0,5.6,0.83,20,5,Low,Low
2026-08-08 21:00:00,central-junction,51,53.6,63,34.0,7.4,3.5,0.66,21,5,Low,Low
2026-08-08 21:00:00,railway-station,53,51.3,74,31.6,1.4,1.2,0.45,21,5,Low,Low
2026-08-08 21:00:00,airport-road,24,56.6,67,28.9,9.3,3.8,0.67,21,5,Low,Low
2026-08-08 21:00:00,industrial-area,35,46.1,105,20.9,80.6,68.5,3.23,21,5,Low,Critical
2026-08-08 21:00:00,city-hospital,48,52.7,57,30.1,1.9,1.6,0.64,21,5,Low,Low
2026-08-08 21:00:00,residential-zone,37,45.4,66,22.2,74.4,44.5,2.97,21,5,Low,Critical
2026-08-08 21:00:00,river-zone,35,59.7,87,26.2,3.7,2.8,0.84,21,5,Low,Low
2026-08-08 21:00:00,bus-terminal,26,57.6,77,29.8,7.5,6.6,0.65,21,5,Low,Low
2026-08-08 21:15:00,central-junction,33,56.5,64,21.7,9.6,8.4,0.81,21,5,Low,Low
2026-08-08 21:15:00,railway-station,51,53.5,83,28.8,1.8,0.7,0.5,21,5,Low,Low
2026-08-08 21:15:00,airport-road,30,58.4,87,33.5,9.4,4.5,0.74,21,5,Low,Low
2026-08-08 21:15:00,industrial-area,46,50.9,104,30.1,10.0,6.5,0.92,21,5,Low,Low
2026-08-08 21:15:00,city-hospital,28,55.1,74,30.8,8.6,3.7,0.72,21,5,Low,Low
2026-08-08 21:15:00,residential-zone,17,63.1,60,28.1,5.5,3.3,0.54,21,5,Low,Low
2026-08-08 21:15:00,river-zone,45,55.5,62,25.3,3.8,1.6,0.89,21,5,Low,Low
2026-08-08 21:15:00,bus-terminal,52,42.6,76,16.6,79.1,37.5,3.09,21,5,Moderate,Critical
2026-08-08 21:30:00,central-junction,45,52.9,80,29.1,4.7,2.4,0.62,21,5,Low,Low
2026-08-08 21:30:00,railway-station,78,34.6,83,19.4,102.0,49.7,4.13,21,5,Moderate,Critical
2026-08-08 21:30:00,airport-road,60,52.1,84,30.8,6.8,2.8,0.6,21,5,Low,Low
2026-08-08 21:30:00,industrial-area,53,52.7,70,32.0,9.6,7.5,0.76,21,5,Low,Low
2026-08-08 21:30:00,city-hospital,32,58.6,54,24.4,5.6,3.3,0.66,21,5,Low,Low
2026-08-08 21:30:00,residential-zone,35,54.0,79,25.2,4.6,2.3,0.68,21,5,Low,Low
2026-08-08 21:30:00,river-zone,35,46.3,78,16.4,74.0,53.0,3.39,21,5,Low,Critical
2026-08-08 21:30:00,bus-terminal,35,57.3,73,26.4,3.1,2.3,0.62,21,5,Low,Low
2026-08-08 21:45:00,central-junction,33,45.1,63,16.3,83.2,56.5,3.41,21,5,Low,Critical
2026-08-08 21:45:00,railway-station,23,60.4,65,31.9,8.6,4.9,0.77,21,5,Low,Low
2026-08-08 21:45:00,airport-road,34,55.5,61,22.8,7.1,4.8,0.72,21,5,Low,Low
2026-08-08 21:45:00,industrial-area,46,54.9,97,26.3,6.6,5.5,0.83,21,5,Low,Low
2026-08-08 21:45:00,city-hospital,31,59.1,50,23.3,7.6,4.0,0.62,21,5,Low,Low
2026-08-08 21:45:00,residential-zone,46,38.1,69,24.4,92.7,62.2,3.61,21,5,Moderate,Critical
2026-08-08 21:45:00,river-zone,31,47.2,46,21.1,71.1,50.1,3.31,21,5,Low,Critical
2026-08-08 21:45:00,bus-terminal,57,53.6,90,34.7,6.8,4.7,0.58,21,5,Low,Low
2026-08-08 22:00:00,central-junction,50,46.8,81,19.6,62.2,38.8,2.75,22,5,Low,Critical
2026-08-08 22:00:00,railway-station,42,57.6,57,26.1,0.1,0.1,0.5,22,5,Low,Low
2026-08-08 22:00:00,airport-road,32,55.3,46,32.0,8.9,4.9,0.75,22,5,Low,Low
2026-08-08 22:00:00,industrial-area,24,54.1,68,25.7,44.3,38.0,2.02,22,5,Low,High
2026-08-08 22:00:00,city-hospital,43,52.8,56,26.3,3.6,2.6,0.65,22,5,Low,Low
2026-08-08 22:00:00,residential-zone,45,53.7,74,34.7,7.7,5.9,0.63,22,5,Low,Low
2026-08-08 22:00:00,river-zone,53,53.5,70,21.8,3.6,2.6,0.87,22,5,Low,Low
2026-08-08 22:00:00,bus-terminal,63,52.9,64,22.9,3.6,1.6,0.59,22,5,Low,Low
2026-08-08 22:15:00,central-junction,58,52.0,83,23.4,4.4,3.5,0.75,22,5,Low,Low
2026-08-08 22:15:00,railway-station,50,50.8,61,29.3,9.8,8.2,0.85,22,5,Low,Low
2026-08-08 22:15:00,airport-road,19,58.4,52,27.5,22.7,9.9,1.11,22,5,Low,Moderate
2026-08-08 22:15:00,industrial-area,45,52.6,70,33.3,3.0,1.9,0.7,22,5,Low,Low
2026-08-08 22:15:00,city-hospital,40,57.1,91,32.1,5.0,2.3,0.5,22,5,Low,Low
2026-08-08 22:15:00,residential-zone,50,53.8,59,31.0,7.1,4.1,0.55,22,5,Low,Low
2026-08-08 22:15:00,river-zone,46,56.9,87,25.7,0.8,0.5,0.92,22,5,Low,Low
2026-08-08 22:15:00,bus-terminal,59,36.4,48,22.8,115.9,78.1,4.65,22,5,Moderate,Critical
2026-08-08 22:30:00,central-junction,38,56.3,50,25.7,2.3,1.9,0.41,22,5,Low,Low
2026-08-08 22:30:00,railway-station,80,45.0,70,29.7,5.4,3.0,0.55,22,5,Moderate,Low
2026-08-08 22:30:00,airport-road,21,61.9,42,31.2,7.8,6.5,0.85,22,5,Low,Low
2026-08-08 22:30:00,industrial-area,40,53.6,116,34.6,3.0,1.6,0.64,22,5,Low,Low
2026-08-08 22:30:00,city-hospital,37,56.6,83,35.0,9.4,7.3,0.69,22,5,Low,Low
2026-08-08 22:30:00,residential-zone,42,39.5,42,20.9,114.4,83.5,4.4,22,5,Low,Critical
2026-08-08 22:30:00,river-zone,43,52.1,74,34.5,8.5,4.0,1.24,22,5,Low,Moderate
2026-08-08 22:30:00,bus-terminal,46,55.1,80,35.0,5.6,2.8,0.71,22,5,Low,Low
2026-08-08 22:45:00,central-junction,47,55.2,55,30.3,5.8,2.4,0.55,22,5,Low,Low
2026-08-08 22:45:00,railway-station,70,49.6,87,31.3,0.3,0.2,0.6,22,5,Moderate,Low
2026-08-08 22:45:00,airport-road,44,55.5,49,23.1,0.5,0.2,0.33,22,5,Low,Low
2026-08-08 22:45:00,industrial-area,27,56.1,82,22.3,8.3,6.9,0.71,22,5,Low,Low
2026-08-08 22:45:00,city-hospital,43,41.7,73,19.9,77.8,58.3,3.22,22,5,Low,Critical
2026-08-08 22:45:00,residential-zone,37,56.0,51,27.8,1.8,0.8,0.45,22,5,Low,Low
2026-08-08 22:45:00,river-zone,21,53.0,66,22.2,39.8,22.8,2.26,22,5,Low,High
2026-08-08 22:45:00,bus-terminal,79,43.5,60,29.3,9.4,6.7,0.76,22,5,Moderate,Low
2026-08-08 23:00:00,central-junction,58,53.0,45,27.6,6.7,5.9,0.71,23,5,Low,Low
2026-08-08 23:00:00,railway-station,58,49.3,70,24.1,6.3,5.5,0.63,23,5,Low,Low
2026-08-08 23:00:00,airport-road,47,54.6,54,27.4,5.8,3.8,0.62,23,5,Low,Low
2026-08-08 23:00:00,industrial-area,42,56.8,92,31.1,3.4,1.5,0.56,23,5,Low,Low
2026-08-08 23:00:00,city-hospital,32,57.0,75,32.5,0.4,0.2,0.52,23,5,Low,Low
2026-08-08 23:00:00,residential-zone,31,55.1,71,26.5,5.2,4.6,0.73,23,5,Low,Low
2026-08-08 23:00:00,river-zone,57,48.9,93,29.4,4.7,3.6,0.98,23,5,Low,Low
2026-08-08 23:00:00,bus-terminal,44,56.8,81,30.0,5.4,2.9,0.65,23,5,Low,Low
2026-08-08 23:15:00,central-junction,34,53.3,50,27.7,8.6,5.5,0.82,23,5,Low,Low
2026-08-08 23:15:00,railway-station,34,51.5,63,22.3,24.4,20.0,1.22,23,5,Low,Moderate
2026-08-08 23:15:00,airport-road,45,54.6,81,25.4,8.2,7.2,0.71,23,5,Low,Low
2026-08-08 23:15:00,industrial-area,22,60.8,66,31.8,0.7,0.5,0.53,23,5,Low,Low
2026-08-08 23:15:00,city-hospital,38,53.8,64,23.5,0.4,0.2,0.44,23,5,Low,Low
2026-08-08 23:15:00,residential-zone,36,57.6,90,30.5,0.3,0.2,0.54,23,5,Low,Low
2026-08-08 23:15:00,river-zone,28,56.4,60,25.8,1.3,1.0,0.73,23,5,Low,Low
2026-08-08 23:15:00,bus-terminal,75,51.1,76,30.9,2.3,1.5,0.38,23,5,Moderate,Low
2026-08-08 23:30:00,central-junction,66,51.7,90,26.7,4.5,2.6,0.59,23,5,Moderate,Low
2026-08-08 23:30:00,railway-station,69,46.8,68,30.0,1.5,0.9,0.42,23,5,Moderate,Low
2026-08-08 23:30:00,airport-road,52,55.5,70,29.9,5.3,3.4,0.52,23,5,Low,Low
2026-08-08 23:30:00,industrial-area,30,58.2,81,29.6,9.2,4.9,0.68,23,5,Low,Low
2026-08-08 23:30:00,city-hospital,28,58.7,77,22.0,0.1,0.1,0.48,23,5,Low,Low
2026-08-08 23:30:00,residential-zone,36,53.1,63,26.8,8.6,6.8,0.71,23,5,Low,Low
2026-08-08 23:30:00,river-zone,35,56.4,86,30.4,9.3,5.8,0.98,23,5,Low,Low
2026-08-08 23:30:00,bus-terminal,51,51.0,87,22.3,4.7,3.0,0.72,23,5,Low,Low
2026-08-08 23:45:00,central-junction,40,54.2,81,34.0,5.2,2.2,0.77,23,5,Low,Low
2026-08-08 23:45:00,railway-station,49,56.2,57,27.6,2.7,2.3,0.66,23,5,Low,Low
2026-08-08 23:45:00,airport-road,43,55.8,47,33.4,3.7,2.7,0.57,23,5,Low,Low
2026-08-08 23:45:00,industrial-area,33,59.3,90,21.9,7.8,6.1,0.83,23,5,Low,Low
2026-08-08 23:45:00,city-hospital,28,57.6,77,27.7,2.3,2.0,0.63,23,5,Low,Low
2026-08-08 23:45:00,residential-zone,56,44.6,79,28.2,52.0,42.8,2.36,23,5,Moderate,Critical
2026-08-08 23:45:00,river-zone,62,40.4,82,27.5,53.9,44.2,2.67,23,5,Moderate,Critical
2026-08-08 23:45:00,bus-terminal,60,41.9,54,24.2,70.6,58.4,2.98,23,5,Moderate,Critical
2026-08-09 00:00:00,central-junction,50,51.5,89,24.1,0.1,0.1,0.4,0,6,Low,Low
2026-08-09 00:00:00,railway-station,48,54.7,92,34.6,5.7,3.9,0.7,0,6,Low,Low
2026-08-09 00:00:00,airport-road,38,51.3,63,28.8,45.3,35.5,2.14,0,6,Low,High
2026-08-09 00:00:00,industrial-area,33,59.7,99,21.7,4.4,3.5,0.74,0,6,Low,Low
2026-08-09 00:00:00,city-hospital,39,56.1,59,33.3,3.3,1.6,0.5,0,6,Low,Low
2026-08-09 00:00:00,residential-zone,36,57.3,67,23.7,1.3,1.1,0.56,0,6,Low,Low
2026-08-09 00:00:00,river-zone,40,53.8,70,30.5,8.6,5.4,1.16,0,6,Low,Moderate
2026-08-09 00:00:00,bus-terminal,39,56.2,66,28.7,0.9,0.5,0.45,0,6,Low,Low
2026-08-09 00:15:00,central-junction,53,51.1,64,33.6,0.9,0.5,0.36,0,6,Low,Low
2026-08-09 00:15:00,railway-station,48,50.3,81,23.1,27.7,15.0,1.43,0,6,Low,Moderate
2026-08-09 00:15:00,airport-road,43,55.3,79,33.8,8.7,7.0,0.81,0,6,Low,Low
2026-08-09 00:15:00,industrial-area,32,56.9,92,27.1,7.4,5.3,0.8,0,6,Low,Low
2026-08-09 00:15:00,city-hospital,54,54.2,86,26.3,8.7,6.7,0.79,0,6,Low,Low
2026-08-09 00:15:00,residential-zone,22,56.3,57,32.3,8.4,3.9,0.88,0,6,Low,Low
2026-08-09 00:15:00,river-zone,26,56.2,47,27.1,8.7,4.2,1.1,0,6,Low,Low
2026-08-09 00:15:00,bus-terminal,35,54.2,56,30.6,8.5,3.8,0.84,0,6,Low,Low
2026-08-09 00:30:00,central-junction,37,58.6,71,32.1,6.0,5.0,0.75,0,6,Low,Low
2026-08-09 00:30:00,railway-station,53,54.8,58,33.0,10.0,5.0,0.83,0,6,Low,Low
2026-08-09 00:30:00,airport-road,29,45.4,43,16.0,84.6,58.1,3.45,0,6,Low,Critical
2026-08-09 00:30:00,industrial-area,38,57.2,111,31.2,6.7,5.8,0.54,0,6,Low,Low
2026-08-09 00:30:00,city-hospital,28,55.8,46,32.5,5.0,2.4,0.68,0,6,Low,Low
2026-08-09 00:30:00,residential-zone,48,50.5,68,29.8,9.0,6.1,0.79,0,6,Low,Low
2026-08-09 00:30:00,river-zone,19,59.6,79,29.1,7.3,3.5,1.14,0,6,Low,Low
2026-08-09 00:30:00,bus-terminal,27,56.4,70,29.3,3.0,1.5,0.55,0,6,Low,Low
2026-08-09 00:45:00,central-junction,36,45.5,52,16.3,97.1,81.3,3.87,0,6,Low,Critical
2026-08-09 00:45:00,railway-station,53,52.3,71,31.8,4.1,3.2,0.62,0,6,Low,Low
2026-08-09 00:45:00,airport-road,35,57.8,49,24.4,8.0,3.9,0.81,0,6,Low,Low
2026-08-09 00:45:00,industrial-area,36,53.8,68,23.6,8.5,6.0,0.62,0,6,Low,Low
2026-08-09 00:45:00,city-hospital,35,54.6,70,31.4,4.5,3.2,0.58,0,6,Low,Low
2026-08-09 00:45:00,residential-zone,47,56.1,73,26.6,6.6,5.4,0.72,0,6,Low,Low
2026-08-09 00:45:00,river-zone,30,59.1,54,26.1,5.3,3.1,1.05,0,6,Low,Low
2026-08-09 00:45:00,bus-terminal,51,52.9,60,25.5,0.3,0.2,0.57,0,6,Low,Low
2026-08-09 01:00:00,central-junction,50,53.7,78,25.5,2.1,1.7,0.54,1,6,Low,Low
2026-08-09 01:00:00,railway-station,53,52.2,93,33.1,3.3,2.5,0.59,1,6,Low,Low
2026-08-09 01:00:00,airport-road,50,51.1,88,29.8,6.9,6.0,0.83,1,6,Low,Low
2026-08-09 01:00:00,industrial-area,53,50.5,78,34.5,0.4,0.2,0.33,1,6,Low,Low
2026-08-09 01:00:00,city-hospital,55,49.7,85,23.0,7.5,6.0,0.58,1,6,Low,Low
2026-08-09 01:00:00,residential-zone,53,52.2,64,22.6,8.1,5.0,0.86,1,6,Low,Low
2026-08-09 01:00:00,river-zone,57,55.1,90,35.7,1.7,1.5,0.86,1,6,Low,Low
2026-08-09 01:00:00,bus-terminal,52,52.4,81,34.3,6.1,5.0,0.67,1,6,Low,Low
2026-08-09 01:15:00,central-junction,37,39.8,40,13.7,125.8,86.0,4.96,1,6,Low,Critical
2026-08-09 01:15:00,railway-station,35,57.4,77,23.9,1.8,1.6,0.58,1,6,Low,Low
2026-08-09 01:15:00,airport-road,29,58.6,69,33.2,0.9,0.7,0.35,1,6,Low,Low
2026-08-09 01:15:00,industrial-area,41,42.0,72,20.6,92.7,67.1,3.74,1,6,Low,Critical
2026-08-09 01:15:00,city-hospital,44,55.0,71,24.4,5.3,3.7,0.68,1,6,Low,Low
2026-08-09 01:15:00,residential-zone,19,61.8,43,30.6,6.9,3.8,0.63,1,6,Low,Low
2026-08-09 01:15:00,river-zone,29,49.5,52,29.0,75.9,55.4,3.32,1,6,Low,Critical
2026-08-09 01:15:00,bus-terminal,37,57.9,87,28.3,5.8,3.5,0.62,1,6,Low,Low
2026-08-09 01:30:00,central-junction,45,52.9,90,26.5,1.0,0.4,0.42,1,6,Low,Low
2026-08-09 01:30:00,railway-station,44,55.8,88,26.0,0.5,0.4,0.53,1,6,Low,Low
2026-08-09 01:30:00,airport-road,55,50.5,50,34.6,4.6,1.9,0.58,1,6,Low,Low
2026-08-09 01:30:00,industrial-area,21,59.9,57,32.5,5.2,3.8,0.76,1,6,Low,Low
2026-08-09 01:30:00,city-hospital,27,56.7,76,27.5,8.4,6.5,0.89,1,6,Low,Low
2026-08-09 01:30:00,residential-zone,29,58.7,55,31.6,3.8,3.3,0.49,1,6,Low,Low
2026-08-09 01:30:00,river-zone,26,57.3,84,22.4,2.0,1.6,0.97,1,6,Low,Low
2026-08-09 01:30:00,bus-terminal,34,55.6,69,31.6,6.2,4.3,0.53,1,6,Low,Low
2026-08-09 01:45:00,central-junction,22,58.2,51,25.0,4.2,2.9,0.49,1,6,Low,Low
2026-08-09 01:45:00,railway-station,48,52.3,92,23.8,2.0,1.2,0.67,1,6,Low,Low
2026-08-09 01:45:00,airport-road,26,60.3,54,26.0,0.0,0.0,0.44,1,6,Low,Low
2026-08-09 01:45:00,industrial-area,62,40.4,80,22.3,56.9,50.5,2.55,1,6,Moderate,Critical
2026-08-09 01:45:00,city-hospital,41,55.8,88,22.7,7.4,3.2,0.68,1,6,Low,Low
2026-08-09 01:45:00,residential-zone,33,55.4,75,27.7,4.1,1.7,0.65,1,6,Low,Low
2026-08-09 01:45:00,river-zone,52,52.1,59,23.8,9.8,5.6,1.13,1,6,Low,Moderate
2026-08-09 01:45:00,bus-terminal,49,53.5,58,28.1,4.1,3.3,0.65,1,6,Low,Low
2026-08-09 02:00:00,central-junction,43,54.2,60,22.6,23.4,9.5,1.22,2,6,Low,Moderate
2026-08-09 02:00:00,railway-station,39,54.6,49,28.3,0.0,0.0,0.46,2,6,Low,Low
2026-08-09 02:00:00,airport-road,31,60.0,77,22.5,4.2,2.9,0.68,2,6,Low,Low
2026-08-09 02:00:00,industrial-area,28,60.5,83,28.6,1.4,1.2,0.54,2,6,Low,Low
2026-08-09 02:00:00,city-hospital,22,57.8,51,29.2,1.3,1.1,0.42,2,6,Low,Low
2026-08-09 02:00:00,residential-zone,60,34.6,44,24.1,104.0,48.8,4.23,2,6,Moderate,Critical
2026-08-09 02:00:00,river-zone,45,52.4,74,33.6,9.0,5.5,0.98,2,6,Low,Low
2026-08-09 02:00:00,bus-terminal,45,54.1,62,33.8,3.4,2.8,0.48,2,6,Low,Low
2026-08-09 02:15:00,central-junction,54,55.8,70,31.1,0.0,0.0,0.59,2,6,Low,Low
2026-08-09 02:15:00,railway-station,31,59.6,50,31.7,3.5,1.6,0.52,2,6,Low,Low
2026-08-09 02:15:00,airport-road,58,39.3,64,23.0,66.1,54.6,2.76,2,6,Moderate,Critical
2026-08-09 02:15:00,industrial-area,59,50.3,67,24.2,8.4,4.8,0.73,2,6,Low,Low
2026-08-09 02:15:00,city-hospital,41,36.6,47,22.6,120.8,101.7,4.71,2,6,Low,Critical
2026-08-09 02:15:00,residential-zone,36,56.2,72,26.3,3.2,1.4,0.5,2,6,Low,Low
2026-08-09 02:15:00,river-zone,24,60.6,58,30.2,2.3,1.6,1.02,2,6,Low,Low
2026-08-09 02:15:00,bus-terminal,32,46.8,58,29.0,68.7,39.7,2.71,2,6,Low,Critical
2026-08-09 02:30:00,central-junction,42,56.7,58,32.9,4.2,3.8,0.5,2,6,Low,Low
2026-08-09 02:30:00,railway-station,45,56.8,62,29.1,7.2,4.9,0.85,2,6,Low,Low
2026-08-09 02:30:00,airport-road,48,42.8,76,21.0,77.8,42.7,3.29,2,6,Moderate,Critical
2026-08-09 02:30:00,industrial-area,40,53.6,105,29.5,1.0,0.8,0.4,2,6,Low,Low
2026-08-09 02:30:00,city-hospital,36,40.4,42,17.7,125.7,82.1,4.99,2,6,Low,Critical
2026-08-09 02:30:00,residential-zone,36,49.2,82,21.7,49.6,42.5,2.19,2,6,Low,High
2026-08-09 02:30:00,river-zone,33,50.3,46,22.8,52.1,27.4,2.64,2,6,Low,Critical
2026-08-09 02:30:00,bus-terminal,43,47.9,49,26.4,65.3,42.4,2.68,2,6,Low,Critical
2026-08-09 02:45:00,central-junction,60,53.3,72,22.8,5.4,3.6,0.59,2,6,Low,Low
2026-08-09 02:45:00,railway-station,33,54.4,82,24.0,7.8,3.2,0.77,2,6,Low,Low
2026-08-09 02:45:00,airport-road,36,57.3,88,32.3,2.4,2.0,0.54,2,6,Low,Low
2026-08-09 02:45:00,industrial-area,52,49.1,67,25.9,9.9,5.3,0.92,2,6,Low,Low
2026-08-09 02:45:00,city-hospital,23,47.1,73,24.3,78.7,53.9,3.29,2,6,Low,Critical
2026-08-09 02:45:00,residential-zone,25,58.5,52,26.1,1.1,0.6,0.45,2,6,Low,Low
2026-08-09 02:45:00,river-zone,30,55.0,55,31.8,3.0,1.8,0.94,2,6,Low,Low
2026-08-09 02:45:00,bus-terminal,30,51.8,59,18.8,52.6,40.9,2.39,2,6,Low,Critical
2026-08-09 03:00:00,central-junction,21,39.8,69,14.6,126.1,99.0,4.79,3,6,Low,Critical
2026-08-09 03:00:00,railway-station,41,53.4,75,25.1,1.9,1.3,0.41,3,6,Low,Low
2026-08-09 03:00:00,airport-road,40,52.8,47,28.8,9.0,6.3,0.91,3,6,Low,Low
2026-08-09 03:00:00,industrial-area,39,55.3,70,27.0,3.9,2.1,0.55,3,6,Low,Low
2026-08-09 03:00:00,city-hospital,45,48.4,63,27.9,42.7,22.7,1.88,3,6,Low,High
2026-08-09 03:00:00,residential-zone,35,59.2,81,33.8,6.1,2.8,0.67,3,6,Low,Low
2026-08-09 03:00:00,river-zone,55,40.5,49,23.2,69.2,37.4,3.15,3,6,Moderate,Critical
2026-08-09 03:00:00,bus-terminal,35,53.7,53,24.3,7.5,5.2,0.62,3,6,Low,Low
2026-08-09 03:15:00,central-junction,49,55.0,78,22.3,2.2,1.4,0.51,3,6,Low,Low
2026-08-09 03:15:00,railway-station,32,51.9,77,23.1,29.6,19.1,1.42,3,6,Low,Moderate
2026-08-09 03:15:00,airport-road,43,55.5,75,25.6,8.2,6.7,0.87,3,6,Low,Low
2026-08-09 03:15:00,industrial-area,54,55.3,95,25.3,5.2,3.6,0.69,3,6,Low,Low
2026-08-09 03:15:00,city-hospital,24,60.9,79,28.2,7.1,5.6,0.66,3,6,Low,Low
2026-08-09 03:15:00,residential-zone,40,57.8,78,32.3,2.3,1.8,0.47,3,6,Low,Low
2026-08-09 03:15:00,river-zone,52,50.6,90,34.8,8.6,7.1,1.05,3,6,Low,Low
2026-08-09 03:15:00,bus-terminal,56,52.7,50,32.4,2.6,1.8,0.43,3,6,Low,Low
2026-08-09 03:30:00,central-junction,41,54.9,78,29.5,2.7,1.1,0.65,3,6,Low,Low
2026-08-09 03:30:00,railway-station,46,54.2,69,31.3,9.2,4.5,0.64,3,6,Low,Low
2026-08-09 03:30:00,airport-road,25,56.6,46,27.9,6.6,4.9,0.78,3,6,Low,Low
2026-08-09 03:30:00,industrial-area,34,55.1,85,33.5,7.5,4.7,0.83,3,6,Low,Low
2026-08-09 03:30:00,city-hospital,55,51.9,54,21.6,8.1,3.9,0.59,3,6,Low,Low
2026-08-09 03:30:00,residential-zone,58,52.9,67,35.0,5.5,2.9,0.67,3,6,Low,Low
2026-08-09 03:30:00,river-zone,30,58.9,41,24.9,8.3,7.2,1.11,3,6,Low,Moderate
2026-08-09 03:30:00,bus-terminal,31,60.2,71,34.3,4.0,2.6,0.46,3,6,Low,Low
2026-08-09 03:45:00,central-junction,56,54.7,94,27.0,2.8,1.4,0.48,3,6,Low,Low
2026-08-09 03:45:00,railway-station,44,56.4,77,29.4,2.1,1.3,0.45,3,6,Low,Low
2026-08-09 03:45:00,airport-road,43,52.5,47,26.6,7.9,4.1,0.84,3,6,Low,Low
2026-08-09 03:45:00,industrial-area,33,57.4,68,33.7,1.8,1.6,0.44,3,6,Low,Low
2026-08-09 03:45:00,city-hospital,31,56.0,70,28.6,3.9,1.7,0.63,3,6,Low,Low
2026-08-09 03:45:00,residential-zone,37,54.9,70,34.8,4.0,3.2,0.52,3,6,Low,Low
2026-08-09 03:45:00,river-zone,35,56.2,62,28.8,5.3,2.5,1.13,3,6,Low,Low
2026-08-09 03:45:00,bus-terminal,37,56.8,63,26.3,9.0,4.0,0.84,3,6,Low,Low
2026-08-09 04:00:00,central-junction,69,45.7,62,28.6,9.3,5.3,0.91,4,6,Moderate,Low
2026-08-09 04:00:00,railway-station,34,55.8,51,30.9,9.4,4.5,0.76,4,6,Low,Low
2026-08-09 04:00:00,airport-road,43,37.3,68,20.5,130.9,103.8,5.06,4,6,Moderate,Critical
2026-08-09 04:00:00,industrial-area,23,62.3,59,28.1,0.3,0.3,0.56,4,6,Low,Low
2026-08-09 04:00:00,city-hospital,43,55.0,46,33.4,7.0,5.5,0.82,4,6,Low,Low
2026-08-09 04:00:00,residential-zone,34,49.1,48,21.7,55.6,46.3,2.37,4,6,Low,Critical
2026-08-09 04:00:00,river-zone,50,52.6,72,24.3,6.1,4.8,0.87,4,6,Low,Low
2026-08-09 04:00:00,bus-terminal,69,48.8,68,29.2,5.5,4.0,0.51,4,6,Moderate,Low
2026-08-09 04:15:00,central-junction,44,54.7,51,33.2,6.6,2.9,0.6,4,6,Low,Low
2026-08-09 04:15:00,railway-station,34,57.5,74,28.3,9.6,8.4,0.88,4,6,Low,Low
2026-08-09 04:15:00,airport-road,41,54.1,75,24.5,8.6,7.5,0.85,4,6,Low,Low
2026-08-09 04:15:00,industrial-area,36,56.4,68,29.6,7.9,6.6,0.8,4,6,Low,Low
2026-08-09 04:15:00,city-hospital,35,55.5,57,28.1,8.8,6.6,0.71,4,6,Low,Low
2026-08-09 04:15:00,residential-zone,28,55.5,64,22.8,9.9,6.2,0.8,4,6,Low,Low
2026-08-09 04:15:00,river-zone,34,54.7,64,25.3,7.8,5.4,1.17,4,6,Low,Moderate
2026-08-09 04:15:00,bus-terminal,30,57.3,69,27.9,7.5,5.1,0.61,4,6,Low,Low
2026-08-09 04:30:00,central-junction,47,56.5,69,29.6,0.9,0.5,0.63,4,6,Low,Low
2026-08-09 04:30:00,railway-station,24,57.2,70,33.1,0.0,0.0,0.38,4,6,Low,Low
2026-08-09 04:30:00,airport-road,22,52.3,41,22.7,39.8,31.7,1.83,4,6,Low,High
2026-08-09 04:30:00,industrial-area,20,61.9,65,24.5,5.4,3.7,0.52,4,6,Low,Low
2026-08-09 04:30:00,city-hospital,43,55.0,73,28.8,6.7,5.6,0.76,4,6,Low,Low
2026-08-09 04:30:00,residential-zone,36,54.3,76,33.4,9.4,7.1,0.82,4,6,Low,Low
2026-08-09 04:30:00,river-zone,35,56.9,82,24.2,1.8,1.5,0.76,4,6,Low,Low
2026-08-09 04:30:00,bus-terminal,53,51.8,71,23.6,2.6,1.9,0.59,4,6,Low,Low
2026-08-09 04:45:00,central-junction,66,41.2,82,28.4,62.7,44.0,2.65,4,6,Moderate,Critical
2026-08-09 04:45:00,railway-station,73,47.3,88,24.9,2.3,1.0,0.54,4,6,Moderate,Low
2026-08-09 04:45:00,airport-road,31,57.7,87,33.3,8.2,6.0,0.63,4,6,Low,Low
2026-08-09 04:45:00,industrial-area,30,55.7,66,31.3,3.6,2.5,0.67,4,6,Low,Low
2026-08-09 04:45:00,city-hospital,40,52.8,64,32.8,5.4,2.7,0.59,4,6,Low,Low
2026-08-09 04:45:00,residential-zone,69,37.5,73,21.3,81.5,47.9,3.25,4,6,Moderate,Critical
2026-08-09 04:45:00,river-zone,27,57.1,56,34.7,2.9,1.3,0.82,4,6,Low,Low
2026-08-09 04:45:00,bus-terminal,42,57.6,80,35.3,3.4,1.7,0.54,4,6,Low,Low
2026-08-09 05:00:00,central-junction,30,59.2,63,28.6,3.0,1.6,0.53,5,6,Low,Low
2026-08-09 05:00:00,railway-station,57,39.3,55,27.9,88.4,57.4,3.52,5,6,Moderate,Critical
2026-08-09 05:00:00,airport-road,39,54.8,60,34.8,8.6,7.0,0.72,5,6,Low,Low
2026-08-09 05:00:00,industrial-area,28,60.3,110,25.0,6.1,3.4,0.62,5,6,Low,Low
2026-08-09 05:00:00,city-hospital,37,58.3,63,29.9,7.3,5.7,0.83,5,6,Low,Low
2026-08-09 05:00:00,residential-zone,38,55.0,77,30.2,8.6,5.2,0.67,5,6,Low,Low
2026-08-09 05:00:00,river-zone,35,53.9,70,23.5,38.9,23.8,2.22,5,6,Low,High
2026-08-09 05:00:00,bus-terminal,69,48.5,93,22.2,1.7,0.7,0.36,5,6,Moderate,Low
2026-08-09 05:15:00,central-junction,33,58.6,57,31.3,5.6,2.9,0.64,5,6,Low,Low
2026-08-09 05:15:00,railway-station,42,54.3,82,30.5,0.9,0.6,0.5,5,6,Low,Low
2026-08-09 05:15:00,airport-road,43,54.1,58,30.8,6.4,4.6,0.62,5,6,Low,Low
2026-08-09 05:15:00,industrial-area,28,59.3,65,35.3,7.0,5.5,0.65,5,6,Low,Low
2026-08-09 05:15:00,city-hospital,29,56.1,50,25.0,1.2,0.8,0.46,5,6,Low,Low
2026-08-09 05:15:00,residential-zone,50,50.3,91,24.9,5.9,3.0,0.54,5,6,Low,Low
2026-08-09 05:15:00,river-zone,40,55.7,53,33.7,8.8,7.6,0.97,5,6,Low,Low
2026-08-09 05:15:00,bus-terminal,65,49.0,57,25.3,3.3,2.7,0.59,5,6,Moderate,Low
2026-08-09 05:30:00,central-junction,29,56.3,71,27.7,5.1,2.8,0.66,5,6,Low,Low
2026-08-09 05:30:00,railway-station,66,44.3,53,21.9,31.2,18.1,1.54,5,6,Moderate,Moderate
2026-08-09 05:30:00,airport-road,31,54.7,67,23.3,6.7,5.4,0.67,5,6,Low,Low
2026-08-09 05:30:00,industrial-area,50,55.1,91,31.2,3.2,2.0,0.47,5,6,Low,Low
2026-08-09 05:30:00,city-hospital,39,52.4,54,33.4,7.3,5.9,0.59,5,6,Low,Low
2026-08-09 05:30:00,residential-zone,43,57.9,67,25.5,0.8,0.7,0.51,5,6,Low,Low
2026-08-09 05:30:00,river-zone,52,55.6,86,32.3,3.1,2.1,0.97,5,6,Low,Low
2026-08-09 05:30:00,bus-terminal,45,51.0,58,32.1,9.7,7.4,0.85,5,6,Low,Low
2026-08-09 05:45:00,central-junction,55,51.0,67,33.9,1.7,1.3,0.54,5,6,Low,Low
2026-08-09 05:45:00,railway-station,38,49.5,49,20.4,63.9,29.5,2.6,5,6,Low,Critical
2026-08-09 05:45:00,airport-road,46,53.9,65,34.0,5.3,4.7,0.64,5,6,Low,Low
2026-08-09 05:45:00,industrial-area,35,57.1,79,33.7,7.8,4.7,0.7,5,6,Low,Low
2026-08-09 05:45:00,city-hospital,26,60.8,82,31.4,7.5,6.2,0.82,5,6,Low,Low
2026-08-09 05:45:00,residential-zone,51,51.1,77,24.9,1.8,0.8,0.39,5,6,Low,Low
2026-08-09 05:45:00,river-zone,25,55.8,64,29.4,7.9,3.3,0.93,5,6,Low,Low
2026-08-09 05:45:00,bus-terminal,32,58.0,60,32.3,2.2,1.8,0.47,5,6,Low,Low
2026-08-09 06:00:00,central-junction,53,53.2,57,24.1,10.0,7.3,0.8,6,6,Low,Low
2026-08-09 06:00:00,railway-station,51,51.8,44,32.3,0.8,0.6,0.61,6,6,Low,Low
2026-08-09 06:00:00,airport-road,24,47.3,65,21.4,88.4,54.7,3.58,6,6,Low,Critical
2026-08-09 06:00:00,industrial-area,47,55.0,93,23.1,6.8,5.3,0.71,6,6,Low,Low
2026-08-09 06:00:00,city-hospital,49,51.4,78,35.4,1.3,0.9,0.47,6,6,Low,Low
2026-08-09 06:00:00,residential-zone,52,40.8,79,19.9,70.7,40.5,2.92,6,6,Moderate,Critical
2026-08-09 06:00:00,river-zone,37,43.3,52,23.0,73.9,40.4,3.45,6,6,Low,Critical
2026-08-09 06:00:00,bus-terminal,46,46.6,45,25.2,47.5,21.6,2.24,6,6,Low,High
2026-08-09 06:15:00,central-junction,78,45.6,65,28.6,3.1,1.9,0.63,6,6,Moderate,Low
2026-08-09 06:15:00,railway-station,75,48.2,73,24.7,2.4,1.3,0.6,6,6,Moderate,Low
2026-08-09 06:15:00,airport-road,41,57.5,59,34.5,4.1,2.7,0.48,6,6,Low,Low
2026-08-09 06:15:00,industrial-area,25,49.5,113,29.6,50.5,42.9,2.2,6,6,Low,High
2026-08-09 06:15:00,city-hospital,47,54.4,74,25.6,8.1,5.2,0.76,6,6,Low,Low
2026-08-09 06:15:00,residential-zone,46,52.0,62,32.7,5.2,2.6,0.68,6,6,Low,Low
2026-08-09 06:15:00,river-zone,35,55.8,75,32.1,6.4,3.5,1.16,6,6,Low,Low
2026-08-09 06:15:00,bus-terminal,40,56.6,87,26.6,1.1,0.6,0.41,6,6,Low,Low
2026-08-09 06:30:00,central-junction,35,56.1,64,22.2,2.8,2.0,0.47,6,6,Low,Low
2026-08-09 06:30:00,railway-station,34,60.2,63,29.6,0.3,0.3,0.52,6,6,Low,Low
2026-08-09 06:30:00,airport-road,47,55.8,70,29.7,1.0,0.5,0.57,6,6,Low,Low
2026-08-09 06:30:00,industrial-area,40,58.9,91,24.3,0.8,0.3,0.62,6,6,Low,Low
2026-08-09 06:30:00,city-hospital,50,54.3,65,34.2,1.0,0.9,0.43,6,6,Low,Low
2026-08-09 06:30:00,residential-zone,32,57.7,74,23.3,4.5,2.8,0.56,6,6,Low,Low
2026-08-09 06:30:00,river-zone,30,56.8,62,25.5,3.2,2.1,0.94,6,6,Low,Low
2026-08-09 06:30:00,bus-terminal,53,50.6,59,34.4,9.3,4.4,0.79,6,6,Low,Low
2026-08-09 06:45:00,central-junction,83,44.0,71,25.7,2.5,1.8,0.61,6,6,Moderate,Low
2026-08-09 06:45:00,railway-station,48,56.0,75,30.3,8.6,4.5,0.68,6,6,Low,Low
2026-08-09 06:45:00,airport-road,55,50.2,54,31.1,7.2,3.5,0.76,6,6,Low,Low
2026-08-09 06:45:00,industrial-area,26,43.2,86,12.8,123.9,91.8,4.7,6,6,Low,Critical
2026-08-09 06:45:00,city-hospital,26,56.9,62,23.8,5.3,4.6,0.66,6,6,Low,Low
2026-08-09 06:45:00,residential-zone,40,46.6,50,27.2,55.4,36.7,2.39,6,6,Low,Critical
2026-08-09 06:45:00,river-zone,29,56.7,76,22.1,2.6,1.9,0.8,6,6,Low,Low
2026-08-09 06:45:00,bus-terminal,65,43.7,70,21.7,62.2,42.3,2.72,6,6,Moderate,Critical
2026-08-09 07:00:00,central-junction,62,52.1,55,25.8,5.4,2.2,0.51,7,6,Low,Low
2026-08-09 07:00:00,railway-station,36,54.2,64,28.5,7.0,5.5,0.76,7,6,Low,Low
2026-08-09 07:00:00,airport-road,28,49.0,44,20.9,66.4,30.9,2.81,7,6,Low,Critical
2026-08-09 07:00:00,industrial-area,44,52.1,100,26.2,6.7,3.9,0.79,7,6,Low,Low
2026-08-09 07:00:00,city-hospital,36,58.7,81,27.2,0.5,0.3,0.41,7,6,Low,Low
2026-08-09 07:00:00,residential-zone,58,50.4,61,33.4,7.2,4.1,0.71,7,6,Low,Low
2026-08-09 07:00:00,river-zone,21,59.4,49,25.0,9.1,5.3,1.0,7,6,Low,Low
2026-08-09 07:00:00,bus-terminal,46,56.5,85,32.9,8.6,5.9,0.86,7,6,Low,Low
2026-08-09 07:15:00,central-junction,35,54.7,50,28.5,8.9,3.7,0.69,7,6,Low,Low
2026-08-09 07:15:00,railway-station,74,50.8,76,24.9,1.1,0.6,0.57,7,6,Moderate,Low
2026-08-09 07:15:00,airport-road,33,55.0,56,32.6,4.4,2.4,0.69,7,6,Low,Low
2026-08-09 07:15:00,industrial-area,55,53.5,73,28.6,5.6,3.9,0.7,7,6,Low,Low
2026-08-09 07:15:00,city-hospital,33,54.6,92,23.4,2.7,1.3,0.43,7,6,Low,Low
2026-08-09 07:15:00,residential-zone,29,61.0,67,29.3,2.0,1.4,0.62,7,6,Low,Low
2026-08-09 07:15:00,river-zone,47,53.2,66,28.1,5.0,3.7,0.91,7,6,Low,Low
2026-08-09 07:15:00,bus-terminal,69,51.1,61,22.3,6.2,3.2,0.65,7,6,Moderate,Low
2026-08-09 07:30:00,central-junction,34,55.2,62,27.4,2.9,1.5,0.54,7,6,Low,Low
2026-08-09 07:30:00,railway-station,60,53.9,85,22.0,2.7,1.2,0.69,7,6,Low,Low
2026-08-09 07:30:00,airport-road,43,54.2,74,29.5,2.1,1.6,0.63,7,6,Low,Low
2026-08-09 07:30:00,industrial-area,29,60.0,74,24.7,2.8,2.0,0.62,7,6,Low,Low
2026-08-09 07:30:00,city-hospital,40,58.7,55,23.7,0.6,0.3,0.42,7,6,Low,Low
2026-08-09 07:30:00,residential-zone,18,61.7,83,24.1,2.8,1.4,0.69,7,6,Low,Low
2026-08-09 07:30:00,river-zone,42,38.6,63,18.2,121.3,83.0,5.1,7,6,Low,Critical
2026-08-09 07:30:00,bus-terminal,75,46.5,83,33.3,7.8,3.8,0.67,7,6,Moderate,Low
2026-08-09 07:45:00,central-junction,40,53.4,81,25.5,8.1,5.4,0.67,7,6,Low,Low
2026-08-09 07:45:00,railway-station,26,57.6,61,29.1,9.6,6.1,0.87,7,6,Low,Low
2026-08-09 07:45:00,airport-road,29,57.0,79,27.5,9.7,8.0,0.65,7,6,Low,Low
2026-08-09 07:45:00,industrial-area,21,57.8,108,33.7,3.5,2.3,0.62,7,6,Low,Low
2026-08-09 07:45:00,city-hospital,28,59.6,60,25.6,4.7,3.4,0.55,7,6,Low,Low
2026-08-09 07:45:00,residential-zone,32,58.0,53,23.3,5.3,4.3,0.62,7,6,Low,Low
2026-08-09 07:45:00,river-zone,29,53.8,59,27.5,39.3,21.0,2.08,7,6,Low,High
2026-08-09 07:45:00,bus-terminal,55,51.3,72,29.5,3.2,2.2,0.63,7,6,Low,Low
2026-08-09 08:00:00,central-junction,28,58.0,84,31.6,0.5,0.3,0.52,8,6,Low,Low
2026-08-09 08:00:00,railway-station,58,43.1,84,26.1,75.2,50.5,2.99,8,6,Moderate,Critical
2026-08-09 08:00:00,airport-road,41,53.7,54,26.8,6.6,5.7,0.82,8,6,Low,Low
2026-08-09 08:00:00,industrial-area,34,59.7,87,34.2,3.6,2.4,0.71,8,6,Low,Low
2026-08-09 08:00:00,city-hospital,35,44.9,51,24.4,68.9,36.6,2.77,8,6,Low,Critical
2026-08-09 08:00:00,residential-zone,20,57.8,40,29.9,2.8,1.4,0.56,8,6,Low,Low
2026-08-09 08:00:00,river-zone,28,55.0,72,23.8,7.0,4.7,0.94,8,6,Low,Low
2026-08-09 08:00:00,bus-terminal,33,46.9,60,22.8,53.9,40.5,2.41,8,6,Low,Critical
2026-08-09 08:15:00,central-junction,39,53.8,53,28.9,5.0,3.1,0.62,8,6,Low,Low
2026-08-09 08:15:00,railway-station,57,50.5,82,25.7,1.7,1.5,0.51,8,6,Low,Low
2026-08-09 08:15:00,airport-road,38,55.4,65,22.9,7.2,5.2,0.76,8,6,Low,Low
2026-08-09 08:15:00,industrial-area,29,56.8,105,21.9,1.6,1.2,0.45,8,6,Low,Low
2026-08-09 08:15:00,city-hospital,36,56.9,78,27.6,6.8,3.2,0.8,8,6,Low,Low
2026-08-09 08:15:00,residential-zone,26,42.9,47,18.8,89.3,71.4,3.52,8,6,Low,Critical
2026-08-09 08:15:00,river-zone,41,54.6,44,34.6,7.2,4.5,1.03,8,6,Low,Low
2026-08-09 08:15:00,bus-terminal,37,55.1,67,33.4,3.2,1.5,0.51,8,6,Low,Low
2026-08-09 08:30:00,central-junction,60,53.2,62,31.2,9.7,8.0,0.8,8,6,Low,Low
2026-08-09 08:30:00,railway-station,59,50.1,83,32.7,8.4,6.8,0.86,8,6,Low,Low
2026-08-09 08:30:00,airport-road,58,54.2,71,22.3,0.4,0.3,0.47,8,6,Low,Low
2026-08-09 08:30:00,industrial-area,45,55.3,74,34.0,3.2,2.0,0.57,8,6,Low,Low
2026-08-09 08:30:00,city-hospital,58,51.0,84,22.0,6.7,4.4,0.82,8,6,Low,Low
2026-08-09 08:30:00,residential-zone,64,52.0,62,25.9,6.3,3.9,0.71,8,6,Moderate,Low
2026-08-09 08:30:00,river-zone,32,57.5,62,24.1,0.5,0.2,0.85,8,6,Low,Low
2026-08-09 08:30:00,bus-terminal,31,56.8,65,22.6,2.3,1.6,0.45,8,6,Low,Low
2026-08-09 08:45:00,central-junction,61,52.9,62,24.5,5.3,3.1,0.53,8,6,Low,Low
2026-08-09 08:45:00,railway-station,65,47.0,82,35.6,4.5,3.5,0.62,8,6,Moderate,Low
2026-08-09 08:45:00,airport-road,31,57.9,73,30.5,3.6,1.7,0.46,8,6,Low,Low
2026-08-09 08:45:00,industrial-area,47,51.8,107,24.3,8.3,4.6,0.61,8,6,Low,Low
2026-08-09 08:45:00,city-hospital,25,56.4,40,27.7,1.5,0.6,0.41,8,6,Low,Low
2026-08-09 08:45:00,residential-zone,25,57.8,62,32.0,4.5,2.2,0.72,8,6,Low,Low
2026-08-09 08:45:00,river-zone,35,59.7,67,24.0,0.4,0.2,0.85,8,6,Low,Low
2026-08-09 08:45:00,bus-terminal,49,55.9,62,28.1,1.6,1.0,0.48,8,6,Low,Low
2026-08-09 09:00:00,central-junction,76,50.6,80,33.0,1.5,1.0,0.53,9,6,Moderate,Low
2026-08-09 09:00:00,railway-station,32,59.2,62,35.5,4.8,3.0,0.48,9,6,Low,Low
2026-08-09 09:00:00,airport-road,35,58.1,44,21.9,5.0,2.7,0.67,9,6,Low,Low
2026-08-09 09:00:00,industrial-area,60,47.3,94,24.7,9.9,6.0,0.82,9,6,Moderate,Low
2026-08-09 09:00:00,city-hospital,38,57.5,55,23.3,4.0,3.6,0.59,9,6,Low,Low
2026-08-09 09:00:00,residential-zone,43,54.9,83,25.9,7.2,5.8,0.75,9,6,Low,Low
2026-08-09 09:00:00,river-zone,19,61.0,72,23.7,3.7,3.0,0.86,9,6,Low,Low
2026-08-09 09:00:00,bus-terminal,41,52.5,54,31.4,6.2,5.0,0.56,9,6,Low,Low
2026-08-09 09:15:00,central-junction,23,57.1,47,32.8,5.7,4.8,0.57,9,6,Low,Low
2026-08-09 09:15:00,railway-station,78,47.6,81,29.1,1.9,0.9,0.61,9,6,Moderate,Low
2026-08-09 09:15:00,airport-road,37,47.3,70,21.0,72.3,35.5,2.93,9,6,Low,Critical
2026-08-09 09:15:00,industrial-area,37,54.9,99,24.0,4.0,1.8,0.54,9,6,Low,Low
2026-08-09 09:15:00,city-hospital,24,61.9,56,26.1,1.5,1.3,0.36,9,6,Low,Low
2026-08-09 09:15:00,residential-zone,46,46.4,68,24.7,37.7,23.2,1.78,9,6,Low,High
2026-08-09 09:15:00,river-zone,59,48.4,83,34.8,7.2,3.7,1.12,9,6,Low,Low
2026-08-09 09:15:00,bus-terminal,46,53.5,80,23.0,1.8,0.9,0.47,9,6,Low,Low
2026-08-09 09:30:00,central-junction,45,47.6,47,33.1,36.6,18.5,1.74,9,6,Low,High
2026-08-09 09:30:00,railway-station,29,58.4,77,26.5,2.3,1.8,0.52,9,6,Low,Low
2026-08-09 09:30:00,airport-road,51,48.6,55,32.2,29.2,16.8,1.43,9,6,Low,Moderate
2026-08-09 09:30:00,industrial-area,57,52.4,71,21.4,8.4,7.0,0.63,9,6,Low,Low
2026-08-09 09:30:00,city-hospital,42,49.1,59,20.2,61.8,54.1,2.51,9,6,Low,Critical
2026-08-09 09:30:00,residential-zone,53,49.3,67,26.7,7.7,4.0,0.74,9,6,Low,Low
2026-08-09 09:30:00,river-zone,52,54.0,64,26.6,3.9,2.9,1.03,9,6,Low,Low
2026-08-09 09:30:00,bus-terminal,74,48.2,71,35.8,2.3,1.9,0.42,9,6,Moderate,Low
2026-08-09 09:45:00,central-junction,41,38.0,36,24.7,132.2,60.5,5.11,9,6,Low,Critical
2026-08-09 09:45:00,railway-station,75,43.2,90,18.6,47.7,34.8,2.18,9,6,Moderate,High
2026-08-09 09:45:00,airport-road,40,48.5,82,23.8,52.8,42.3,2.42,9,6,Low,Critical
2026-08-09 09:45:00,industrial-area,31,59.2,86,22.0,3.8,3.2,0.71,9,6,Low,Low
2026-08-09 09:45:00,city-hospital,19,60.2,51,30.9,9.8,7.4,0.74,9,6,Low,Low
2026-08-09 09:45:00,residential-zone,31,49.5,66,28.2,69.7,51.7,2.92,9,6,Low,Critical
2026-08-09 09:45:00,river-zone,46,51.7,92,25.4,2.6,1.5,0.83,9,6,Low,Low
2026-08-09 09:45:00,bus-terminal,24,60.1,45,21.9,4.8,2.3,0.63,9,6,Low,Low
2026-08-09 10:00:00,central-junction,50,52.4,56,26.7,6.2,4.3,0.55,10,6,Low,Low
2026-08-09 10:00:00,railway-station,44,44.5,50,22.0,64.7,51.0,2.66,10,6,Low,Critical
2026-08-09 10:00:00,airport-road,51,49.9,79,29.8,8.4,7.2,0.89,10,6,Low,Low
2026-08-09 10:00:00,industrial-area,30,56.1,86,35.2,9.3,6.5,0.77,10,6,Low,Low
2026-08-09 10:00:00,city-hospital,56,51.6,71,25.7,2.9,1.6,0.45,10,6,Low,Low
2026-08-09 10:00:00,residential-zone,52,53.7,63,27.8,7.6,6.6,0.62,10,6,Low,Low
2026-08-09 10:00:00,river-zone,30,55.6,59,27.8,3.0,2.4,1.04,10,6,Low,Low
2026-08-09 10:00:00,bus-terminal,47,54.4,60,34.5,7.9,5.6,0.68,10,6,Low,Low
2026-08-09 10:15:00,central-junction,49,54.0,83,31.7,1.3,0.6,0.45,10,6,Low,Low
2026-08-09 10:15:00,railway-station,37,56.1,73,35.1,2.7,2.3,0.5,10,6,Low,Low
2026-08-09 10:15:00,airport-road,60,53.3,68,24.8,6.6,5.7,0.77,10,6,Low,Low
2026-08-09 10:15:00,industrial-area,54,53.2,94,33.0,2.2,1.9,0.59,10,6,Low,Low
2026-08-09 10:15:00,city-hospital,33,57.6,83,34.2,9.8,4.6,0.68,10,6,Low,Low
2026-08-09 10:15:00,residential-zone,40,57.5,49,28.8,7.7,3.9,0.74,10,6,Low,Low
2026-08-09 10:15:00,river-zone,24,56.0,76,23.4,8.7,4.2,1.21,10,6,Low,Moderate
2026-08-09 10:15:00,bus-terminal,41,55.1,82,25.0,3.4,3.0,0.64,10,6,Low,Low
2026-08-09 10:30:00,central-junction,59,50.3,79,26.1,7.5,3.3,0.65,10,6,Low,Low
2026-08-09 10:30:00,railway-station,72,51.0,73,23.8,1.1,0.9,0.37,10,6,Moderate,Low
2026-08-09 10:30:00,airport-road,44,56.7,53,33.6,6.2,4.9,0.68,10,6,Low,Low
2026-08-09 10:30:00,industrial-area,25,58.9,94,32.3,2.2,1.8,0.48,10,6,Low,Low
2026-08-09 10:30:00,city-hospital,23,58.1,70,27.5,9.0,5.7,0.7,10,6,Low,Low
2026-08-09 10:30:00,residential-zone,25,60.6,72,25.6,8.7,7.0,0.65,10,6,Low,Low
2026-08-09 10:30:00,river-zone,29,45.0,41,15.7,88.0,46.8,3.83,10,6,Low,Critical
2026-08-09 10:30:00,bus-terminal,75,41.9,84,28.3,61.7,34.1,2.71,10,6,Moderate,Critical
2026-08-09 10:45:00,central-junction,51,33.4,48,17.0,127.1,106.8,4.81,10,6,Moderate,Critical
2026-08-09 10:45:00,railway-station,50,56.0,70,31.8,5.2,2.1,0.48,10,6,Low,Low
2026-08-09 10:45:00,airport-road,33,58.8,83,26.1,2.1,1.3,0.57,10,6,Low,Low
2026-08-09 10:45:00,industrial-area,44,55.8,116,28.2,8.9,6.6,0.72,10,6,Low,Low
2026-08-09 10:45:00,city-hospital,34,47.6,34,17.6,66.7,51.8,2.64,10,6,Low,Critical
2026-08-09 10:45:00,residential-zone,29,58.4,64,33.8,1.2,1.0,0.48,10,6,Low,Low
2026-08-09 10:45:00,river-zone,23,59.0,56,26.0,8.0,5.3,1.12,10,6,Low,Moderate
2026-08-09 10:45:00,bus-terminal,78,48.3,74,24.3,8.7,4.2,0.85,10,6,Moderate,Low
2026-08-09 11:00:00,central-junction,77,47.0,86,25.7,4.0,1.8,0.57,11,6,Moderate,Low
2026-08-09 11:00:00,railway-station,72,50.8,64,35.6,2.1,1.5,0.4,11,6,Moderate,Low
2026-08-09 11:00:00,airport-road,38,52.9,88,25.7,5.6,2.6,0.78,11,6,Low,Low
2026-08-09 11:00:00,industrial-area,51,50.4,100,22.7,3.7,2.1,0.49,11,6,Low,Low
2026-08-09 11:00:00,city-hospital,56,53.4,65,30.5,9.2,4.4,0.68,11,6,Low,Low
2026-08-09 11:00:00,residential-zone,24,58.3,67,21.7,7.4,5.5,0.84,11,6,Low,Low
2026-08-09 11:00:00,river-zone,56,52.9,53,31.5,8.5,3.7,1.08,11,6,Low,Low
2026-08-09 11:00:00,bus-terminal,53,48.8,69,25.4,44.7,34.7,1.91,11,6,Low,High
2026-08-09 11:15:00,central-junction,58,51.9,58,28.9,8.0,5.3,0.74,11,6,Low,Low
2026-08-09 11:15:00,railway-station,50,56.5,90,23.5,2.4,1.9,0.47,11,6,Low,Low
2026-08-09 11:15:00,airport-road,18,61.9,51,23.8,2.5,2.0,0.56,11,6,Low,Low
2026-08-09 11:15:00,industrial-area,29,51.6,92,22.4,36.0,21.7,1.82,11,6,Low,High
2026-08-09 11:15:00,city-hospital,36,58.7,76,26.3,4.2,2.9,0.64,11,6,Low,Low
2026-08-09 11:15:00,residential-zone,25,56.1,75,33.0,7.2,3.8,0.56,11,6,Low,Low
2026-08-09 11:15:00,river-zone,44,52.4,68,30.0,6.2,3.2,1.09,11,6,Low,Low
2026-08-09 11:15:00,bus-terminal,33,58.6,73,27.4,3.6,2.3,0.66,11,6,Low,Low
2026-08-09 11:30:00,central-junction,22,61.4,64,27.7,2.1,1.8,0.46,11,6,Low,Low
2026-08-09 11:30:00,railway-station,55,53.9,92,24.4,2.7,2.0,0.59,11,6,Low,Low
2026-08-09 11:30:00,airport-road,26,60.3,68,32.8,0.1,0.1,0.51,11,6,Low,Low
2026-08-09 11:30:00,industrial-area,54,34.0,50,11.8,133.3,113.3,5.2,11,6,Moderate,Critical
2026-08-09 11:30:00,city-hospital,24,59.2,72,27.9,0.6,0.4,0.49,11,6,Low,Low
2026-08-09 11:30:00,residential-zone,32,51.4,68,32.1,31.2,13.3,1.63,11,6,Low,Moderate
2026-08-09 11:30:00,river-zone,34,59.6,88,27.2,2.5,1.7,0.94,11,6,Low,Low
2026-08-09 11:30:00,bus-terminal,75,49.5,76,21.8,6.0,4.2,0.73,11,6,Moderate,Low
2026-08-09 11:45:00,central-junction,48,53.7,46,23.9,2.3,0.9,0.57,11,6,Low,Low
2026-08-09 11:45:00,railway-station,34,56.6,68,34.3,5.2,2.3,0.65,11,6,Low,Low
2026-08-09 11:45:00,airport-road,54,54.8,81,33.8,2.6,1.6,0.49,11,6,Low,Low
2026-08-09 11:45:00,industrial-area,27,56.5,75,33.5,6.9,3.7,0.55,11,6,Low,Low
2026-08-09 11:45:00,city-hospital,31,54.7,53,33.0,5.1,3.3,0.57,11,6,Low,Low
2026-08-09 11:45:00,residential-zone,34,51.0,74,23.4,47.9,29.2,2.03,11,6,Low,High
2026-08-09 11:45:00,river-zone,22,61.3,59,25.3,5.5,4.8,1.03,11,6,Low,Low
2026-08-09 11:45:00,bus-terminal,53,49.7,81,24.4,6.8,5.9,0.68,11,6,Low,Low
2026-08-09 12:00:00,central-junction,39,54.4,45,31.8,2.6,1.7,0.41,12,6,Low,Low
2026-08-09 12:00:00,railway-station,72,49.1,69,31.8,0.9,0.5,0.35,12,6,Moderate,Low
2026-08-09 12:00:00,airport-road,37,50.2,58,22.7,41.6,27.3,2.0,12,6,Low,High
2026-08-09 12:00:00,industrial-area,20,52.9,80,23.5,51.4,28.6,2.3,12,6,Low,High
2026-08-09 12:00:00,city-hospital,48,54.4,73,29.8,9.4,4.4,0.79,12,6,Low,Low
2026-08-09 12:00:00,residential-zone,45,52.4,56,22.9,5.4,3.4,0.66,12,6,Low,Low
2026-08-09 12:00:00,river-zone,58,54.2,64,22.8,6.7,5.7,1.02,12,6,Low,Low
2026-08-09 12:00:00,bus-terminal,47,56.0,59,24.2,9.3,4.4,0.67,12,6,Low,Low
2026-08-09 12:15:00,central-junction,23,59.1,76,24.4,7.0,4.3,0.74,12,6,Low,Low
2026-08-09 12:15:00,railway-station,42,55.8,79,33.6,4.4,3.0,0.63,12,6,Low,Low
2026-08-09 12:15:00,airport-road,41,54.4,75,26.8,0.5,0.3,0.52,12,6,Low,Low
2026-08-09 12:15:00,industrial-area,29,60.7,94,28.7,1.7,1.3,0.49,12,6,Low,Low
2026-08-09 12:15:00,city-hospital,32,54.7,45,24.6,8.5,4.9,0.63,12,6,Low,Low
2026-08-09 12:15:00,residential-zone,45,56.0,68,35.1,4.5,3.4,0.54,12,6,Low,Low
2026-08-09 12:15:00,river-zone,23,58.7,60,32.3,9.3,5.8,1.0,12,6,Low,Low
2026-08-09 12:15:00,bus-terminal,47,54.3,52,33.0,7.1,3.1,0.8,12,6,Low,Low
2026-08-09 12:30:00,central-junction,37,53.0,73,28.1,6.1,3.6,0.76,12,6,Low,Low
2026-08-09 12:30:00,railway-station,73,51.2,70,28.4,1.4,1.2,0.42,12,6,Moderate,Low
2026-08-09 12:30:00,airport-road,29,57.0,50,35.2,1.8,1.3,0.54,12,6,Low,Low
2026-08-09 12:30:00,industrial-area,25,50.9,83,19.1,76.8,56.2,3.15,12,6,Low,Critical
2026-08-09 12:30:00,city-hospital,39,54.2,46,24.9,1.2,0.9,0.63,12,6,Low,Low
2026-08-09 12:30:00,residential-zone,27,46.6,55,25.6,75.6,45.7,3.2,12,6,Low,Critical
2026-08-09 12:30:00,river-zone,57,50.0,57,25.2,4.0,2.1,0.93,12,6,Low,Low
2026-08-09 12:30:00,bus-terminal,62,50.2,82,23.6,5.5,4.4,0.69,12,6,Moderate,Low
2026-08-09 12:45:00,central-junction,38,56.6,78,22.2,2.6,1.4,0.64,12,6,Low,Low
2026-08-09 12:45:00,railway-station,50,52.1,60,32.9,9.5,8.5,0.86,12,6,Low,Low
2026-08-09 12:45:00,airport-road,51,51.9,76,28.0,6.7,2.8,0.56,12,6,Low,Low
2026-08-09 12:45:00,industrial-area,53,49.9,118,33.7,4.7,2.3,0.48,12,6,Low,Low
2026-08-09 12:45:00,city-hospital,35,52.0,65,33.3,24.1,9.7,1.37,12,6,Low,Moderate
2026-08-09 12:45:00,residential-zone,30,56.5,71,28.3,8.1,6.2,0.63,12,6,Low,Low
2026-08-09 12:45:00,river-zone,40,47.1,55,26.7,46.4,36.4,2.44,12,6,Low,High
2026-08-09 12:45:00,bus-terminal,29,48.1,70,17.4,84.3,46.2,3.48,12,6,Low,Critical
2026-08-09 13:00:00,central-junction,60,50.5,81,27.8,2.3,1.8,0.4,13,6,Low,Low
2026-08-09 13:00:00,railway-station,44,47.2,69,17.1,73.8,51.4,3.1,13,6,Low,Critical
2026-08-09 13:00:00,airport-road,42,41.0,61,17.6,110.9,99.2,4.39,13,6,Low,Critical
2026-08-09 13:00:00,industrial-area,28,60.5,91,27.6,5.1,3.5,0.51,13,6,Low,Low
2026-08-09 13:00:00,city-hospital,47,56.0,79,32.3,9.3,5.1,0.92,13,6,Low,Low
2026-08-09 13:00:00,residential-zone,33,57.4,78,33.2,5.9,5.1,0.77,13,6,Low,Low
2026-08-09 13:00:00,river-zone,33,58.7,54,22.3,5.3,4.4,1.03,13,6,Low,Low
2026-08-09 13:00:00,bus-terminal,49,55.6,81,31.2,3.1,2.7,0.45,13,6,Low,Low
2026-08-09 13:15:00,central-junction,27,40.0,68,17.5,116.4,75.3,4.43,13,6,Low,Critical
2026-08-09 13:15:00,railway-station,53,54.5,85,32.9,9.2,6.2,0.73,13,6,Low,Low
2026-08-09 13:15:00,airport-road,24,62.0,67,32.0,2.4,1.8,0.62,13,6,Low,Low
2026-08-09 13:15:00,industrial-area,36,45.6,98,20.0,66.0,39.3,2.66,13,6,Low,Critical
2026-08-09 13:15:00,city-hospital,17,57.1,64,22.7,41.8,16.8,1.93,13,6,Low,High
2026-08-09 13:15:00,residential-zone,44,56.4,61,32.6,4.8,3.5,0.62,13,6,Low,Low
2026-08-09 13:15:00,river-zone,26,57.6,62,33.6,8.7,4.0,1.23,13,6,Low,Moderate
2026-08-09 13:15:00,bus-terminal,65,52.8,67,25.1,0.3,0.2,0.51,13,6,Moderate,Low
2026-08-09 13:30:00,central-junction,50,50.9,74,30.9,4.2,3.6,0.45,13,6,Low,Low
2026-08-09 13:30:00,railway-station,30,56.3,70,32.4,1.5,0.7,0.47,13,6,Low,Low
2026-08-09 13:30:00,airport-road,62,43.4,55,22.9,33.2,22.3,1.74,13,6,Moderate,High
2026-08-09 13:30:00,industrial-area,31,51.4,100,20.1,32.3,25.2,1.49,13,6,Low,Moderate
2026-08-09 13:30:00,city-hospital,37,55.3,64,32.0,9.0,5.6,0.66,13,6,Low,Low
2026-08-09 13:30:00,residential-zone,36,56.0,41,24.7,8.6,6.7,0.84,13,6,Low,Low
2026-08-09 13:30:00,river-zone,26,61.4,67,35.2,2.4,1.1,0.93,13,6,Low,Low
2026-08-09 13:30:00,bus-terminal,43,55.5,57,30.2,2.8,1.6,0.56,13,6,Low,Low
2026-08-09 13:45:00,central-junction,42,52.9,52,34.4,7.9,6.0,0.8,13,6,Low,Low
2026-08-09 13:45:00,railway-station,40,56.1,69,28.7,1.0,0.9,0.47,13,6,Low,Low
2026-08-09 13:45:00,airport-road,50,53.7,87,27.8,9.0,4.6,0.76,13,6,Low,Low
2026-08-09 13:45:00,industrial-area,28,58.3,90,29.8,9.7,7.7,0.65,13,6,Low,Low
2026-08-09 13:45:00,city-hospital,42,53.0,83,24.8,5.6,3.5,0.62,13,6,Low,Low
2026-08-09 13:45:00,residential-zone,62,39.6,65,16.7,82.5,48.5,3.34,13,6,Moderate,Critical
2026-08-09 13:45:00,river-zone,28,53.2,68,26.5,57.0,50.7,2.88,13,6,Low,Critical
2026-08-09 13:45:00,bus-terminal,50,51.7,51,27.3,8.2,6.8,0.78,13,6,Low,Low
2026-08-09 14:00:00,central-junction,31,54.9,68,25.2,6.1,4.8,0.55,14,6,Low,Low
2026-08-09 14:00:00,railway-station,48,51.8,77,29.9,8.5,5.7,0.63,14,6,Low,Low
2026-08-09 14:00:00,airport-road,24,41.4,51,12.7,118.8,54.8,4.7,14,6,Low,Critical
2026-08-09 14:00:00,industrial-area,49,55.4,94,24.5,8.9,7.8,0.62,14,6,Low,Low
2026-08-09 14:00:00,city-hospital,62,52.8,93,21.8,6.4,3.3,0.66,14,6,Low,Low
2026-08-09 14:00:00,residential-zone,42,57.6,58,32.5,4.2,1.8,0.64,14,6,Low,Low
2026-08-09 14:00:00,river-zone,43,55.9,59,34.0,1.0,0.6,0.95,14,6,Low,Low
2026-08-09 14:00:00,bus-terminal,47,49.0,53,22.4,27.8,21.9,1.44,14,6,Low,Moderate
2026-08-09 14:15:00,central-junction,41,45.5,52,23.3,51.4,36.7,2.22,14,6,Low,High
2026-08-09 14:15:00,railway-station,79,45.1,70,28.8,6.8,4.0,0.64,14,6,Moderate,Low
2026-08-09 14:15:00,airport-road,42,49.2,72,28.0,49.0,37.0,2.19,14,6,Low,High
2026-08-09 14:15:00,industrial-area,40,54.7,112,27.2,7.9,4.9,0.65,14,6,Low,Low
2026-08-09 14:15:00,city-hospital,34,57.5,50,25.7,8.4,5.1,0.62,14,6,Low,Low
2026-08-09 14:15:00,residential-zone,23,60.5,84,27.4,1.8,1.3,0.62,14,6,Low,Low
2026-08-09 14:15:00,river-zone,30,59.7,42,23.9,2.8,1.8,0.83,14,6,Low,Low
2026-08-09 14:15:00,bus-terminal,29,57.6,48,26.5,5.7,2.9,0.6,14,6,Low,Low
2026-08-09 14:30:00,central-junction,38,57.8,67,30.5,2.6,1.5,0.6,14,6,Low,Low
2026-08-09 14:30:00,railway-station,43,56.8,73,30.7,1.8,0.8,0.45,14,6,Low,Low
2026-08-09 14:30:00,airport-road,58,50.7,87,26.0,5.4,3.3,0.63,14,6,Low,Low
2026-08-09 14:30:00,industrial-area,27,60.3,63,26.3,0.3,0.1,0.59,14,6,Low,Low
2026-08-09 14:30:00,city-hospital,57,48.4,65,26.4,9.4,7.2,0.85,14,6,Low,Low
2026-08-09 14:30:00,residential-zone,31,55.4,66,30.7,5.1,3.5,0.62,14,6,Low,Low
2026-08-09 14:30:00,river-zone,29,59.5,59,22.5,7.4,4.9,1.1,14,6,Low,Low
2026-08-09 14:30:00,bus-terminal,50,54.5,78,26.4,3.3,2.3,0.65,14,6,Low,Low
2026-08-09 14:45:00,central-junction,58,44.1,56,18.3,69.5,55.0,3.03,14,6,Moderate,Critical
2026-08-09 14:45:00,railway-station,62,51.7,72,32.2,5.6,2.6,0.64,14,6,Low,Low
2026-08-09 14:45:00,airport-road,58,54.8,52,30.4,1.9,1.6,0.61,14,6,Low,Low
2026-08-09 14:45:00,industrial-area,38,38.3,71,26.5,105.3,54.0,4.06,14,6,Low,Critical
2026-08-09 14:45:00,city-hospital,50,51.5,68,34.5,4.8,3.0,0.73,14,6,Low,Low
2026-08-09 14:45:00,residential-zone,28,57.7,46,25.9,6.9,4.6,0.55,14,6,Low,Low
2026-08-09 14:45:00,river-zone,34,51.4,65,20.3,56.1,36.6,2.62,14,6,Low,Critical
2026-08-09 14:45:00,bus-terminal,54,50.4,68,32.1,9.7,4.5,0.68,14,6,Low,Low
2026-08-09 15:00:00,central-junction,52,52.2,58,25.1,2.1,1.4,0.63,15,6,Low,Low
2026-08-09 15:00:00,railway-station,65,48.4,83,25.1,3.0,1.7,0.68,15,6,Moderate,Low
2026-08-09 15:00:00,airport-road,45,54.5,83,24.1,6.1,3.3,0.59,15,6,Low,Low
2026-08-09 15:00:00,industrial-area,26,51.1,53,20.7,39.7,22.7,1.95,15,6,Low,High
2026-08-09 15:00:00,city-hospital,21,62.2,71,30.0,2.0,0.9,0.64,15,6,Low,Low
2026-08-09 15:00:00,residential-zone,48,55.8,46,25.6,7.0,3.9,0.55,15,6,Low,Low
2026-08-09 15:00:00,river-zone,36,54.6,69,28.8,8.2,3.5,1.09,15,6,Low,Low
2026-08-09 15:00:00,bus-terminal,62,53.5,66,28.5,1.7,1.3,0.37,15,6,Low,Low
2026-08-09 15:15:00,central-junction,37,54.9,58,26.9,5.3,4.5,0.51,15,6,Low,Low
2026-08-09 15:15:00,railway-station,65,48.8,70,32.5,9.7,6.9,0.89,15,6,Moderate,Low
2026-08-09 15:15:00,airport-road,65,51.5,51,23.2,8.0,3.8,0.79,15,6,Moderate,Low
2026-08-09 15:15:00,industrial-area,45,53.0,85,35.1,7.5,5.5,0.62,15,6,Low,Low
2026-08-09 15:15:00,city-hospital,22,62.5,66,29.0,0.2,0.1,0.52,15,6,Low,Low
2026-08-09 15:15:00,residential-zone,57,51.4,65,34.8,2.1,1.5,0.45,15,6,Low,Low
2026-08-09 15:15:00,river-zone,32,57.2,70,34.0,8.9,5.7,1.09,15,6,Low,Moderate
2026-08-09 15:15:00,bus-terminal,45,55.8,51,34.3,6.1,3.6,0.54,15,6,Low,Low
2026-08-09 15:30:00,central-junction,86,42.5,65,27.5,6.7,4.5,0.73,15,6,Moderate,Low
2026-08-09 15:30:00,railway-station,72,45.9,74,27.4,9.1,4.3,0.67,15,6,Moderate,Low
2026-08-09 15:30:00,airport-road,32,48.5,76,20.7,59.5,49.8,2.66,15,6,Low,Critical
2026-08-09 15:30:00,industrial-area,37,56.8,88,33.8,4.3,2.8,0.65,15,6,Low,Low
2026-08-09 15:30:00,city-hospital,56,53.0,80,26.7,0.1,0.1,0.59,15,6,Low,Low
2026-08-09 15:30:00,residential-zone,42,56.7,56,27.6,3.2,1.9,0.68,15,6,Low,Low
2026-08-09 15:30:00,river-zone,29,59.0,52,33.6,3.6,1.7,1.04,15,6,Low,Low
2026-08-09 15:30:00,bus-terminal,54,52.1,60,25.7,3.0,1.6,0.67,15,6,Low,Low
2026-08-09 15:45:00,central-junction,29,57.5,66,32.4,1.4,0.9,0.45,15,6,Low,Low
2026-08-09 15:45:00,railway-station,61,53.4,52,27.3,5.5,4.0,0.66,15,6,Low,Low
2026-08-09 15:45:00,airport-road,24,61.6,82,29.1,4.4,3.7,0.46,15,6,Low,Low
2026-08-09 15:45:00,industrial-area,46,54.2,88,28.6,8.8,3.9,0.72,15,6,Low,Low
2026-08-09 15:45:00,city-hospital,23,58.4,64,25.1,7.3,3.5,0.71,15,6,Low,Low
2026-08-09 15:45:00,residential-zone,56,54.2,84,21.9,6.8,4.2,0.58,15,6,Low,Low
2026-08-09 15:45:00,river-zone,36,48.1,79,18.3,71.9,48.8,3.32,15,6,Low,Critical
2026-08-09 15:45:00,bus-terminal,34,57.5,57,26.3,3.1,1.4,0.53,15,6,Low,Low
2026-08-09 16:00:00,central-junction,57,53.4,82,35.9,0.4,0.3,0.49,16,6,Low,Low
2026-08-09 16:00:00,railway-station,29,58.8,86,28.0,5.6,3.9,0.61,16,6,Low,Low
2026-08-09 16:00:00,airport-road,44,56.0,68,32.7,7.5,5.1,0.7,16,6,Low,Low
2026-08-09 16:00:00,industrial-area,42,53.0,70,26.1,1.6,0.8,0.56,16,6,Low,Low
2026-08-09 16:00:00,city-hospital,37,53.7,71,23.5,6.9,3.1,0.76,16,6,Low,Low
2026-08-09 16:00:00,residential-zone,37,54.0,65,35.1,4.5,2.8,0.51,16,6,Low,Low
2026-08-09 16:00:00,river-zone,35,56.6,57,32.8,5.0,3.3,1.09,16,6,Low,Low
2026-08-09 16:00:00,bus-terminal,28,58.0,52,34.2,8.2,3.5,0.61,16,6,Low,Low
2026-08-09 16:15:00,central-junction,53,51.0,80,27.8,8.9,5.7,0.76,16,6,Low,Low
2026-08-09 16:15:00,railway-station,51,47.2,76,26.7,55.8,45.8,2.52,16,6,Low,Critical
2026-08-09 16:15:00,airport-road,30,56.9,83,26.0,2.6,2.3,0.5,16,6,Low,Low
2026-08-09 16:15:00,industrial-area,22,58.2,91,33.6,5.4,3.0,0.59,16,6,Low,Low
2026-08-09 16:15:00,city-hospital,42,52.5,71,27.4,7.2,4.0,0.6,16,6,Low,Low
2026-08-09 16:15:00,residential-zone,57,51.4,88,23.1,4.4,3.6,0.66,16,6,Low,Low
2026-08-09 16:15:00,river-zone,30,44.9,53,25.6,72.8,37.6,3.27,16,6,Low,Critical
2026-08-09 16:15:00,bus-terminal,41,53.6,90,30.7,6.0,4.7,0.58,16,6,Low,Low
2026-08-09 16:30:00,central-junction,57,45.7,55,29.2,58.9,48.5,2.4,16,6,Moderate,Critical
2026-08-09 16:30:00,railway-station,37,54.4,57,33.6,1.9,0.8,0.6,16,6,Low,Low
2026-08-09 16:30:00,airport-road,31,34.5,29,14.7,138.9,101.7,5.26,16,6,Low,Critical
2026-08-09 16:30:00,industrial-area,29,55.8,83,24.5,4.4,2.3,0.48,16,6,Low,Low
2026-08-09 16:30:00,city-hospital,50,55.6,62,28.6,3.6,2.9,0.64,16,6,Low,Low
2026-08-09 16:30:00,residential-zone,36,58.3,53,35.1,0.8,0.5,0.46,16,6,Low,Low
2026-08-09 16:30:00,river-zone,29,56.9,60,25.5,5.3,3.9,0.99,16,6,Low,Low
2026-08-09 16:30:00,bus-terminal,46,56.8,79,23.4,3.6,1.7,0.6,16,6,Low,Low
2026-08-09 16:45:00,central-junction,49,53.9,56,31.7,0.7,0.4,0.4,16,6,Low,Low
2026-08-09 16:45:00,railway-station,25,57.3,52,31.2,8.7,4.7,0.62,16,6,Low,Low
2026-08-09 16:45:00,airport-road,55,52.7,64,34.1,5.6,4.1,0.74,16,6,Low,Low
2026-08-09 16:45:00,industrial-area,37,54.7,62,21.6,9.4,6.6,0.67,16,6,Low,Low
2026-08-09 16:45:00,city-hospital,46,52.7,64,29.0,5.2,3.5,0.74,16,6,Low,Low
2026-08-09 16:45:00,residential-zone,37,57.0,65,24.2,0.6,0.3,0.41,16,6,Low,Low
2026-08-09 16:45:00,river-zone,26,60.2,59,33.6,4.6,3.2,0.85,16,6,Low,Low
2026-08-09 16:45:00,bus-terminal,73,50.9,74,24.0,4.9,3.2,0.68,16,6,Moderate,Low
2026-08-09 17:00:00,central-junction,47,53.4,67,34.7,0.2,0.1,0.37,17,6,Low,Low
2026-08-09 17:00:00,railway-station,51,51.6,73,22.6,5.6,2.3,0.57,17,6,Low,Low
2026-08-09 17:00:00,airport-road,31,42.1,56,25.9,101.8,80.4,3.89,17,6,Low,Critical
2026-08-09 17:00:00,industrial-area,26,56.1,89,27.0,4.3,2.1,0.66,17,6,Low,Low
2026-08-09 17:00:00,city-hospital,37,54.5,58,27.7,9.2,4.0,0.77,17,6,Low,Low
2026-08-09 17:00:00,residential-zone,31,60.5,78,34.1,4.4,3.1,0.56,17,6,Low,Low
2026-08-09 17:00:00,river-zone,63,47.5,82,28.3,6.5,4.3,1.05,17,6,Moderate,Low
2026-08-09 17:00:00,bus-terminal,31,51.4,62,19.6,42.0,18.5,1.93,17,6,Low,High
2026-08-09 17:15:00,central-junction,84,48.4,94,30.2,6.4,4.1,0.79,17,6,Moderate,Low
2026-08-09 17:15:00,railway-station,34,55.7,70,34.6,10.0,8.9,0.78,17,6,Low,Low
2026-08-09 17:15:00,airport-road,41,42.1,71,26.7,111.6,44.8,4.36,17,6,Low,Critical
2026-08-09 17:15:00,industrial-area,43,51.6,101,25.9,9.3,7.8,0.79,17,6,Low,Low
2026-08-09 17:15:00,city-hospital,23,58.0,73,31.9,3.0,2.0,0.46,17,6,Low,Low
2026-08-09 17:15:00,residential-zone,43,55.4,51,22.3,8.3,3.4,0.8,17,6,Low,Low
2026-08-09 17:15:00,river-zone,36,57.5,78,22.0,8.1,3.8,1.08,17,6,Low,Low
2026-08-09 17:15:00,bus-terminal,53,54.8,67,25.9,9.5,6.4,0.67,17,6,Low,Low
2026-08-09 17:30:00,central-junction,51,54.5,67,25.0,4.3,3.0,0.59,17,6,Low,Low
2026-08-09 17:30:00,railway-station,59,37.7,57,17.8,100.2,82.2,4.0,17,6,Moderate,Critical
2026-08-09 17:30:00,airport-road,20,57.4,62,24.3,27.8,13.1,1.29,17,6,Low,Moderate
2026-08-09 17:30:00,industrial-area,31,54.2,108,31.2,9.6,5.4,0.81,17,6,Low,Low
2026-08-09 17:30:00,city-hospital,43,45.9,45,25.7,75.7,66.9,3.05,17,6,Low,Critical
2026-08-09 17:30:00,residential-zone,31,59.6,74,28.2,0.1,0.0,0.52,17,6,Low,Low
2026-08-09 17:30:00,river-zone,61,50.1,95,29.4,6.4,3.5,1.0,17,6,Low,Low
2026-08-09 17:30:00,bus-terminal,59,54.4,59,24.2,0.5,0.3,0.42,17,6,Low,Low
2026-08-09 17:45:00,central-junction,68,46.9,93,29.1,6.9,5.5,0.81,17,6,Moderate,Low
2026-08-09 17:45:00,railway-station,24,57.6,38,23.0,6.9,5.3,0.76,17,6,Low,Low
2026-08-09 17:45:00,airport-road,20,62.4,56,28.6,1.8,1.2,0.65,17,6,Low,Low
2026-08-09 17:45:00,industrial-area,41,54.5,87,28.0,0.8,0.6,0.43,17,6,Low,Low
2026-08-09 17:45:00,city-hospital,34,58.2,70,31.6,6.2,3.1,0.66,17,6,Low,Low
2026-08-09 17:45:00,residential-zone,42,58.5,48,33.9,1.0,0.6,0.51,17,6,Low,Low
2026-08-09 17:45:00,river-zone,24,58.0,67,28.5,6.7,3.8,0.99,17,6,Low,Low
2026-08-09 17:45:00,bus-terminal,66,49.4,53,25.3,9.9,5.6,0.73,17,6,Moderate,Low
2026-08-09 18:00:00,central-junction,37,55.4,90,33.5,6.9,3.2,0.58,18,6,Low,Low
2026-08-09 18:00:00,railway-station,25,56.9,62,33.7,0.7,0.5,0.46,18,6,Low,Low
2026-08-09 18:00:00,airport-road,21,57.0,59,22.5,3.8,2.2,0.72,18,6,Low,Low
2026-08-09 18:00:00,industrial-area,58,52.1,73,23.7,9.7,6.3,0.75,18,6,Low,Low
2026-08-09 18:00:00,city-hospital,19,53.5,66,18.5,64.4,49.7,2.6,18,6,Low,Critical
2026-08-09 18:00:00,residential-zone,24,60.3,52,23.5,7.9,6.1,0.6,18,6,Low,Low
2026-08-09 18:00:00,river-zone,42,53.9,62,34.6,2.0,1.6,0.91,18,6,Low,Low
2026-08-09 18:00:00,bus-terminal,52,53.5,71,29.5,7.6,5.1,0.75,18,6,Low,Low
2026-08-09 18:15:00,central-junction,66,53.0,69,34.8,0.4,0.3,0.46,18,6,Moderate,Low
2026-08-09 18:15:00,railway-station,54,54.3,51,21.8,4.0,2.7,0.68,18,6,Low,Low
2026-08-09 18:15:00,airport-road,52,53.3,87,32.4,1.3,1.0,0.57,18,6,Low,Low
2026-08-09 18:15:00,industrial-area,46,56.3,88,31.4,1.7,1.3,0.47,18,6,Low,Low
2026-08-09 18:15:00,city-hospital,40,51.9,76,31.7,9.4,7.5,0.7,18,6,Low,Low
2026-08-09 18:15:00,residential-zone,33,59.0,70,32.9,5.3,4.8,0.69,18,6,Low,Low
2026-08-09 18:15:00,river-zone,18,62.8,45,25.6,2.8,1.6,0.83,18,6,Low,Low
2026-08-09 18:15:00,bus-terminal,62,52.6,57,28.6,3.4,2.1,0.43,18,6,Low,Low
2026-08-09 18:30:00,central-junction,37,59.1,55,33.0,1.0,0.8,0.59,18,6,Low,Low
2026-08-09 18:30:00,railway-station,64,48.3,88,28.3,1.9,1.7,0.55,18,6,Moderate,Low
2026-08-09 18:30:00,airport-road,27,46.3,70,27.4,69.3,50.0,2.8,18,6,Low,Critical
2026-08-09 18:30:00,industrial-area,50,56.0,118,31.5,5.0,2.1,0.71,18,6,Low,Low
2026-08-09 18:30:00,city-hospital,62,51.3,92,31.2,4.5,2.3,0.67,18,6,Low,Low
2026-08-09 18:30:00,residential-zone,32,46.4,79,26.9,61.1,45.7,2.69,18,6,Low,Critical
2026-08-09 18:30:00,river-zone,43,55.3,80,25.0,0.9,0.7,0.81,18,6,Low,Low
2026-08-09 18:30:00,bus-terminal,56,50.9,85,27.8,8.9,4.8,0.78,18,6,Low,Low
2026-08-09 18:45:00,central-junction,40,43.2,40,17.7,98.2,45.9,3.8,18,6,Low,Critical
2026-08-09 18:45:00,railway-station,43,55.5,83,35.0,3.5,1.6,0.71,18,6,Low,Low
2026-08-09 18:45:00,airport-road,27,41.1,44,20.9,129.8,86.9,4.9,18,6,Low,Critical
2026-08-09 18:45:00,industrial-area,52,52.9,79,22.5,1.7,1.3,0.66,18,6,Low,Low
2026-08-09 18:45:00,city-hospital,55,51.5,73,34.1,0.1,0.1,0.34,18,6,Low,Low
2026-08-09 18:45:00,residential-zone,39,55.1,49,27.3,8.5,6.2,0.88,18,6,Low,Low
2026-08-09 18:45:00,river-zone,56,41.4,72,29.0,70.9,40.7,3.29,18,6,Moderate,Critical
2026-08-09 18:45:00,bus-terminal,32,59.6,49,28.9,6.3,3.7,0.82,18,6,Low,Low
2026-08-09 19:00:00,central-junction,71,37.0,53,17.7,65.2,30.6,2.71,19,6,Moderate,Critical
2026-08-09 19:00:00,railway-station,46,52.1,62,24.1,0.9,0.4,0.55,19,6,Low,Low
2026-08-09 19:00:00,airport-road,27,56.8,78,33.9,2.2,1.0,0.45,19,6,Low,Low
2026-08-09 19:00:00,industrial-area,30,58.4,92,35.1,5.4,3.1,0.59,19,6,Low,Low
2026-08-09 19:00:00,city-hospital,38,56.0,84,31.4,7.9,4.4,0.66,19,6,Low,Low
2026-08-09 19:00:00,residential-zone,67,49.2,59,23.7,0.3,0.2,0.44,19,6,Moderate,Low
2026-08-09 19:00:00,river-zone,38,57.1,84,26.4,2.2,1.1,0.86,19,6,Low,Low
2026-08-09 19:00:00,bus-terminal,40,56.8,43,35.1,9.1,8.0,0.66,19,6,Low,Low
2026-08-09 19:15:00,central-junction,29,58.3,77,32.3,0.1,0.1,0.58,19,6,Low,Low
2026-08-09 19:15:00,railway-station,62,28.5,36,14.5,138.3,105.0,5.39,19,6,Moderate,Critical
2026-08-09 19:15:00,airport-road,23,58.3,52,29.4,8.7,7.1,0.75,19,6,Low,Low
2026-08-09 19:15:00,industrial-area,26,60.5,78,28.1,4.5,2.4,0.68,19,6,Low,Low
2026-08-09 19:15:00,city-hospital,22,57.9,62,32.8,9.3,3.9,0.91,19,6,Low,Low
2026-08-09 19:15:00,residential-zone,61,53.0,71,23.1,2.0,1.5,0.66,19,6,Low,Low
2026-08-09 19:15:00,river-zone,32,60.3,74,28.6,1.3,1.2,0.84,19,6,Low,Low
2026-08-09 19:15:00,bus-terminal,26,56.0,71,32.9,2.3,1.1,0.61,19,6,Low,Low
2026-08-09 19:30:00,central-junction,57,49.8,75,26.8,4.3,3.2,0.7,19,6,Low,Low
2026-08-09 19:30:00,railway-station,36,57.5,59,33.8,2.3,1.0,0.43,19,6,Low,Low
2026-08-09 19:30:00,airport-road,39,44.3,57,19.5,83.1,63.5,3.5,19,6,Low,Critical
2026-08-09 19:30:00,industrial-area,36,58.2,101,30.9,4.3,1.8,0.67,19,6,Low,Low
2026-08-09 19:30:00,city-hospital,39,56.6,60,25.7,5.0,4.1,0.65,19,6,Low,Low
2026-08-09 19:30:00,residential-zone,35,45.3,79,24.8,65.4,35.5,2.74,19,6,Low,Critical
2026-08-09 19:30:00,river-zone,34,56.7,54,25.8,8.8,6.0,1.09,19,6,Low,Moderate
2026-08-09 19:30:00,bus-terminal,47,52.0,63,28.0,5.0,4.5,0.6,19,6,Low,Low
2026-08-09 19:45:00,central-junction,46,50.7,69,32.6,8.1,6.0,0.74,19,6,Low,Low
2026-08-09 19:45:00,railway-station,70,46.8,67,22.3,2.0,1.6,0.57,19,6,Moderate,Low
2026-08-09 19:45:00,airport-road,38,57.2,59,21.7,4.1,2.6,0.62,19,6,Low,Low
2026-08-09 19:45:00,industrial-area,18,58.0,100,33.1,5.4,3.5,0.72,19,6,Low,Low
2026-08-09 19:45:00,city-hospital,30,57.6,55,28.6,7.4,5.7,0.68,19,6,Low,Low
2026-08-09 19:45:00,residential-zone,31,55.5,64,31.0,4.8,3.7,0.66,19,6,Low,Low
2026-08-09 19:45:00,river-zone,43,52.2,54,28.8,8.4,5.4,0.99,19,6,Low,Low
2026-08-09 19:45:00,bus-terminal,60,39.8,81,24.8,91.3,40.1,3.51,19,6,Moderate,Critical
2026-08-09 20:00:00,central-junction,83,49.2,89,35.3,3.2,1.6,0.45,20,6,Moderate,Low
2026-08-09 20:00:00,railway-station,67,49.2,86,30.1,6.1,2.4,0.55,20,6,Moderate,Low
2026-08-09 20:00:00,airport-road,34,58.1,45,34.5,0.4,0.3,0.42,20,6,Low,Low
2026-08-09 20:00:00,industrial-area,43,54.5,80,34.0,1.9,1.1,0.4,20,6,Low,Low
2026-08-09 20:00:00,city-hospital,45,52.7,81,27.2,1.3,0.6,0.64,20,6,Low,Low
2026-08-09 20:00:00,residential-zone,42,54.7,80,22.3,7.3,5.1,0.76,20,6,Low,Low
2026-08-09 20:00:00,river-zone,28,56.1,45,30.6,7.8,5.6,1.08,20,6,Low,Low
2026-08-09 20:00:00,bus-terminal,62,47.7,73,32.8,6.7,5.6,0.77,20,6,Moderate,Low
2026-08-09 20:15:00,central-junction,46,54.0,52,30.3,7.7,4.0,0.73,20,6,Low,Low
2026-08-09 20:15:00,railway-station,33,54.5,53,31.6,1.9,1.2,0.65,20,6,Low,Low
2026-08-09 20:15:00,airport-road,53,52.4,59,27.6,1.5,1.2,0.48,20,6,Low,Low
2026-08-09 20:15:00,industrial-area,26,59.1,77,34.5,3.8,3.0,0.48,20,6,Low,Low
2026-08-09 20:15:00,city-hospital,18,59.6,66,33.0,10.0,8.2,0.74,20,6,Low,Low
2026-08-09 20:15:00,residential-zone,37,54.3,65,23.0,0.3,0.1,0.51,20,6,Low,Low
2026-08-09 20:15:00,river-zone,36,54.7,64,24.6,0.6,0.4,0.7,20,6,Low,Low
2026-08-09 20:15:00,bus-terminal,33,54.7,74,29.3,3.5,1.5,0.68,20,6,Low,Low
2026-08-09 20:30:00,central-junction,27,56.5,45,24.6,5.6,3.7,0.52,20,6,Low,Low
2026-08-09 20:30:00,railway-station,61,50.4,86,22.2,9.2,6.5,0.92,20,6,Low,Low
2026-08-09 20:30:00,airport-road,50,51.1,52,22.6,2.2,1.2,0.49,20,6,Low,Low
2026-08-09 20:30:00,industrial-area,34,58.9,108,27.7,6.6,3.9,0.62,20,6,Low,Low
2026-08-09 20:30:00,city-hospital,35,59.2,74,29.7,4.7,4.1,0.64,20,6,Low,Low
2026-08-09 20:30:00,residential-zone,25,57.2,73,23.6,9.4,7.2,0.7,20,6,Low,Low
2026-08-09 20:30:00,river-zone,26,41.2,51,14.8,132.2,91.5,5.32,20,6,Low,Critical
2026-08-09 20:30:00,bus-terminal,79,39.1,63,21.9,61.7,28.0,2.69,20,6,Moderate,Critical
2026-08-09 20:45:00,central-junction,71,49.9,91,25.6,9.1,7.0,0.81,20,6,Moderate,Low
2026-08-09 20:45:00,railway-station,56,50.0,76,30.2,6.7,3.1,0.7,20,6,Low,Low
2026-08-09 20:45:00,airport-road,22,57.8,42,32.0,1.8,1.2,0.56,20,6,Low,Low
2026-08-09 20:45:00,industrial-area,45,55.4,101,31.0,7.0,5.1,0.68,20,6,Low,Low
2026-08-09 20:45:00,city-hospital,32,57.1,57,34.9,0.5,0.3,0.33,20,6,Low,Low
2026-08-09 20:45:00,residential-zone,38,58.3,75,33.8,2.9,1.5,0.63,20,6,Low,Low
2026-08-09 20:45:00,river-zone,42,52.9,72,34.6,9.4,6.6,1.1,20,6,Low,Moderate
2026-08-09 20:45:00,bus-terminal,64,52.2,92,35.1,0.3,0.2,0.56,20,6,Moderate,Low
2026-08-09 21:00:00,central-junction,31,51.3,60,20.1,43.3,19.1,1.93,21,6,Low,High
2026-08-09 21:00:00,railway-station,47,52.0,73,25.5,3.5,3.0,0.69,21,6,Low,Low
2026-08-09 21:00:00,airport-road,33,57.5,66,23.4,8.8,7.7,0.89,21,6,Low,Low
2026-08-09 21:00:00,industrial-area,17,61.0,102,24.8,2.1,1.0,0.42,21,6,Low,Low
2026-08-09 21:00:00,city-hospital,30,55.7,58,31.7,5.5,3.1,0.56,21,6,Low,Low
2026-08-09 21:00:00,residential-zone,22,50.6,67,20.5,44.9,38.2,2.17,21,6,Low,High
2026-08-09 21:00:00,river-zone,38,41.6,61,18.7,82.2,43.9,3.79,21,6,Low,Critical
2026-08-09 21:00:00,bus-terminal,67,39.3,64,24.2,78.9,37.0,3.29,21,6,Moderate,Critical
2026-08-09 21:15:00,central-junction,59,52.8,57,32.2,0.7,0.4,0.46,21,6,Low,Low
2026-08-09 21:15:00,railway-station,38,54.0,76,29.9,3.9,2.8,0.47,21,6,Low,Low
2026-08-09 21:15:00,airport-road,49,53.3,66,32.6,5.4,2.5,0.62,21,6,Low,Low
2026-08-09 21:15:00,industrial-area,32,54.6,74,23.4,9.2,6.8,0.76,21,6,Low,Low
2026-08-09 21:15:00,city-hospital,42,57.8,46,23.5,2.2,1.2,0.66,21,6,Low,Low
2026-08-09 21:15:00,residential-zone,33,55.2,60,32.3,4.3,2.1,0.53,21,6,Low,Low
2026-08-09 21:15:00,river-zone,24,57.8,45,27.2,7.1,5.3,0.94,21,6,Low,Low
2026-08-09 21:15:00,bus-terminal,41,54.9,62,24.7,9.1,4.0,0.87,21,6,Low,Low
2026-08-09 21:30:00,central-junction,56,50.1,79,31.5,4.8,2.7,0.52,21,6,Low,Low
2026-08-09 21:30:00,railway-station,50,54.4,87,29.1,4.4,3.2,0.52,21,6,Low,Low
2026-08-09 21:30:00,airport-road,33,56.5,48,34.0,5.3,4.2,0.53,21,6,Low,Low
2026-08-09 21:30:00,industrial-area,34,57.1,88,24.9,5.1,3.3,0.58,21,6,Low,Low
2026-08-09 21:30:00,city-hospital,41,55.1,70,23.3,4.1,1.7,0.47,21,6,Low,Low
2026-08-09 21:30:00,residential-zone,36,54.2,49,29.3,8.9,3.7,0.67,21,6,Low,Low
2026-08-09 21:30:00,river-zone,53,50.1,53,29.2,6.5,4.8,1.13,21,6,Low,Low
2026-08-09 21:30:00,bus-terminal,41,56.4,68,34.1,4.6,4.0,0.71,21,6,Low,Low
2026-08-09 21:45:00,central-junction,39,52.8,50,28.3,30.8,12.6,1.66,21,6,Low,Moderate
2026-08-09 21:45:00,railway-station,56,53.5,96,25.7,7.8,3.5,0.61,21,6,Low,Low
2026-08-09 21:45:00,airport-road,26,55.2,70,33.9,7.9,5.8,0.71,21,6,Low,Low
2026-08-09 21:45:00,industrial-area,52,52.7,111,25.2,9.0,6.6,0.68,21,6,Low,Low
2026-08-09 21:45:00,city-hospital,56,53.3,72,27.1,5.8,5.0,0.77,21,6,Low,Low
2026-08-09 21:45:00,residential-zone,50,52.9,54,28.4,1.3,0.6,0.53,21,6,Low,Low
2026-08-09 21:45:00,river-zone,51,54.9,83,23.8,9.1,7.6,1.14,21,6,Low,Moderate
2026-08-09 21:45:00,bus-terminal,78,49.4,64,32.7,4.8,3.8,0.67,21,6,Moderate,Low
2026-08-09 22:00:00,central-junction,44,56.8,54,21.6,7.4,6.0,0.85,22,6,Low,Low
2026-08-09 22:00:00,railway-station,60,53.9,75,28.7,1.8,0.9,0.44,22,6,Low,Low
2026-08-09 22:00:00,airport-road,42,55.4,70,34.2,3.4,2.2,0.6,22,6,Low,Low
2026-08-09 22:00:00,industrial-area,37,54.0,98,35.5,2.4,2.0,0.49,22,6,Low,Low
2026-08-09 22:00:00,city-hospital,34,58.1,54,33.6,7.6,3.7,0.8,22,6,Low,Low
2026-08-09 22:00:00,residential-zone,38,53.6,84,31.7,2.4,1.3,0.62,22,6,Low,Low
2026-08-09 22:00:00,river-zone,59,52.4,96,26.9,1.3,1.0,0.82,22,6,Low,Low
2026-08-09 22:00:00,bus-terminal,33,49.5,72,28.8,35.0,17.3,1.58,22,6,Low,Moderate
2026-08-09 22:15:00,central-junction,66,47.0,58,23.2,9.2,6.5,0.74,22,6,Moderate,Low
2026-08-09 22:15:00,railway-station,58,50.6,80,24.3,2.5,1.1,0.64,22,6,Low,Low
2026-08-09 22:15:00,airport-road,39,55.9,57,28.4,6.1,4.5,0.66,22,6,Low,Low
2026-08-09 22:15:00,industrial-area,38,43.8,92,27.8,98.3,87.4,3.76,22,6,Low,Critical
2026-08-09 22:15:00,city-hospital,43,55.0,79,27.5,3.0,1.3,0.46,22,6,Low,Low
2026-08-09 22:15:00,residential-zone,40,54.1,62,28.5,7.4,6.5,0.82,22,6,Low,Low
2026-08-09 22:15:00,river-zone,41,52.7,61,23.7,5.9,2.5,1.05,22,6,Low,Low
2026-08-09 22:15:00,bus-terminal,38,57.5,71,30.2,5.7,4.4,0.54,22,6,Low,Low
2026-08-09 22:30:00,central-junction,34,55.1,64,25.5,4.1,2.6,0.48,22,6,Low,Low
2026-08-09 22:30:00,railway-station,27,53.2,72,23.6,48.6,35.8,2.27,22,6,Low,High
2026-08-09 22:30:00,airport-road,49,51.2,78,25.3,2.0,0.9,0.61,22,6,Low,Low
2026-08-09 22:30:00,industrial-area,43,56.4,81,27.7,2.9,1.8,0.58,22,6,Low,Low
2026-08-09 22:30:00,city-hospital,45,54.4,60,21.6,9.5,8.0,0.74,22,6,Low,Low
2026-08-09 22:30:00,residential-zone,58,53.2,79,31.4,6.2,4.4,0.66,22,6,Low,Low
2026-08-09 22:30:00,river-zone,31,55.6,76,30.9,8.2,5.0,1.21,22,6,Low,Moderate
2026-08-09 22:30:00,bus-terminal,30,56.7,47,27.1,5.0,3.2,0.73,22,6,Low,Low
2026-08-09 22:45:00,central-junction,39,50.4,58,26.4,33.8,18.3,1.77,22,6,Low,High
2026-08-09 22:45:00,railway-station,50,51.5,65,34.4,0.5,0.3,0.41,22,6,Low,Low
2026-08-09 22:45:00,airport-road,28,52.4,59,30.0,23.4,16.9,1.29,22,6,Low,Moderate
2026-08-09 22:45:00,industrial-area,31,56.6,67,32.1,5.7,4.6,0.75,22,6,Low,Low
2026-08-09 22:45:00,city-hospital,59,52.6,60,24.1,5.3,4.7,0.53,22,6,Low,Low
2026-08-09 22:45:00,residential-zone,31,55.8,82,33.9,3.5,2.4,0.51,22,6,Low,Low
2026-08-09 22:45:00,river-zone,34,56.0,60,30.4,0.2,0.2,0.81,22,6,Low,Low
2026-08-09 22:45:00,bus-terminal,69,46.7,86,27.7,2.6,2.0,0.64,22,6,Moderate,Low
2026-08-09 23:00:00,central-junction,74,49.9,82,27.0,8.6,5.9,0.84,23,6,Moderate,Low
2026-08-09 23:00:00,railway-station,42,51.9,62,31.7,6.5,4.9,0.81,23,6,Low,Low
2026-08-09 23:00:00,airport-road,45,56.4,63,28.9,7.2,3.4,0.75,23,6,Low,Low
2026-08-09 23:00:00,industrial-area,33,59.9,67,27.9,5.0,2.9,0.52,23,6,Low,Low
2026-08-09 23:00:00,city-hospital,32,54.8,50,28.8,29.2,15.9,1.41,23,6,Low,Moderate
2026-08-09 23:00:00,residential-zone,51,47.7,73,23.2,57.4,35.3,2.6,23,6,Low,Critical
2026-08-09 23:00:00,river-zone,54,46.0,56,30.5,40.6,22.5,2.27,23,6,Moderate,High
2026-08-09 23:00:00,bus-terminal,56,41.6,69,28.2,79.1,60.3,3.28,23,6,Moderate,Critical
2026-08-09 23:15:00,central-junction,54,51.2,63,25.1,3.0,2.2,0.59,23,6,Low,Low
2026-08-09 23:15:00,railway-station,41,56.6,64,33.2,4.6,4.0,0.55,23,6,Low,Low
2026-08-09 23:15:00,airport-road,52,54.6,86,22.2,0.2,0.1,0.47,23,6,Low,Low
2026-08-09 23:15:00,industrial-area,61,52.1,71,23.3,6.4,4.4,0.75,23,6,Low,Low
2026-08-09 23:15:00,city-hospital,37,53.9,65,26.4,1.4,0.7,0.38,23,6,Low,Low
2026-08-09 23:15:00,residential-zone,40,58.2,53,32.9,3.0,2.0,0.55,23,6,Low,Low
2026-08-09 23:15:00,river-zone,40,55.0,64,30.6,5.9,5.1,1.14,23,6,Low,Low
2026-08-09 23:15:00,bus-terminal,51,51.8,57,22.2,6.1,4.4,0.78,23,6,Low,Low
2026-08-09 23:30:00,central-junction,46,56.4,84,25.9,1.7,0.8,0.64,23,6,Low,Low
2026-08-09 23:30:00,railway-station,30,55.2,59,24.2,2.2,1.1,0.64,23,6,Low,Low
2026-08-09 23:30:00,airport-road,62,54.1,79,33.0,0.5,0.4,0.61,23,6,Low,Low
2026-08-09 23:30:00,industrial-area,26,41.9,70,22.3,113.4,58.4,4.51,23,6,Low,Critical
2026-08-09 23:30:00,city-hospital,67,41.9,74,18.5,64.0,37.6,2.67,23,6,Moderate,Critical
2026-08-09 23:30:00,residential-zone,49,55.1,73,27.8,7.5,6.1,0.61,23,6,Low,Low
2026-08-09 23:30:00,river-zone,28,57.6,46,28.0,8.4,6.2,1.12,23,6,Low,Moderate
2026-08-09 23:30:00,bus-terminal,34,47.1,53,19.2,57.8,50.2,2.47,23,6,Low,Critical
2026-08-09 23:45:00,central-junction,74,45.8,88,34.0,3.3,2.4,0.54,23,6,Moderate,Low
2026-08-09 23:45:00,railway-station,53,48.4,78,24.6,43.4,24.9,1.85,23,6,Low,High
2026-08-09 23:45:00,airport-road,24,47.5,67,17.7,74.9,59.6,3.09,23,6,Low,Critical
2026-08-09 23:45:00,industrial-area,39,53.2,70,30.1,5.9,5.1,0.65,23,6,Low,Low
2026-08-09 23:45:00,city-hospital,38,54.4,69,28.6,9.0,3.8,0.66,23,6,Low,Low
2026-08-09 23:45:00,residential-zone,30,60.6,84,26.1,2.6,2.3,0.58,23,6,Low,Low
2026-08-09 23:45:00,river-zone,23,60.0,51,25.1,8.0,6.7,1.15,23,6,Low,Moderate
2026-08-09 23:45:00,bus-terminal,55,49.4,74,27.9,3.9,3.3,0.56,23,6,Low,Low
2026-08-10 00:00:00,central-junction,45,51.9,85,31.8,3.4,1.9,0.61,0,0,Low,Low
2026-08-10 00:00:00,railway-station,37,54.3,72,31.4,3.2,1.9,0.61,0,0,Low,Low
2026-08-10 00:00:00,airport-road,27,55.0,74,31.8,8.1,3.5,0.66,0,0,Low,Low
2026-08-10 00:00:00,industrial-area,33,55.4,53,26.2,9.7,6.9,0.76,0,0,Low,Low
2026-08-10 00:00:00,city-hospital,32,59.8,80,25.8,1.7,1.5,0.38,0,0,Low,Low
2026-08-10 00:00:00,residential-zone,35,56.5,78,25.4,7.0,5.3,0.83,0,0,Low,Low
2026-08-10 00:00:00,river-zone,48,53.4,67,34.3,9.1,4.9,1.12,0,0,Low,Moderate
2026-08-10 00:00:00,bus-terminal,23,61.7,54,33.7,5.5,3.8,0.58,0,0,Low,Low
2026-08-10 00:15:00,central-junction,41,53.7,72,25.0,10.0,7.8,0.86,0,0,Low,Low
2026-08-10 00:15:00,railway-station,75,32.1,55,23.9,113.6,92.8,4.39,0,0,Moderate,Critical
2026-08-10 00:15:00,airport-road,50,54.0,65,35.2,5.7,4.9,0.5,0,0,Low,Low
2026-08-10 00:15:00,industrial-area,34,54.6,66,26.2,5.1,2.8,0.7,0,0,Low,Low
2026-08-10 00:15:00,city-hospital,42,43.8,43,24.6,78.2,46.8,3.17,0,0,Low,Critical
2026-08-10 00:15:00,residential-zone,37,56.9,74,29.0,7.4,4.2,0.85,0,0,Low,Low
2026-08-10 00:15:00,river-zone,36,53.6,58,26.4,3.4,3.0,0.8,0,0,Low,Low
2026-08-10 00:15:00,bus-terminal,44,54.1,74,24.5,3.1,2.7,0.67,0,0,Low,Low
2026-08-10 00:30:00,central-junction,24,61.9,54,22.2,0.7,0.5,0.34,0,0,Low,Low
2026-08-10 00:30:00,railway-station,36,54.1,71,35.2,3.6,2.3,0.6,0,0,Low,Low
2026-08-10 00:30:00,airport-road,41,54.4,64,25.1,4.8,2.3,0.54,0,0,Low,Low
2026-08-10 00:30:00,industrial-area,38,53.5,87,33.9,5.5,4.3,0.64,0,0,Low,Low
2026-08-10 00:30:00,city-hospital,45,54.7,83,32.1,8.5,6.3,0.89,0,0,Low,Low
2026-08-10 00:30:00,residential-zone,32,59.5,79,31.3,7.6,6.6,0.83,0,0,Low,Low
2026-08-10 00:30:00,river-zone,53,38.2,65,16.6,87.6,77.4,3.82,0,0,Moderate,Critical
2026-08-10 00:30:00,bus-terminal,43,53.2,69,29.0,6.4,2.6,0.55,0,0,Low,Low
2026-08-10 00:45:00,central-junction,66,50.6,59,31.0,5.8,2.9,0.59,0,0,Moderate,Low
2026-08-10 00:45:00,railway-station,52,54.5,63,28.6,6.5,3.8,0.64,0,0,Low,Low
2026-08-10 00:45:00,airport-road,47,55.3,83,32.9,3.4,1.7,0.59,0,0,Low,Low
2026-08-10 00:45:00,industrial-area,58,48.0,67,21.4,8.5,7.0,0.85,0,0,Low,Low
2026-08-10 00:45:00,city-hospital,48,39.2,64,27.6,83.7,54.0,3.37,0,0,Moderate,Critical
2026-08-10 00:45:00,residential-zone,32,56.1,69,22.5,4.6,2.1,0.6,0,0,Low,Low
2026-08-10 00:45:00,river-zone,18,60.3,67,32.2,8.6,5.7,1.05,0,0,Low,Low
2026-08-10 00:45:00,bus-terminal,60,53.7,72,31.8,3.6,2.3,0.43,0,0,Low,Low
2026-08-10 01:00:00,central-junction,39,55.6,68,26.3,2.1,1.3,0.65,1,0,Low,Low
2026-08-10 01:00:00,railway-station,30,58.8,59,27.7,2.1,1.2,0.39,1,0,Low,Low
2026-08-10 01:00:00,airport-road,34,59.4,65,29.5,7.0,5.3,0.63,1,0,Low,Low
2026-08-10 01:00:00,industrial-area,27,57.2,62,34.8,7.9,3.4,0.58,1,0,Low,Low
2026-08-10 01:00:00,city-hospital,45,57.3,55,26.7,2.3,1.2,0.57,1,0,Low,Low
2026-08-10 01:00:00,residential-zone,52,55.4,87,33.3,2.8,2.2,0.56,1,0,Low,Low
2026-08-10 01:00:00,river-zone,27,37.8,71,23.5,137.7,75.0,5.74,1,0,Low,Critical
2026-08-10 01:00:00,bus-terminal,27,61.0,74,24.6,4.8,4.2,0.49,1,0,Low,Low
2026-08-10 01:15:00,central-junction,79,44.2,70,24.2,4.7,2.6,0.69,1,0,Moderate,Low
2026-08-10 01:15:00,railway-station,52,45.5,68,31.5,56.5,35.4,2.47,1,0,Moderate,Critical
2026-08-10 01:15:00,airport-road,24,57.0,49,22.5,9.4,4.2,0.72,1,0,Low,Low
2026-08-10 01:15:00,industrial-area,49,50.6,90,32.8,7.7,5.4,0.69,1,0,Low,Low
2026-08-10 01:15:00,city-hospital,33,59.4,75,32.4,1.8,0.9,0.63,1,0,Low,Low
2026-08-10 01:15:00,residential-zone,45,53.6,48,30.6,4.8,2.6,0.61,1,0,Low,Low
2026-08-10 01:15:00,river-zone,50,51.6,59,29.2,2.7,2.2,0.9,1,0,Low,Low
2026-08-10 01:15:00,bus-terminal,39,49.1,71,31.4,56.2,38.3,2.27,1,0,Low,Critical
2026-08-10 01:30:00,central-junction,30,49.6,70,19.5,70.6,46.7,2.85,1,0,Low,Critical
2026-08-10 01:30:00,railway-station,30,56.1,65,30.4,1.9,1.3,0.43,1,0,Low,Low
2026-08-10 01:30:00,airport-road,39,55.4,60,31.7,6.7,5.4,0.69,1,0,Low,Low
2026-08-10 01:30:00,industrial-area,37,58.7,114,29.3,5.2,4.1,0.5,1,0,Low,Low
2026-08-10 01:30:00,city-hospital,38,56.7,61,25.2,4.2,1.8,0.53,1,0,Low,Low
2026-08-10 01:30:00,residential-zone,31,58.5,53,29.7,9.4,5.6,0.72,1,0,Low,Low
2026-08-10 01:30:00,river-zone,45,55.7,56,31.2,8.9,4.5,1.02,1,0,Low,Low
2026-08-10 01:30:00,bus-terminal,59,50.5,73,31.5,8.3,4.1,0.61,1,0,Low,Low
2026-08-10 01:45:00,central-junction,48,52.6,49,35.3,9.3,7.0,0.92,1,0,Low,Low
2026-08-10 01:45:00,railway-station,65,49.1,90,24.8,5.6,3.2,0.79,1,0,Moderate,Low
2026-08-10 01:45:00,airport-road,52,49.6,68,28.9,9.3,5.6,0.92,1,0,Low,Low
2026-08-10 01:45:00,industrial-area,40,53.5,95,28.3,7.5,5.0,0.68,1,0,Low,Low
2026-08-10 01:45:00,city-hospital,23,59.7,40,26.0,9.7,3.9,0.85,1,0,Low,Low
2026-08-10 01:45:00,residential-zone,19,57.6,46,22.7,4.6,4.0,0.48,1,0,Low,Low
2026-08-10 01:45:00,river-zone,51,55.5,69,22.5,2.7,1.3,0.79,1,0,Low,Low
2026-08-10 01:45:00,bus-terminal,49,52.2,48,29.3,5.9,3.3,0.75,1,0,Low,Low
2026-08-10 02:00:00,central-junction,61,49.8,61,32.4,5.6,4.9,0.57,2,0,Moderate,Low
2026-08-10 02:00:00,railway-station,24,58.1,74,32.9,4.6,4.0,0.51,2,0,Low,Low
2026-08-10 02:00:00,airport-road,33,55.4,66,31.6,1.0,0.8,0.52,2,0,Low,Low
2026-08-10 02:00:00,industrial-area,47,49.3,107,28.3,31.9,17.0,1.49,2,0,Low,Moderate
2026-08-10 02:00:00,city-hospital,31,46.9,45,27.5,77.6,35.0,3.18,2,0,Low,Critical
2026-08-10 02:00:00,residential-zone,49,54.8,51,26.1,7.3,3.9,0.69,2,0,Low,Low
2026-08-10 02:00:00,river-zone,26,57.9,52,32.8,9.6,5.1,1.17,2,0,Low,Moderate
2026-08-10 02:00:00,bus-terminal,65,46.8,81,34.6,6.9,4.6,0.76,2,0,Moderate,Low
2026-08-10 02:15:00,central-junction,39,56.5,78,32.4,9.7,7.6,0.79,2,0,Low,Low
2026-08-10 02:15:00,railway-station,49,53.0,43,31.5,2.6,1.2,0.65,2,0,Low,Low
2026-08-10 02:15:00,airport-road,36,53.0,56,31.7,24.1,10.4,1.37,2,0,Low,Moderate
2026-08-10 02:15:00,industrial-area,44,52.8,94,35.2,5.1,2.1,0.74,2,0,Low,Low
2026-08-10 02:15:00,city-hospital,43,57.7,62,30.7,3.9,3.3,0.63,2,0,Low,Low
2026-08-10 02:15:00,residential-zone,38,57.6,64,24.9,7.5,3.2,0.73,2,0,Low,Low
2026-08-10 02:15:00,river-zone,36,52.9,57,29.9,40.2,26.7,2.32,2,0,Low,High
2026-08-10 02:15:00,bus-terminal,80,43.4,73,27.7,6.5,4.7,0.62,2,0,Moderate,Low
2026-08-10 02:30:00,central-junction,35,57.7,68,25.8,0.2,0.1,0.39,2,0,Low,Low
2026-08-10 02:30:00,railway-station,59,50.1,70,29.7,2.5,2.0,0.45,2,0,Low,Low
2026-08-10 02:30:00,airport-road,29,58.8,53,26.7,8.1,4.1,0.64,2,0,Low,Low
2026-08-10 02:30:00,industrial-area,39,51.4,66,28.1,27.2,23.6,1.42,2,0,Low,Moderate
2026-08-10 02:30:00,city-hospital,50,50.5,81,35.4,5.5,4.1,0.65,2,0,Low,Low
2026-08-10 02:30:00,residential-zone,56,51.3,67,28.0,2.0,1.4,0.52,2,0,Low,Low
2026-08-10 02:30:00,river-zone,37,56.5,77,24.5,4.7,3.5,1.07,2,0,Low,Low
2026-08-10 02:30:00,bus-terminal,33,58.5,48,30.8,7.8,6.7,0.63,2,0,Low,Low
2026-08-10 02:45:00,central-junction,32,56.6,46,31.2,7.3,6.2,0.73,2,0,Low,Low
2026-08-10 02:45:00,railway-station,28,56.4,73,30.1,9.1,7.7,0.66,2,0,Low,Low
2026-08-10 02:45:00,airport-road,31,59.3,64,34.7,5.7,2.8,0.7,2,0,Low,Low
2026-08-10 02:45:00,industrial-area,44,49.3,75,30.0,25.5,15.6,1.27,2,0,Low,Moderate
2026-08-10 02:45:00,city-hospital,60,33.7,71,14.4,123.0,79.3,4.79,2,0,Moderate,Critical
2026-08-10 02:45:00,residential-zone,56,54.2,84,32.5,6.7,5.6,0.72,2,0,Low,Low
2026-08-10 02:45:00,river-zone,18,58.4,47,26.3,1.8,1.0,0.96,2,0,Low,Low
2026-08-10 02:45:00,bus-terminal,54,52.4,55,23.5,1.4,1.1,0.35,2,0,Low,Low
2026-08-10 03:00:00,central-junction,50,47.6,73,22.3,41.8,30.9,2.05,3,0,Low,High
2026-08-10 03:00:00,railway-station,61,52.1,67,22.6,9.0,7.9,0.91,3,0,Low,Low
2026-08-10 03:00:00,airport-road,39,57.8,69,34.2,0.8,0.4,0.36,3,0,Low,Low
2026-08-10 03:00:00,industrial-area,39,46.0,69,19.9,77.8,47.9,3.27,3,0,Low,Critical
2026-08-10 03:00:00,city-hospital,44,52.8,74,31.1,3.5,2.5,0.71,3,0,Low,Low
2026-08-10 03:00:00,residential-zone,33,57.9,53,25.8,7.2,5.9,0.63,3,0,Low,Low
2026-08-10 03:00:00,river-zone,36,56.2,69,34.7,1.9,1.7,0.76,3,0,Low,Low
2026-08-10 03:00:00,bus-terminal,42,57.9,61,26.9,3.8,2.4,0.58,3,0,Low,Low
2026-08-10 03:15:00,central-junction,60,54.0,66,33.8,4.7,3.7,0.67,3,0,Low,Low
2026-08-10 03:15:00,railway-station,52,51.9,66,33.3,0.9,0.4,0.54,3,0,Low,Low
2026-08-10 03:15:00,airport-road,27,56.8,41,31.2,6.3,3.4,0.67,3,0,Low,Low
2026-08-10 03:15:00,industrial-area,65,51.3,85,27.9,8.6,5.1,0.66,3,0,Moderate,Low
2026-08-10 03:15:00,city-hospital,25,56.9,73,35.4,0.7,0.3,0.51,3,0,Low,Low
2026-08-10 03:15:00,residential-zone,44,56.1,59,22.7,0.5,0.3,0.39,3,0,Low,Low
2026-08-10 03:15:00,river-zone,29,52.1,44,27.8,32.9,14.0,1.87,3,0,Low,High
2026-08-10 03:15:00,bus-terminal,39,43.1,50,28.6,85.7,56.1,3.45,3,0,Low,Critical
2026-08-10 03:30:00,central-junction,31,38.7,52,18.2,137.6,77.7,5.14,3,0,Low,Critical
2026-08-10 03:30:00,railway-station,53,39.7,82,17.4,80.2,51.6,3.13,3,0,Moderate,Critical
2026-08-10 03:30:00,airport-road,28,57.9,80,28.6,3.9,3.1,0.69,3,0,Low,Low
2026-08-10 03:30:00,industrial-area,52,51.5,89,33.2,5.9,3.4,0.69,3,0,Low,Low
2026-08-10 03:30:00,city-hospital,29,57.6,75,33.0,7.8,6.1,0.78,3,0,Low,Low
2026-08-10 03:30:00,residential-zone,56,54.0,67,31.2,3.4,2.8,0.48,3,0,Low,Low
2026-08-10 03:30:00,river-zone,29,60.0,45,34.9,9.3,5.4,1.09,3,0,Low,Moderate
2026-08-10 03:30:00,bus-terminal,55,51.3,86,28.2,9.0,3.9,0.79,3,0,Low,Low
2026-08-10 03:45:00,central-junction,46,52.2,76,23.9,8.2,4.1,0.81,3,0,Low,Low
2026-08-10 03:45:00,railway-station,60,50.8,53,25.2,2.7,1.3,0.43,3,0,Low,Low
2026-08-10 03:45:00,airport-road,39,56.4,61,28.7,5.9,3.3,0.56,3,0,Low,Low
2026-08-10 03:45:00,industrial-area,26,60.8,71,23.9,7.7,4.7,0.66,3,0,Low,Low
2026-08-10 03:45:00,city-hospital,54,54.4,82,23.8,3.9,1.6,0.45,3,0,Low,Low
2026-08-10 03:45:00,residential-zone,41,57.6,70,33.0,3.1,2.3,0.51,3,0,Low,Low
2026-08-10 03:45:00,river-zone,25,56.9,79,21.6,5.3,3.5,0.94,3,0,Low,Low
2026-08-10 03:45:00,bus-terminal,37,40.1,43,22.3,124.0,66.3,4.93,3,0,Low,Critical
2026-08-10 04:00:00,central-junction,39,53.3,55,29.4,9.5,6.2,0.76,4,0,Low,Low
2026-08-10 04:00:00,railway-station,77,50.2,57,31.3,5.1,3.3,0.63,4,0,Moderate,Low
2026-08-10 04:00:00,airport-road,54,52.4,82,24.5,0.9,0.7,0.54,4,0,Low,Low
2026-08-10 04:00:00,industrial-area,52,51.9,88,21.7,30.5,23.5,1.37,4,0,Low,Moderate
2026-08-10 04:00:00,city-hospital,24,57.6,71,29.0,1.3,0.7,0.59,4,0,Low,Low
2026-08-10 04:00:00,residential-zone,66,50.3,77,30.1,4.2,2.1,0.48,4,0,Moderate,Low
2026-08-10 04:00:00,river-zone,25,43.6,39,13.4,113.1,46.4,4.66,4,0,Low,Critical
2026-08-10 04:00:00,bus-terminal,77,45.2,85,25.0,1.8,0.8,0.6,4,0,Moderate,Low
2026-08-10 04:15:00,central-junction,53,52.5,63,28.9,4.3,2.6,0.49,4,0,Low,Low
2026-08-10 04:15:00,railway-station,60,53.6,87,30.1,3.6,1.7,0.48,4,0,Low,Low
2026-08-10 04:15:00,airport-road,41,52.6,52,27.1,2.7,2.0,0.53,4,0,Low,Low
2026-08-10 04:15:00,industrial-area,46,55.6,100,22.5,7.3,4.3,0.69,4,0,Low,Low
2026-08-10 04:15:00,city-hospital,48,53.8,94,33.9,1.6,1.2,0.48,4,0,Low,Low
2026-08-10 04:15:00,residential-zone,41,42.0,57,29.2,74.7,62.0,3.1,4,0,Low,Critical
2026-08-10 04:15:00,river-zone,41,54.2,66,28.8,7.7,5.5,1.12,4,0,Low,Moderate
2026-08-10 04:15:00,bus-terminal,43,55.1,89,22.7,8.5,5.1,0.63,4,0,Low,Low
2026-08-10 04:30:00,central-junction,73,49.1,81,22.8,6.0,3.6,0.54,4,0,Moderate,Low
2026-08-10 04:30:00,railway-station,58,50.5,88,27.3,2.1,1.3,0.51,4,0,Low,Low
2026-08-10 04:30:00,airport-road,37,56.8,46,23.7,3.5,2.4,0.69,4,0,Low,Low
2026-08-10 04:30:00,industrial-area,23,56.7,73,32.1,8.0,4.2,0.87,4,0,Low,Low
2026-08-10 04:30:00,city-hospital,45,49.9,43,22.0,25.8,12.4,1.27,4,0,Low,Moderate
2026-08-10 04:30:00,residential-zone,35,57.3,61,33.2,9.7,8.7,0.88,4,0,Low,Low
2026-08-10 04:30:00,river-zone,24,60.0,68,29.9,3.2,1.5,0.76,4,0,Low,Low
2026-08-10 04:30:00,bus-terminal,72,48.3,81,29.2,5.3,2.6,0.64,4,0,Moderate,Low
2026-08-10 04:45:00,central-junction,48,53.5,55,27.9,0.2,0.1,0.48,4,0,Low,Low
2026-08-10 04:45:00,railway-station,47,53.9,78,28.9,0.2,0.1,0.31,4,0,Low,Low
2026-08-10 04:45:00,airport-road,17,59.4,59,32.0,0.4,0.3,0.57,4,0,Low,Low
2026-08-10 04:45:00,industrial-area,56,51.0,119,30.2,8.1,3.2,0.65,4,0,Low,Low
2026-08-10 04:45:00,city-hospital,48,55.6,91,22.9,3.6,3.0,0.69,4,0,Low,Low
2026-08-10 04:45:00,residential-zone,22,51.4,65,29.0,63.4,37.1,2.8,4,0,Low,Critical
2026-08-10 04:45:00,river-zone,36,58.1,70,25.5,6.7,3.7,0.98,4,0,Low,Low
2026-08-10 04:45:00,bus-terminal,59,49.4,70,26.5,7.6,6.1,0.64,4,0,Low,Low
2026-08-10 05:00:00,central-junction,51,53.0,91,24.3,6.3,2.7,0.74,5,0,Low,Low
2026-08-10 05:00:00,railway-station,34,54.8,60,32.7,2.8,2.5,0.56,5,0,Low,Low
2026-08-10 05:00:00,airport-road,41,56.9,75,24.9,3.0,1.8,0.52,5,0,Low,Low
2026-08-10 05:00:00,industrial-area,25,62.1,113,26.2,0.7,0.5,0.41,5,0,Low,Low
2026-08-10 05:00:00,city-hospital,20,63.3,73,27.8,1.7,0.9,0.46,5,0,Low,Low
2026-08-10 05:00:00,residential-zone,29,60.3,64,34.7,6.3,3.4,0.56,5,0,Low,Low
2026-08-10 05:00:00,river-zone,26,56.9,74,29.1,6.1,2.6,1.07,5,0,Low,Low
2026-08-10 05:00:00,bus-terminal,43,52.9,66,33.6,5.4,3.6,0.54,5,0,Low,Low
2026-08-10 05:15:00,central-junction,66,47.9,72,32.5,2.7,1.4,0.52,5,0,Moderate,Low
2026-08-10 05:15:00,railway-station,56,54.0,73,31.0,4.4,2.4,0.63,5,0,Low,Low
2026-08-10 05:15:00,airport-road,54,55.1,76,22.5,2.5,1.5,0.58,5,0,Low,Low
2026-08-10 05:15:00,industrial-area,63,53.5,80,33.4,1.3,0.8,0.39,5,0,Low,Low
2026-08-10 05:15:00,city-hospital,61,50.1,73,22.6,20.6,12.8,1.17,5,0,Low,Moderate
2026-08-10 05:15:00,residential-zone,37,44.5,63,16.4,79.0,51.8,3.26,5,0,Low,Critical
2026-08-10 05:15:00,river-zone,45,39.2,46,16.7,102.2,44.0,4.51,5,0,Moderate,Critical
2026-08-10 05:15:00,bus-terminal,88,45.0,61,31.5,7.8,7.0,0.84,5,0,Moderate,Low
2026-08-10 05:30:00,central-junction,43,57.2,62,32.4,0.3,0.3,0.58,5,0,Low,Low
2026-08-10 05:30:00,railway-station,37,45.5,44,27.4,76.1,44.9,3.11,5,0,Low,Critical
2026-08-10 05:30:00,airport-road,53,38.4,44,22.1,81.7,62.2,3.36,5,0,Moderate,Critical
2026-08-10 05:30:00,industrial-area,20,62.2,56,25.1,1.6,0.7,0.43,5,0,Low,Low
2026-08-10 05:30:00,city-hospital,53,52.3,72,27.8,8.3,5.5,0.85,5,0,Low,Low
2026-08-10 05:30:00,residential-zone,45,52.2,76,24.8,8.6,4.8,0.66,5,0,Low,Low
2026-08-10 05:30:00,river-zone,32,55.5,72,34.5,5.7,3.0,0.91,5,0,Low,Low
2026-08-10 05:30:00,bus-terminal,65,47.0,75,23.0,6.3,3.0,0.58,5,0,Moderate,Low
2026-08-10 05:45:00,central-junction,47,56.0,72,30.5,1.7,1.2,0.62,5,0,Low,Low
2026-08-10 05:45:00,railway-station,70,48.6,83,34.0,8.1,3.5,0.83,5,0,Moderate,Low
2026-08-10 05:45:00,airport-road,28,58.2,81,22.8,3.0,1.9,0.69,5,0,Low,Low
2026-08-10 05:45:00,industrial-area,41,53.4,64,22.3,9.8,4.7,0.81,5,0,Low,Low
2026-08-10 05:45:00,city-hospital,25,58.7,50,29.1,5.8,3.2,0.72,5,0,Low,Low
2026-08-10 05:45:00,residential-zone,28,48.2,50,19.7,58.2,42.9,2.62,5,0,Low,Critical
2026-08-10 05:45:00,river-zone,27,57.2,67,35.5,4.0,3.4,0.85,5,0,Low,Low
2026-08-10 05:45:00,bus-terminal,53,42.8,53,26.4,80.2,36.3,3.2,5,0,Moderate,Critical
2026-08-10 06:00:00,central-junction,58,49.2,76,32.3,7.0,5.5,0.82,6,0,Low,Low
2026-08-10 06:00:00,railway-station,33,56.9,73,25.6,1.6,0.9,0.47,6,0,Low,Low
2026-08-10 06:00:00,airport-road,40,54.6,70,26.2,8.7,4.0,0.84,6,0,Low,Low
2026-08-10 06:00:00,industrial-area,25,58.5,65,34.9,2.4,2.1,0.45,6,0,Low,Low
2026-08-10 06:00:00,city-hospital,30,59.5,63,30.1,2.8,1.8,0.48,6,0,Low,Low
2026-08-10 06:00:00,residential-zone,33,59.9,64,30.3,0.5,0.3,0.36,6,0,Low,Low
2026-08-10 06:00:00,river-zone,37,52.5,59,34.2,9.6,8.1,1.17,6,0,Low,Moderate
2026-08-10 06:00:00,bus-terminal,44,40.4,37,14.9,102.1,45.0,4.15,6,0,Low,Critical
2026-08-10 06:15:00,central-junction,46,54.0,58,21.6,5.5,2.9,0.63,6,0,Low,Low
2026-08-10 06:15:00,railway-station,24,58.1,61,29.7,4.9,2.9,0.72,6,0,Low,Low
2026-08-10 06:15:00,airport-road,25,61.4,51,27.0,6.5,3.8,0.58,6,0,Low,Low
2026-08-10 06:15:00,industrial-area,36,57.6,75,32.0,8.7,4.0,0.82,6,0,Low,Low
2026-08-10 06:15:00,city-hospital,24,58.5,57,33.2,9.1,4.7,0.75,6,0,Low,Low
2026-08-10 06:15:00,residential-zone,41,52.4,87,33.5,5.6,4.0,0.55,6,0,Low,Low
2026-08-10 06:15:00,river-zone,39,58.5,62,29.2,1.4,0.7,0.79,6,0,Low,Low
2026-08-10 06:15:00,bus-terminal,45,53.1,73,29.7,1.3,1.1,0.38,6,0,Low,Low
2026-08-10 06:30:00,central-junction,40,55.2,65,26.6,8.5,4.1,0.86,6,0,Low,Low
2026-08-10 06:30:00,railway-station,52,50.1,66,24.0,3.6,1.7,0.59,6,0,Low,Low
2026-08-10 06:30:00,airport-road,22,56.2,77,30.1,6.7,5.4,0.72,6,0,Low,Low
2026-08-10 06:30:00,industrial-area,23,60.8,92,29.6,7.1,6.0,0.6,6,0,Low,Low
2026-08-10 06:30:00,city-hospital,24,61.5,64,24.9,3.7,2.5,0.44,6,0,Low,Low
2026-08-10 06:30:00,residential-zone,49,53.1,61,26.8,7.6,5.5,0.57,6,0,Low,Low
2026-08-10 06:30:00,river-zone,44,57.4,80,26.1,6.0,4.3,0.88,6,0,Low,Low
2026-08-10 06:30:00,bus-terminal,61,49.3,74,27.9,0.8,0.6,0.62,6,0,Moderate,Low
2026-08-10 06:45:00,central-junction,62,51.8,80,27.8,4.8,3.9,0.72,6,0,Low,Low
2026-08-10 06:45:00,railway-station,76,44.7,66,34.7,4.8,3.5,0.71,6,0,Moderate,Low
2026-08-10 06:45:00,airport-road,38,48.7,44,31.2,38.4,16.8,1.91,6,0,Low,High
2026-08-10 06:45:00,industrial-area,53,52.8,108,23.3,8.6,4.1,0.68,6,0,Low,Low
2026-08-10 06:45:00,city-hospital,36,47.1,59,23.7,63.3,38.6,2.72,6,0,Low,Critical
2026-08-10 06:45:00,residential-zone,54,50.8,72,26.4,2.0,1.1,0.39,6,0,Low,Low
2026-08-10 06:45:00,river-zone,29,60.4,77,29.0,6.7,5.2,1.13,6,0,Low,Low
2026-08-10 06:45:00,bus-terminal,38,56.7,45,31.3,9.9,4.5,0.65,6,0,Low,Low
2026-08-10 07:00:00,central-junction,84,44.7,84,33.2,4.5,3.1,0.67,7,0,Moderate,Low
2026-08-10 07:00:00,railway-station,42,58.4,65,23.9,0.6,0.3,0.45,7,0,Low,Low
2026-08-10 07:00:00,airport-road,22,60.2,61,28.9,9.2,7.3,0.85,7,0,Low,Low
2026-08-10 07:00:00,industrial-area,30,58.0,105,32.0,0.2,0.1,0.48,7,0,Low,Low
2026-08-10 07:00:00,city-hospital,34,53.8,68,27.7,8.5,6.6,0.69,7,0,Low,Low
2026-08-10 07:00:00,residential-zone,29,56.3,58,22.9,0.7,0.6,0.6,7,0,Low,Low
2026-08-10 07:00:00,river-zone,50,52.2,78,25.2,5.0,2.2,1.08,7,0,Low,Low
2026-08-10 07:00:00,bus-terminal,40,53.9,52,32.7,6.8,4.4,0.82,7,0,Low,Low
2026-08-10 07:15:00,central-junction,79,48.8,78,25.7,1.6,0.8,0.36,7,0,Moderate,Low
2026-08-10 07:15:00,railway-station,56,50.1,71,27.4,10.0,7.9,0.8,7,0,Low,Low
2026-08-10 07:15:00,airport-road,49,52.7,84,26.4,3.1,1.3,0.69,7,0,Low,Low
2026-08-10 07:15:00,industrial-area,26,60.8,51,27.5,6.1,4.3,0.59,7,0,Low,Low
2026-08-10 07:15:00,city-hospital,45,46.7,70,23.1,54.4,40.1,2.49,7,0,Low,Critical
2026-08-10 07:15:00,residential-zone,22,55.0,42,30.9,35.8,15.5,1.76,7,0,Low,High
2026-08-10 07:15:00,river-zone,32,57.4,67,34.0,4.1,2.9,1.04,7,0,Low,Low
2026-08-10 07:15:00,bus-terminal,55,53.3,96,24.2,8.2,5.0,0.65,7,0,Low,Low
2026-08-10 07:30:00,central-junction,54,53.5,54,23.7,6.7,4.4,0.76,7,0,Low,Low
2026-08-10 07:30:00,railway-station,42,57.6,56,24.6,2.6,1.5,0.46,7,0,Low,Low
2026-08-10 07:30:00,airport-road,58,52.2,51,33.5,6.0,3.9,0.78,7,0,Low,Low
2026-08-10 07:30:00,industrial-area,40,58.3,79,31.6,2.5,1.2,0.45,7,0,Low,Low
2026-08-10 07:30:00,city-hospital,42,57.9,76,30.1,2.8,1.7,0.6,7,0,Low,Low
2026-08-10 07:30:00,residential-zone,20,62.4,55,30.4,7.5,6.1,0.65,7,0,Low,Low
2026-08-10 07:30:00,river-zone,28,44.9,57,20.9,78.5,64.6,3.68,7,0,Low,Critical
2026-08-10 07:30:00,bus-terminal,57,53.0,77,33.1,3.7,3.0,0.55,7,0,Low,Low
2026-08-10 07:45:00,central-junction,24,61.9,42,23.7,2.7,2.3,0.64,7,0,Low,Low
2026-08-10 07:45:00,railway-station,77,45.1,79,26.5,8.8,5.8,0.65,7,0,Moderate,Low
2026-08-10 07:45:00,airport-road,42,56.2,48,34.2,8.5,6.7,0.77,7,0,Low,Low
2026-08-10 07:45:00,industrial-area,24,38.2,90,14.7,125.6,86.8,4.75,7,0,Low,Critical
2026-08-10 07:45:00,city-hospital,59,47.9,67,34.5,9.8,5.5,0.77,7,0,Moderate,Low
2026-08-10 07:45:00,residential-zone,49,56.5,83,34.6,1.6,1.4,0.42,7,0,Low,Low
2026-08-10 07:45:00,river-zone,27,59.6,58,22.5,4.8,2.9,1.06,7,0,Low,Low
2026-08-10 07:45:00,bus-terminal,33,57.2,78,30.4,2.2,1.8,0.45,7,0,Low,Low
2026-08-10 08:00:00,central-junction,72,49.0,65,33.7,4.8,3.3,0.68,8,0,Moderate,Low
2026-08-10 08:00:00,railway-station,115,36.2,74,24.5,5.7,3.8,0.66,8,0,Moderate,Low
2026-08-10 08:00:00,airport-road,93,46.6,74,34.1,4.2,3.6,0.54,8,0,Moderate,Low
2026-08-10 08:00:00,industrial-area,135,32.8,119,25.2,4.6,3.9,0.7,8,0,High,Low
2026-08-10 08:00:00,city-hospital,126,33.8,70,33.8,6.2,4.6,0.69,8,0,High,Low
2026-08-10 08:00:00,residential-zone,102,40.7,70,24.7,2.0,1.2,0.42,8,0,Moderate,Low
2026-08-10 08:00:00,river-zone,140,35.2,89,32.4,8.9,7.9,1.11,8,0,High,Moderate
2026-08-10 08:00:00,bus-terminal,80,42.2,84,30.8,29.8,22.7,1.38,8,0,Moderate,Moderate
2026-08-10 08:15:00,central-junction,98,41.6,74,31.6,0.0,0.0,0.32,8,0,Moderate,Low
2026-08-10 08:15:00,railway-station,187,17.7,116,22.6,23.5,11.5,1.38,8,0,Critical,Moderate
2026-08-10 08:15:00,airport-road,86,46.8,69,32.1,3.5,1.7,0.45,8,0,Moderate,Low
2026-08-10 08:15:00,industrial-area,82,44.9,85,35.2,4.5,3.3,0.75,8,0,Moderate,Low
2026-08-10 08:15:00,city-hospital,120,37.1,96,27.4,7.8,6.1,0.7,8,0,Moderate,Low
2026-08-10 08:15:00,residential-zone,128,23.5,91,28.2,79.6,55.3,3.22,8,0,High,Critical
2026-08-10 08:15:00,river-zone,91,44.5,76,25.4,0.3,0.2,0.72,8,0,Moderate,Low
2026-08-10 08:15:00,bus-terminal,142,31.9,107,24.1,5.4,2.3,0.69,8,0,High,Low
2026-08-10 08:30:00,central-junction,145,24.0,113,21.6,54.6,48.4,2.46,8,0,Critical,Critical
2026-08-10 08:30:00,railway-station,173,26.6,101,35.1,6.3,3.0,0.74,8,0,Critical,Low
2026-08-10 08:30:00,airport-road,101,39.2,80,27.2,5.2,2.8,0.75,8,0,Moderate,Low
2026-08-10 08:30:00,industrial-area,88,45.6,104,31.7,3.9,2.9,0.57,8,0,Moderate,Low
2026-08-10 08:30:00,city-hospital,91,41.7,94,27.9,4.8,3.7,0.54,8,0,Moderate,Low
2026-08-10 08:30:00,residential-zone,75,46.4,85,23.3,2.2,1.8,0.43,8,0,Moderate,Low
2026-08-10 08:30:00,river-zone,102,43.4,69,23.0,8.4,5.9,1.14,8,0,Moderate,Moderate
2026-08-10 08:30:00,bus-terminal,90,44.0,87,33.8,2.5,1.7,0.4,8,0,Moderate,Low
2026-08-10 08:45:00,central-junction,169,24.5,91,22.9,8.1,4.7,0.67,8,0,Critical,Low
2026-08-10 08:45:00,railway-station,132,35.4,102,27.6,6.9,5.4,0.78,8,0,High,Low
2026-08-10 08:45:00,airport-road,152,30.0,85,27.8,8.4,3.9,0.61,8,0,High,Low
2026-08-10 08:45:00,industrial-area,124,25.5,100,18.8,67.6,41.0,2.95,8,0,High,Critical
2026-08-10 08:45:00,city-hospital,89,43.5,96,25.3,8.5,4.1,0.7,8,0,Moderate,Low
2026-08-10 08:45:00,residential-zone,154,28.6,100,33.4,7.8,5.2,0.86,8,0,High,Low
2026-08-10 08:45:00,river-zone,82,47.2,96,28.8,9.2,5.9,1.14,8,0,Moderate,Moderate
2026-08-10 08:45:00,bus-terminal,111,41.8,64,30.3,10.0,5.5,0.82,8,0,Moderate,Low
2026-08-10 09:00:00,central-junction,182,22.8,101,23.6,6.7,4.6,0.63,9,0,Critical,Low
2026-08-10 09:00:00,railway-station,177,22.5,111,33.9,5.2,4.5,0.72,9,0,Critical,Low
2026-08-10 09:00:00,airport-road,92,44.1,74,24.7,5.2,2.9,0.73,9,0,Moderate,Low
2026-08-10 09:00:00,industrial-area,86,29.5,115,24.7,123.7,68.9,4.67,9,0,Moderate,Critical
2026-08-10 09:00:00,city-hospital,97,41.1,78,24.8,5.2,2.4,0.67,9,0,Moderate,Low
2026-08-10 09:00:00,residential-zone,109,43.3,82,22.9,1.6,1.2,0.62,9,0,Moderate,Low
2026-08-10 09:00:00,river-zone,159,29.0,75,35.8,0.5,0.2,0.77,9,0,High,Low
2026-08-10 09:00:00,bus-terminal,140,34.4,98,27.5,9.4,7.4,0.69,9,0,High,Low
2026-08-10 09:15:00,central-junction,100,37.7,89,21.0,21.7,15.6,1.19,9,0,Moderate,Moderate
2026-08-10 09:15:00,railway-station,77,34.2,86,28.6,89.8,39.4,3.68,9,0,Moderate,Critical
2026-08-10 09:15:00,airport-road,127,37.8,100,23.4,2.9,1.6,0.54,9,0,High,Low
2026-08-10 09:15:00,industrial-area,62,44.6,69,32.2,31.6,27.2,1.46,9,0,Moderate,Moderate
2026-08-10 09:15:00,city-hospital,138,20.8,103,22.0,77.7,62.1,3.05,9,0,Critical,Critical
2026-08-10 09:15:00,residential-zone,72,51.3,86,24.9,5.2,3.0,0.49,9,0,Moderate,Low
2026-08-10 09:15:00,river-zone,89,41.9,69,28.7,4.0,2.1,0.96,9,0,Moderate,Low
2026-08-10 09:15:00,bus-terminal,101,45.4,64,22.3,0.8,0.5,0.62,9,0,Moderate,Low
2026-08-10 09:30:00,central-junction,124,39.5,93,25.0,6.5,5.4,0.74,9,0,Moderate,Low
2026-08-10 09:30:00,railway-station,140,34.6,72,23.9,7.9,5.8,0.79,9,0,High,Low
2026-08-10 09:30:00,airport-road,53,51.4,75,35.4,3.0,2.7,0.58,9,0,Low,Low
2026-08-10 09:30:00,industrial-area,105,40.0,133,28.8,6.1,4.0,0.64,9,0,Moderate,Low
2026-08-10 09:30:00,city-hospital,75,48.8,97,30.2,7.6,4.7,0.62,9,0,Moderate,Low
2026-08-10 09:30:00,residential-zone,62,50.4,61,30.1,7.9,6.0,0.67,9,0,Moderate,Low
2026-08-10 09:30:00,river-zone,69,52.4,82,32.7,2.4,1.7,0.98,9,0,Moderate,Low
2026-08-10 09:30:00,bus-terminal,176,26.0,99,24.9,5.6,3.6,0.65,9,0,Critical,Low
2026-08-10 09:45:00,central-junction,205,16.8,112,30.2,6.1,5.4,0.72,9,0,Critical,Low
2026-08-10 09:45:00,railway-station,174,22.1,86,30.8,39.5,18.9,1.82,9,0,Critical,High
2026-08-10 09:45:00,airport-road,126,39.7,90,24.9,3.3,2.9,0.56,9,0,Moderate,Low
2026-08-10 09:45:00,industrial-area,114,40.5,114,32.5,5.2,3.7,0.52,9,0,Moderate,Low
2026-08-10 09:45:00,city-hospital,153,28.2,97,26.8,8.9,6.4,0.68,9,0,High,Low
2026-08-10 09:45:00,residential-zone,96,42.5,82,22.8,0.2,0.1,0.44,9,0,Moderate,Low
2026-08-10 09:45:00,river-zone,58,53.7,48,27.6,6.6,5.7,0.93,9,0,Low,Low
2026-08-10 09:45:00,bus-terminal,167,28.6,98,31.4,5.6,3.0,0.74,9,0,High,Low
2026-08-10 10:00:00,central-junction,124,25.8,76,26.7,60.4,41.3,2.68,10,0,High,Critical
2026-08-10 10:00:00,railway-station,151,34.0,107,32.1,2.3,1.6,0.62,10,0,High,Low
2026-08-10 10:00:00,airport-road,120,36.6,100,34.7,9.6,7.7,0.87,10,0,Moderate,Low
2026-08-10 10:00:00,industrial-area,104,42.5,100,26.6,7.5,5.1,0.85,10,0,Moderate,Low
2026-08-10 10:00:00,city-hospital,116,19.7,63,19.1,124.9,99.6,4.74,10,0,Critical,Critical
2026-08-10 10:00:00,residential-zone,84,24.0,67,23.0,134.9,54.5,5.32,10,0,High,Critical
2026-08-10 10:00:00,river-zone,119,39.7,69,25.0,4.3,3.6,0.85,10,0,Moderate,Low
2026-08-10 10:00:00,bus-terminal,105,32.8,93,25.1,52.8,24.0,2.42,10,0,High,High
2026-08-10 10:15:00,central-junction,125,27.3,96,25.2,58.7,52.2,2.63,10,0,High,Critical
2026-08-10 10:15:00,railway-station,84,44.2,58,34.7,9.4,4.5,0.9,10,0,Moderate,Low
2026-08-10 10:15:00,airport-road,146,28.0,69,30.5,36.3,27.4,1.86,10,0,High,High
2026-08-10 10:15:00,industrial-area,137,33.4,84,22.7,3.3,2.1,0.48,10,0,High,Low
2026-08-10 10:15:00,city-hospital,157,29.8,95,31.5,7.9,6.7,0.73,10,0,High,Low
2026-08-10 10:15:00,residential-zone,118,37.8,69,25.4,5.7,3.2,0.74,10,0,Moderate,Low
2026-08-10 10:15:00,river-zone,48,52.0,66,34.8,6.3,4.9,1.11,10,0,Low,Low
2026-08-10 10:15:00,bus-terminal,136,32.4,103,23.2,27.6,12.4,1.54,10,0,High,Moderate
2026-08-10 10:30:00,central-junction,166,30.8,94,33.7,2.5,2.0,0.69,10,0,High,Low
2026-08-10 10:30:00,railway-station,152,33.5,96,23.3,2.0,1.7,0.48,10,0,High,Low
2026-08-10 10:30:00,airport-road,83,26.0,54,19.0,136.6,112.0,5.3,10,0,High,Critical
2026-08-10 10:30:00,industrial-area,68,45.4,125,25.7,39.7,31.6,1.89,10,0,Moderate,High
2026-08-10 10:30:00,city-hospital,74,35.8,63,22.0,68.3,39.5,2.98,10,0,Moderate,Critical
2026-08-10 10:30:00,residential-zone,128,38.3,97,31.4,5.0,2.4,0.73,10,0,High,Low
2026-08-10 10:30:00,river-zone,108,38.6,77,28.6,2.7,1.8,0.81,10,0,Moderate,Low
2026-08-10 10:30:00,bus-terminal,128,36.3,93,26.2,0.2,0.2,0.55,10,0,High,Low
2026-08-10 10:45:00,central-junction,110,37.9,75,31.4,3.2,1.6,0.53,10,0,Moderate,Low
2026-08-10 10:45:00,railway-station,108,39.7,91,33.3,3.7,2.3,0.57,10,0,Moderate,Low
2026-08-10 10:45:00,airport-road,116,40.0,100,34.9,1.4,1.1,0.59,10,0,Moderate,Low
2026-08-10 10:45:00,industrial-area,63,50.0,99,34.2,2.1,1.7,0.43,10,0,Moderate,Low
2026-08-10 10:45:00,city-hospital,76,42.1,69,29.8,55.4,41.5,2.43,10,0,Moderate,Critical
2026-08-10 10:45:00,residential-zone,68,51.0,81,23.6,1.6,1.2,0.58,10,0,Moderate,Low
2026-08-10 10:45:00,river-zone,96,44.4,69,29.3,0.3,0.2,0.72,10,0,Moderate,Low
2026-08-10 10:45:00,bus-terminal,140,32.5,86,25.1,7.1,5.9,0.59,10,0,High,Low
2026-08-10 11:00:00,central-junction,78,48.5,63,28.4,3.0,2.2,0.43,11,0,Moderate,Low
2026-08-10 11:00:00,railway-station,49,49.9,47,21.8,26.2,12.1,1.23,11,0,Low,Moderate
2026-08-10 11:00:00,airport-road,55,55.0,77,33.7,0.2,0.2,0.57,11,0,Low,Low
2026-08-10 11:00:00,industrial-area,36,58.3,76,34.2,0.3,0.2,0.47,11,0,Low,Low
2026-08-10 11:00:00,city-hospital,40,55.4,56,33.4,8.1,6.5,0.88,11,0,Low,Low
2026-08-10 11:00:00,residential-zone,37,56.5,56,31.8,4.9,2.6,0.57,11,0,Low,Low
2026-08-10 11:00:00,river-zone,52,55.2,84,30.0,4.8,3.4,0.86,11,0,Low,Low
2026-08-10 11:00:00,bus-terminal,80,43.7,75,26.5,6.6,3.6,0.61,11,0,Moderate,Low
2026-08-10 11:15:00,central-junction,35,52.0,62,30.0,55.4,27.7,2.47,11,0,Low,Critical
2026-08-10 11:15:00,railway-station,90,46.2,70,34.9,5.2,2.3,0.54,11,0,Moderate,Low
2026-08-10 11:15:00,airport-road,47,51.8,72,31.9,9.5,5.2,0.76,11,0,Low,Low
2026-08-10 11:15:00,industrial-area,62,52.8,107,29.7,5.4,4.7,0.5,11,0,Low,Low
2026-08-10 11:15:00,city-hospital,37,58.1,81,35.8,0.8,0.6,0.42,11,0,Low,Low
2026-08-10 11:15:00,residential-zone,39,51.9,55,24.4,44.4,36.1,1.94,11,0,Low,High
2026-08-10 11:15:00,river-zone,23,59.5,62,29.3,5.9,3.6,1.11,11,0,Low,Low
2026-08-10 11:15:00,bus-terminal,33,48.9,52,17.2,78.0,59.4,3.32,11,0,Low,Critical
2026-08-10 11:30:00,central-junction,79,46.3,58,32.8,5.9,3.4,0.53,11,0,Moderate,Low
2026-08-10 11:30:00,railway-station,28,50.1,66,29.3,65.8,37.5,2.74,11,0,Low,Critical
2026-08-10 11:30:00,airport-road,18,40.9,57,21.7,122.0,90.1,4.72,11,0,Low,Critical
2026-08-10 11:30:00,industrial-area,51,52.5,90,25.5,0.2,0.2,0.48,11,0,Low,Low
2026-08-10 11:30:00,city-hospital,29,59.4,58,30.7,5.9,3.3,0.69,11,0,Low,Low
2026-08-10 11:30:00,residential-zone,37,55.3,53,24.5,0.3,0.2,0.58,11,0,Low,Low
2026-08-10 11:30:00,river-zone,27,57.5,72,22.0,4.8,3.8,0.89,11,0,Low,Low
2026-08-10 11:30:00,bus-terminal,32,59.5,55,23.6,9.1,8.1,0.91,11,0,Low,Low
2026-08-10 11:45:00,central-junction,56,53.1,77,29.2,6.6,2.7,0.82,11,0,Low,Low
2026-08-10 11:45:00,railway-station,46,33.6,65,22.7,135.6,109.7,5.11,11,0,Moderate,Critical
2026-08-10 11:45:00,airport-road,21,59.7,42,35.4,4.5,3.8,0.56,11,0,Low,Low
2026-08-10 11:45:00,industrial-area,22,62.9,82,22.6,0.4,0.3,0.58,11,0,Low,Low
2026-08-10 11:45:00,city-hospital,59,52.2,65,25.6,2.8,2.0,0.53,11,0,Low,Low
2026-08-10 11:45:00,residential-zone,29,55.8,59,30.6,5.1,3.9,0.51,11,0,Low,Low
2026-08-10 11:45:00,river-zone,22,51.5,44,18.2,72.4,41.2,3.42,11,0,Low,Critical
2026-08-10 11:45:00,bus-terminal,79,44.8,65,33.5,7.0,4.7,0.76,11,0,Moderate,Low
2026-08-10 12:00:00,central-junction,25,57.2,66,29.3,1.6,0.8,0.5,12,0,Low,Low
2026-08-10 12:00:00,railway-station,81,43.9,82,31.5,8.0,7.0,0.6,12,0,Moderate,Low
2026-08-10 12:00:00,airport-road,25,60.5,77,25.1,5.4,4.2,0.61,12,0,Low,Low
2026-08-10 12:00:00,industrial-area,41,56.4,83,30.9,0.0,0.0,0.4,12,0,Low,Low
2026-08-10 12:00:00,city-hospital,43,54.6,67,28.8,8.8,7.5,0.72,12,0,Low,Low
2026-08-10 12:00:00,residential-zone,49,52.2,85,26.3,4.3,3.5,0.53,12,0,Low,Low
2026-08-10 12:00:00,river-zone,53,55.2,52,29.5,4.1,3.7,0.95,12,0,Low,Low
2026-08-10 12:00:00,bus-terminal,31,57.8,38,31.3,0.4,0.3,0.49,12,0,Low,Low
2026-08-10 12:15:00,central-junction,38,54.5,77,35.1,0.2,0.1,0.38,12,0,Low,Low
2026-08-10 12:15:00,railway-station,64,51.1,91,29.0,8.9,5.6,0.66,12,0,Moderate,Low
2026-08-10 12:15:00,airport-road,21,62.5,57,31.8,3.2,2.7,0.42,12,0,Low,Low
2026-08-10 12:15:00,industrial-area,23,59.2,76,27.9,3.7,2.9,0.65,12,0,Low,Low
2026-08-10 12:15:00,city-hospital,57,49.2,54,31.6,7.6,4.4,0.72,12,0,Low,Low
2026-08-10 12:15:00,residential-zone,37,55.3,55,25.4,3.8,2.1,0.64,12,0,Low,Low
2026-08-10 12:15:00,river-zone,58,51.1,72,31.1,8.1,4.5,1.08,12,0,Low,Low
2026-08-10 12:15:00,bus-terminal,80,47.3,90,30.6,0.8,0.5,0.63,12,0,Moderate,Low
2026-08-10 12:30:00,central-junction,79,49.0,65,23.5,6.0,3.5,0.64,12,0,Moderate,Low
2026-08-10 12:30:00,railway-station,58,52.7,67,24.4,3.0,2.5,0.69,12,0,Low,Low
2026-08-10 12:30:00,airport-road,24,57.5,72,30.4,3.4,1.9,0.67,12,0,Low,Low
2026-08-10 12:30:00,industrial-area,32,56.1,82,26.3,2.7,1.5,0.58,12,0,Low,Low
2026-08-10 12:30:00,city-hospital,43,53.3,61,22.6,0.4,0.3,0.57,12,0,Low,Low
2026-08-10 12:30:00,residential-zone,63,49.8,76,30.2,1.3,0.6,0.38,12,0,Moderate,Low
2026-08-10 12:30:00,river-zone,26,62.0,53,35.0,2.1,1.7,0.89,12,0,Low,Low
2026-08-10 12:30:00,bus-terminal,25,56.2,81,21.9,7.1,4.0,0.57,12,0,Low,Low
2026-08-10 12:45:00,central-junction,36,57.0,77,31.2,4.2,3.4,0.57,12,0,Low,Low
2026-08-10 12:45:00,railway-station,49,57.1,64,26.9,0.4,0.2,0.6,12,0,Low,Low
2026-08-10 12:45:00,airport-road,29,46.0,56,28.7,69.3,39.4,3.01,12,0,Low,Critical
2026-08-10 12:45:00,industrial-area,48,52.0,84,35.5,4.1,3.1,0.58,12,0,Low,Low
2026-08-10 12:45:00,city-hospital,36,57.4,70,33.2,1.2,0.9,0.56,12,0,Low,Low
2026-08-10 12:45:00,residential-zone,18,57.9,84,27.4,9.9,4.7,0.79,12,0,Low,Low
2026-08-10 12:45:00,river-zone,41,55.6,77,30.3,2.1,1.4,0.9,12,0,Low,Low
2026-08-10 12:45:00,bus-terminal,47,53.0,62,35.2,2.9,2.4,0.58,12,0,Low,Low
2026-08-10 13:00:00,central-junction,61,47.8,80,32.9,8.7,5.8,0.71,13,0,Moderate,Low
2026-08-10 13:00:00,railway-station,64,48.1,70,32.3,7.6,3.1,0.58,13,0,Moderate,Low
2026-08-10 13:00:00,airport-road,23,59.4,48,32.8,9.2,5.5,0.67,13,0,Low,Low
2026-08-10 13:00:00,industrial-area,35,47.8,106,27.5,61.0,28.9,2.46,13,0,Low,Critical
2026-08-10 13:00:00,city-hospital,51,52.6,61,28.7,3.7,3.2,0.49,13,0,Low,Low
2026-08-10 13:00:00,residential-zone,41,53.5,76,24.7,1.6,0.8,0.37,13,0,Low,Low
2026-08-10 13:00:00,river-zone,47,54.0,63,32.4,5.0,4.1,1.06,13,0,Low,Low
2026-08-10 13:00:00,bus-terminal,51,54.2,57,27.4,9.9,8.3,0.71,13,0,Low,Low
2026-08-10 13:15:00,central-junction,40,56.1,58,24.1,3.8,1.7,0.55,13,0,Low,Low
2026-08-10 13:15:00,railway-station,48,52.9,86,30.9,1.1,0.9,0.57,13,0,Low,Low
2026-08-10 13:15:00,airport-road,37,58.8,59,29.4,6.6,5.8,0.75,13,0,Low,Low
2026-08-10 13:15:00,industrial-area,48,56.3,64,27.6,2.3,1.3,0.56,13,0,Low,Low
2026-08-10 13:15:00,city-hospital,48,49.3,59,19.8,45.1,18.9,2.0,13,0,Low,High
2026-08-10 13:15:00,residential-zone,31,37.6,53,20.1,131.8,106.3,5.15,13,0,Low,Critical
2026-08-10 13:15:00,river-zone,30,55.6,59,25.8,4.8,3.7,1.11,13,0,Low,Low
2026-08-10 13:15:00,bus-terminal,32,56.1,63,30.3,2.0,1.2,0.37,13,0,Low,Low
2026-08-10 13:30:00,central-junction,48,50.9,76,35.1,5.7,4.2,0.62,13,0,Low,Low
2026-08-10 13:30:00,railway-station,31,54.4,52,23.7,8.4,7.5,0.79,13,0,Low,Low
2026-08-10 13:30:00,airport-road,35,56.4,47,33.9,7.1,3.2,0.63,13,0,Low,Low
2026-08-10 13:30:00,industrial-area,41,56.1,107,34.4,0.1,0.1,0.42,13,0,Low,Low
2026-08-10 13:30:00,city-hospital,33,45.6,52,18.3,73.9,34.0,2.9,13,0,Low,Critical
2026-08-10 13:30:00,residential-zone,31,58.9,58,25.9,1.4,0.9,0.43,13,0,Low,Low
2026-08-10 13:30:00,river-zone,37,54.9,68,34.3,8.4,4.2,1.19,13,0,Low,Moderate
2026-08-10 13:30:00,bus-terminal,62,51.7,65,22.2,9.3,7.4,0.66,13,0,Low,Low
2026-08-10 13:45:00,central-junction,45,54.5,72,30.2,4.4,3.6,0.48,13,0,Low,Low
2026-08-10 13:45:00,railway-station,36,56.7,78,35.4,1.6,1.1,0.62,13,0,Low,Low
2026-08-10 13:45:00,airport-road,40,58.0,57,33.9,7.0,4.5,0.6,13,0,Low,Low
2026-08-10 13:45:00,industrial-area,29,58.2,90,35.3,7.5,4.3,0.8,13,0,Low,Low
2026-08-10 13:45:00,city-hospital,41,50.6,63,26.0,31.8,19.6,1.53,13,0,Low,Moderate
2026-08-10 13:45:00,residential-zone,51,50.5,46,26.3,22.4,16.7,1.25,13,0,Low,Moderate
2026-08-10 13:45:00,river-zone,28,55.1,50,25.8,5.9,4.1,1.03,13,0,Low,Low
2026-08-10 13:45:00,bus-terminal,51,51.2,49,33.1,3.7,1.7,0.57,13,0,Low,Low
2026-08-10 14:00:00,central-junction,47,55.9,68,32.1,7.0,3.8,0.72,14,0,Low,Low
2026-08-10 14:00:00,railway-station,41,47.5,76,20.1,54.9,31.1,2.4,14,0,Low,Critical
2026-08-10 14:00:00,airport-road,37,59.0,82,24.9,4.7,2.7,0.73,14,0,Low,Low
2026-08-10 14:00:00,industrial-area,42,51.9,63,33.3,7.1,3.3,0.57,14,0,Low,Low
2026-08-10 14:00:00,city-hospital,39,56.8,87,32.4,9.5,7.3,0.81,14,0,Low,Low
2026-08-10 14:00:00,residential-zone,33,57.2,49,23.7,5.7,4.2,0.61,14,0,Low,Low
2026-08-10 14:00:00,river-zone,26,57.4,75,34.2,5.7,4.3,1.09,14,0,Low,Low
2026-08-10 14:00:00,bus-terminal,69,37.5,64,21.8,66.5,59.1,2.75,14,0,Moderate,Critical
2026-08-10 14:15:00,central-junction,39,54.0,65,29.8,2.5,1.9,0.51,14,0,Low,Low
2026-08-10 14:15:00,railway-station,34,53.3,57,30.9,9.3,6.5,0.66,14,0,Low,Low
2026-08-10 14:15:00,airport-road,26,58.9,76,27.4,0.8,0.6,0.46,14,0,Low,Low
2026-08-10 14:15:00,industrial-area,32,56.6,102,26.9,23.1,20.2,1.17,14,0,Low,Moderate
2026-08-10 14:15:00,city-hospital,44,52.5,66,25.8,1.6,1.3,0.48,14,0,Low,Low
2026-08-10 14:15:00,residential-zone,32,49.0,64,19.4,49.4,22.4,2.31,14,0,Low,High
2026-08-10 14:15:00,river-zone,53,41.6,60,26.1,74.3,65.9,3.47,14,0,Moderate,Critical
2026-08-10 14:15:00,bus-terminal,37,53.8,75,35.4,1.0,0.6,0.46,14,0,Low,Low
2026-08-10 14:30:00,central-junction,48,51.1,65,31.3,7.4,6.5,0.79,14,0,Low,Low
2026-08-10 14:30:00,railway-station,36,58.0,77,30.1,2.4,1.7,0.51,14,0,Low,Low
2026-08-10 14:30:00,airport-road,40,55.0,45,30.9,8.8,5.8,0.69,14,0,Low,Low
2026-08-10 14:30:00,industrial-area,28,58.4,97,32.5,1.8,0.8,0.57,14,0,Low,Low
2026-08-10 14:30:00,city-hospital,27,56.3,62,32.0,5.3,2.3,0.58,14,0,Low,Low
2026-08-10 14:30:00,residential-zone,35,52.7,44,21.8,30.8,12.3,1.54,14,0,Low,Moderate
2026-08-10 14:30:00,river-zone,46,56.3,77,22.9,4.8,4.0,0.82,14,0,Low,Low
2026-08-10 14:30:00,bus-terminal,71,48.8,56,27.2,3.6,2.0,0.55,14,0,Moderate,Low
2026-08-10 14:45:00,central-junction,39,57.0,85,29.4,3.0,1.5,0.53,14,0,Low,Low
2026-08-10 14:45:00,railway-station,56,39.7,72,25.8,84.7,66.2,3.36,14,0,Moderate,Critical
2026-08-10 14:45:00,airport-road,20,57.6,44,25.6,8.8,7.9,0.62,14,0,Low,Low
2026-08-10 14:45:00,industrial-area,62,52.0,66,24.4,5.5,3.4,0.59,14,0,Low,Low
2026-08-10 14:45:00,city-hospital,46,55.8,56,29.3,7.5,5.9,0.76,14,0,Low,Low
2026-08-10 14:45:00,residential-zone,27,56.2,54,27.2,8.6,5.0,0.85,14,0,Low,Low
2026-08-10 14:45:00,river-zone,46,56.5,66,26.6,3.8,2.8,1.01,14,0,Low,Low
2026-08-10 14:45:00,bus-terminal,46,56.3,56,33.1,8.9,5.8,0.83,14,0,Low,Low
2026-08-10 15:00:00,central-junction,28,57.4,76,24.4,3.3,1.6,0.7,15,0,Low,Low
2026-08-10 15:00:00,railway-station,35,43.3,58,18.4,108.1,82.8,4.16,15,0,Low,Critical
2026-08-10 15:00:00,airport-road,18,52.1,68,21.3,74.6,50.0,3.19,15,0,Low,Critical
2026-08-10 15:00:00,industrial-area,39,58.1,78,23.3,4.7,3.5,0.65,15,0,Low,Low
2026-08-10 15:00:00,city-hospital,24,57.2,77,26.1,7.0,3.8,0.77,15,0,Low,Low
2026-08-10 15:00:00,residential-zone,21,58.1,56,30.0,5.5,4.0,0.58,15,0,Low,Low
2026-08-10 15:00:00,river-zone,34,51.4,44,31.0,38.8,34.0,2.13,15,0,Low,High
2026-08-10 15:00:00,bus-terminal,38,52.7,79,29.8,8.6,5.0,0.87,15,0,Low,Low
2026-08-10 15:15:00,central-junction,82,37.6,59,26.6,80.6,33.1,3.39,15,0,Moderate,Critical
2026-08-10 15:15:00,railway-station,40,45.5,55,20.3,72.1,48.3,3.01,15,0,Low,Critical
2026-08-10 15:15:00,airport-road,47,44.0,49,28.2,82.3,68.7,3.34,15,0,Low,Critical
2026-08-10 15:15:00,industrial-area,43,57.2,79,33.9,3.7,2.0,0.7,15,0,Low,Low
2026-08-10 15:15:00,city-hospital,31,53.8,49,22.6,9.3,6.6,0.89,15,0,Low,Low
2026-08-10 15:15:00,residential-zone,27,55.7,67,24.9,8.4,7.3,0.61,15,0,Low,Low
2026-08-10 15:15:00,river-zone,41,51.8,50,25.8,32.6,27.2,1.98,15,0,Low,High
2026-08-10 15:15:00,bus-terminal,38,54.1,49,33.2,2.4,1.3,0.39,15,0,Low,Low
2026-08-10 15:30:00,central-junction,36,40.8,49,21.2,125.5,91.1,4.81,15,0,Low,Critical
2026-08-10 15:30:00,railway-station,50,45.3,68,30.8,53.0,38.4,2.4,15,0,Low,Critical
2026-08-10 15:30:00,airport-road,41,53.1,82,32.5,2.7,1.6,0.66,15,0,Low,Low
2026-08-10 15:30:00,industrial-area,45,57.5,90,30.6,3.8,2.9,0.71,15,0,Low,Low
2026-08-10 15:30:00,city-hospital,35,54.7,74,34.5,9.7,6.9,0.64,15,0,Low,Low
2026-08-10 15:30:00,residential-zone,41,57.4,58,31.2,7.0,6.1,0.79,15,0,Low,Low
2026-08-10 15:30:00,river-zone,58,54.6,62,34.5,0.8,0.5,0.8,15,0,Low,Low
2026-08-10 15:30:00,bus-terminal,36,58.2,70,35.6,0.2,0.1,0.49,15,0,Low,Low
2026-08-10 15:45:00,central-junction,25,48.5,50,28.9,72.5,50.4,2.97,15,0,Low,Critical
2026-08-10 15:45:00,railway-station,36,54.5,65,35.1,2.2,1.8,0.44,15,0,Low,Low
2026-08-10 15:45:00,airport-road,36,56.8,60,30.0,0.3,0.2,0.52,15,0,Low,Low
2026-08-10 15:45:00,industrial-area,29,57.5,106,28.3,9.2,5.8,0.83,15,0,Low,Low
2026-08-10 15:45:00,city-hospital,21,61.6,72,26.5,8.1,3.9,0.86,15,0,Low,Low
2026-08-10 15:45:00,residential-zone,36,54.0,64,25.8,9.7,7.0,0.76,15,0,Low,Low
2026-08-10 15:45:00,river-zone,62,37.7,67,27.9,71.8,57.8,3.45,15,0,Moderate,Critical
2026-08-10 15:45:00,bus-terminal,36,58.4,50,33.9,0.5,0.4,0.49,15,0,Low,Low
2026-08-10 16:00:00,central-junction,32,59.0,70,21.5,7.7,3.4,0.84,16,0,Low,Low
2026-08-10 16:00:00,railway-station,60,49.3,48,33.1,9.7,6.6,0.74,16,0,Low,Low
2026-08-10 16:00:00,airport-road,59,53.4,72,33.5,9.3,7.1,0.7,16,0,Low,Low
2026-08-10 16:00:00,industrial-area,32,55.1,109,35.0,9.7,8.5,0.88,16,0,Low,Low
2026-08-10 16:00:00,city-hospital,29,57.8,69,34.8,8.9,4.3,0.69,16,0,Low,Low
2026-08-10 16:00:00,residential-zone,29,55.4,52,28.3,3.9,3.0,0.59,16,0,Low,Low
2026-08-10 16:00:00,river-zone,37,56.0,69,27.7,1.8,0.9,0.87,16,0,Low,Low
2026-08-10 16:00:00,bus-terminal,33,51.2,57,20.7,62.9,36.5,2.58,16,0,Low,Critical
2026-08-10 16:15:00,central-junction,30,60.2,51,31.6,6.7,6.0,0.76,16,0,Low,Low
2026-08-10 16:15:00,railway-station,37,55.9,81,26.4,5.1,3.2,0.61,16,0,Low,Low
2026-08-10 16:15:00,airport-road,19,59.9,77,32.1,9.1,7.0,0.84,16,0,Low,Low
2026-08-10 16:15:00,industrial-area,35,55.0,56,22.6,4.9,2.7,0.75,16,0,Low,Low
2026-08-10 16:15:00,city-hospital,48,52.5,71,22.8,4.8,4.1,0.68,16,0,Low,Low
2026-08-10 16:15:00,residential-zone,28,47.4,66,16.3,82.7,35.2,3.28,16,0,Low,Critical
2026-08-10 16:15:00,river-zone,44,54.2,75,21.4,8.8,5.2,1.2,16,0,Low,Moderate
2026-08-10 16:15:00,bus-terminal,42,41.9,38,28.0,87.3,35.7,3.57,16,0,Low,Critical
2026-08-10 16:30:00,central-junction,53,50.0,70,28.6,8.8,7.1,0.82,16,0,Low,Low
2026-08-10 16:30:00,railway-station,61,46.8,85,29.4,23.8,11.1,1.34,16,0,Moderate,Moderate
2026-08-10 16:30:00,airport-road,40,56.7,55,24.8,2.2,1.9,0.67,16,0,Low,Low
2026-08-10 16:30:00,industrial-area,35,56.4,82,25.0,1.3,1.2,0.38,16,0,Low,Low
2026-08-10 16:30:00,city-hospital,42,55.2,43,23.7,8.3,6.7,0.84,16,0,Low,Low
2026-08-10 16:30:00,residential-zone,40,56.6,53,31.8,3.4,2.2,0.64,16,0,Low,Low
2026-08-10 16:30:00,river-zone,31,59.7,82,24.1,2.6,1.1,0.98,16,0,Low,Low
2026-08-10 16:30:00,bus-terminal,58,50.0,85,33.8,2.8,1.7,0.44,16,0,Low,Low
2026-08-10 16:45:00,central-junction,41,55.6,67,31.4,5.0,4.4,0.7,16,0,Low,Low
2026-08-10 16:45:00,railway-station,86,42.0,94,26.3,9.2,5.6,0.86,16,0,Moderate,Low
2026-08-10 16:45:00,airport-road,35,58.5,60,27.1,8.0,4.6,0.72,16,0,Low,Low
2026-08-10 16:45:00,industrial-area,49,43.8,93,17.8,53.6,27.0,2.37,16,0,Moderate,High
2026-08-10 16:45:00,city-hospital,36,49.7,56,19.4,33.1,29.8,1.67,16,0,Low,High
2026-08-10 16:45:00,residential-zone,46,54.9,77,26.9,0.2,0.1,0.44,16,0,Low,Low
2026-08-10 16:45:00,river-zone,47,54.2,56,33.4,4.6,3.7,1.09,16,0,Low,Low
2026-08-10 16:45:00,bus-terminal,27,57.9,71,28.5,4.4,2.3,0.67,16,0,Low,Low
2026-08-10 17:00:00,central-junction,175,27.0,97,30.0,8.9,3.8,0.85,17,0,Critical,Low
2026-08-10 17:00:00,railway-station,214,19.9,98,26.3,1.4,0.7,0.38,17,0,Critical,Low
2026-08-10 17:00:00,airport-road,113,38.0,94,33.5,2.9,2.5,0.47,17,0,Moderate,Low
2026-08-10 17:00:00,industrial-area,136,28.1,111,21.5,62.3,25.3,2.71,17,0,High,Critical
2026-08-10 17:00:00,city-hospital,55,50.1,57,29.5,9.2,5.2,0.79,17,0,Low,Low
2026-08-10 17:00:00,residential-zone,74,46.4,89,31.2,0.3,0.2,0.41,17,0,Moderate,Low
2026-08-10 17:00:00,river-zone,118,41.3,94,30.5,1.4,1.2,0.71,17,0,Moderate,Low
2026-08-10 17:00:00,bus-terminal,165,28.2,109,29.8,8.6,4.7,0.7,17,0,High,Low
2026-08-10 17:15:00,central-junction,129,38.5,99,33.6,4.9,3.5,0.51,17,0,High,Low
2026-08-10 17:15:00,railway-station,152,34.2,104,23.9,0.7,0.6,0.38,17,0,High,Low
2026-08-10 17:15:00,airport-road,121,38.0,99,32.2,5.0,3.2,0.51,17,0,Moderate,Low
2026-08-10 17:15:00,industrial-area,93,44.4,90,25.2,7.2,3.6,0.64,17,0,Moderate,Low
2026-08-10 17:15:00,city-hospital,103,42.7,57,24.3,7.5,3.6,0.68,17,0,Moderate,Low
2026-08-10 17:15:00,residential-zone,166,16.9,70,16.3,84.4,47.9,3.4,17,0,Critical,Critical
2026-08-10 17:15:00,river-zone,139,35.5,90,26.8,9.7,7.3,1.26,17,0,High,Moderate
2026-08-10 17:15:00,bus-terminal,93,46.1,71,32.5,3.3,2.0,0.55,17,0,Moderate,Low
2026-08-10 17:30:00,central-junction,66,49.6,74,33.8,3.9,1.9,0.49,17,0,Moderate,Low
2026-08-10 17:30:00,railway-station,191,24.4,104,34.0,1.0,0.4,0.46,17,0,Critical,Low
2026-08-10 17:30:00,airport-road,78,36.0,67,29.0,63.0,39.3,2.76,17,0,Moderate,Critical
2026-08-10 17:30:00,industrial-area,143,30.4,113,31.3,2.3,2.0,0.42,17,0,High,Low
2026-08-10 17:30:00,city-hospital,93,27.4,70,17.9,123.0,92.7,4.72,17,0,High,Critical
2026-08-10 17:30:00,residential-zone,46,57.2,60,29.7,4.7,3.2,0.64,17,0,Low,Low
2026-08-10 17:30:00,river-zone,77,43.9,68,23.2,27.9,20.3,1.78,17,0,Moderate,Moderate
2026-08-10 17:30:00,bus-terminal,203,19.1,98,33.7,3.2,1.7,0.46,17,0,Critical,Low
2026-08-10 17:45:00,central-junction,138,15.2,63,14.2,139.1,115.2,5.42,17,0,Critical,Critical
2026-08-10 17:45:00,railway-station,114,39.0,81,33.7,3.0,1.4,0.65,17,0,Moderate,Low
2026-08-10 17:45:00,airport-road,59,51.3,82,26.0,3.4,1.5,0.53,17,0,Low,Low
2026-08-10 17:45:00,industrial-area,67,51.5,89,35.1,3.8,2.1,0.69,17,0,Moderate,Low
2026-08-10 17:45:00,city-hospital,144,29.9,109,30.0,9.0,4.9,0.84,17,0,High,Low
2026-08-10 17:45:00,residential-zone,149,34.6,112,35.3,2.6,1.8,0.42,17,0,High,Low
2026-08-10 17:45:00,river-zone,70,48.5,71,35.5,5.2,2.2,0.93,17,0,Moderate,Low
2026-08-10 17:45:00,bus-terminal,137,36.0,90,34.2,5.0,3.4,0.72,17,0,High,Low
2026-08-10 18:00:00,central-junction,163,15.4,78,27.1,99.0,66.1,4.04,18,0,Critical,Critical
2026-08-10 18:00:00,railway-station,107,41.1,99,27.1,4.6,3.3,0.58,18,0,Moderate,Low
2026-08-10 18:00:00,airport-road,105,39.5,85,27.1,3.2,1.9,0.6,18,0,Moderate,Low
2026-08-10 18:00:00,industrial-area,134,36.3,108,27.4,6.8,3.6,0.57,18,0,High,Low
2026-08-10 18:00:00,city-hospital,50,52.3,69,24.4,5.4,2.5,0.74,18,0,Low,Low
2026-08-10 18:00:00,residential-zone,106,42.2,77,24.1,1.1,0.9,0.45,18,0,Moderate,Low
2026-08-10 18:00:00,river-zone,89,43.4,73,28.9,0.2,0.2,0.77,18,0,Moderate,Low
2026-08-10 18:00:00,bus-terminal,140,26.7,77,28.6,59.5,49.8,2.63,18,0,High,Critical
2026-08-10 18:15:00,central-junction,103,41.4,94,31.8,7.7,3.1,0.6,18,0,Moderate,Low
2026-08-10 18:15:00,railway-station,199,6.7,102,24.8,113.7,89.3,4.3,18,0,Critical,Critical
2026-08-10 18:15:00,airport-road,98,42.9,93,25.0,4.0,3.3,0.46,18,0,Moderate,Low
2026-08-10 18:15:00,industrial-area,135,31.9,110,32.3,3.4,2.0,0.63,18,0,High,Low
2026-08-10 18:15:00,city-hospital,70,47.7,66,29.3,9.0,7.2,0.84,18,0,Moderate,Low
2026-08-10 18:15:00,residential-zone,146,31.6,90,34.3,7.0,4.5,0.68,18,0,High,Low
2026-08-10 18:15:00,river-zone,61,52.4,67,34.3,2.5,1.6,0.9,18,0,Low,Low
2026-08-10 18:15:00,bus-terminal,149,27.5,93,26.6,35.1,20.6,1.74,18,0,High,High
2026-08-10 18:30:00,central-junction,200,20.2,114,27.2,5.9,4.6,0.62,18,0,Critical,Low
2026-08-10 18:30:00,railway-station,164,30.8,107,33.5,4.6,2.9,0.73,18,0,High,Low
2026-08-10 18:30:00,airport-road,102,43.3,75,31.3,10.0,8.9,0.69,18,0,Moderate,Low
2026-08-10 18:30:00,industrial-area,96,30.5,114,15.8,80.5,61.7,3.39,18,0,High,Critical
2026-08-10 18:30:00,city-hospital,84,43.6,85,26.8,7.9,4.2,0.85,18,0,Moderate,Low
2026-08-10 18:30:00,residential-zone,104,41.9,86,27.7,7.8,3.7,0.8,18,0,Moderate,Low
2026-08-10 18:30:00,river-zone,67,47.8,80,33.6,3.9,3.0,0.88,18,0,Moderate,Low
2026-08-10 18:30:00,bus-terminal,103,34.0,79,31.3,44.0,19.8,1.87,18,0,High,High
2026-08-10 18:45:00,central-junction,200,22.2,99,31.3,2.6,2.3,0.61,18,0,Critical,Low
2026-08-10 18:45:00,railway-station,125,35.5,83,31.2,5.3,3.5,0.78,18,0,High,Low
2026-08-10 18:45:00,airport-road,127,37.1,69,22.8,0.4,0.2,0.45,18,0,High,Low
2026-08-10 18:45:00,industrial-area,70,45.7,68,21.8,7.0,5.0,0.63,18,0,Moderate,Low
2026-08-10 18:45:00,city-hospital,103,42.4,92,31.8,0.6,0.5,0.44,18,0,Moderate,Low
2026-08-10 18:45:00,residential-zone,93,42.2,89,25.1,9.5,4.1,0.74,18,0,Moderate,Low
2026-08-10 18:45:00,river-zone,104,42.4,70,21.7,5.2,4.4,0.96,18,0,Moderate,Low
2026-08-10 18:45:00,bus-terminal,134,33.3,105,26.1,5.5,4.5,0.53,18,0,High,Low
2026-08-10 19:00:00,central-junction,124,39.0,86,32.1,4.8,2.3,0.64,19,0,Moderate,Low
2026-08-10 19:00:00,railway-station,123,37.7,72,22.7,2.7,2.1,0.62,19,0,Moderate,Low
2026-08-10 19:00:00,airport-road,109,34.6,87,22.7,33.5,29.5,1.69,19,0,High,High
2026-08-10 19:00:00,industrial-area,79,43.7,68,21.8,9.1,7.0,0.86,19,0,Moderate,Low
2026-08-10 19:00:00,city-hospital,109,38.0,79,22.7,10.0,6.1,0.94,19,0,Moderate,Low
2026-08-10 19:00:00,residential-zone,73,50.4,78,21.4,8.4,6.2,0.89,19,0,Moderate,Low
2026-08-10 19:00:00,river-zone,107,43.0,71,34.2,1.7,1.0,0.87,19,0,Moderate,Low
2026-08-10 19:00:00,bus-terminal,109,39.7,102,28.3,8.8,5.4,0.89,19,0,Moderate,Low
2026-08-10 19:15:00,central-junction,191,7.9,91,26.8,85.2,55.7,3.33,19,0,Critical,Critical
2026-08-10 19:15:00,railway-station,170,26.5,106,31.6,0.6,0.3,0.55,19,0,Critical,Low
2026-08-10 19:15:00,airport-road,113,22.4,84,24.4,137.2,119.5,5.39,19,0,High,Critical
2026-08-10 19:15:00,industrial-area,118,40.5,91,29.4,9.3,6.8,0.82,19,0,Moderate,Low
2026-08-10 19:15:00,city-hospital,100,45.0,79,30.3,3.7,2.5,0.68,19,0,Moderate,Low
2026-08-10 19:15:00,residential-zone,80,37.1,74,25.7,82.8,65.2,3.38,19,0,Moderate,Critical
2026-08-10 19:15:00,river-zone,73,46.3,56,31.1,28.0,13.9,1.76,19,0,Moderate,Moderate
2026-08-10 19:15:00,bus-terminal,162,29.2,81,24.8,1.4,0.7,0.37,19,0,High,Low
2026-08-10 19:30:00,central-junction,101,39.1,80,32.4,7.1,5.0,0.64,19,0,Moderate,Low
2026-08-10 19:30:00,railway-station,78,46.1,73,27.8,9.7,5.5,0.94,19,0,Moderate,Low
2026-08-10 19:30:00,airport-road,71,48.2,61,27.4,8.3,7.1,0.79,19,0,Moderate,Low
2026-08-10 19:30:00,industrial-area,106,34.6,96,22.5,33.5,16.9,1.72,19,0,High,High
2026-08-10 19:30:00,city-hospital,112,36.4,95,23.9,6.6,4.3,0.73,19,0,Moderate,Low
2026-08-10 19:30:00,residential-zone,111,42.7,76,22.8,5.0,4.4,0.71,19,0,Moderate,Low
2026-08-10 19:30:00,river-zone,116,36.9,110,32.9,2.5,1.4,0.87,19,0,Moderate,Low
2026-08-10 19:30:00,bus-terminal,131,16.7,92,13.0,137.1,59.5,5.12,19,0,Critical,Critical
2026-08-10 19:45:00,central-junction,133,35.5,96,23.8,4.7,4.1,0.74,19,0,High,Low
2026-08-10 19:45:00,railway-station,219,5.0,92,16.6,100.0,84.1,3.86,19,0,Critical,Critical
2026-08-10 19:45:00,airport-road,73,41.5,59,28.2,33.0,22.7,1.57,19,0,Moderate,Moderate
2026-08-10 19:45:00,industrial-area,111,40.5,82,27.9,2.8,2.0,0.57,19,0,Moderate,Low
2026-08-10 19:45:00,city-hospital,103,40.7,82,27.9,4.7,2.2,0.47,19,0,Moderate,Low
2026-08-10 19:45:00,residential-zone,156,32.3,93,32.9,0.4,0.3,0.61,19,0,High,Low
2026-08-10 19:45:00,river-zone,91,46.7,73,29.4,6.5,4.6,1.08,19,0,Moderate,Low
2026-08-10 19:45:00,bus-terminal,195,19.7,125,30.4,4.2,3.2,0.68,19,0,Critical,Low
2026-08-10 20:00:00,central-junction,73,49.6,86,34.8,5.4,2.3,0.53,20,0,Moderate,Low
2026-08-10 20:00:00,railway-station,105,41.7,78,22.3,0.2,0.1,0.59,20,0,Moderate,Low
2026-08-10 20:00:00,airport-road,141,32.2,98,35.2,8.1,4.1,0.74,20,0,High,Low
2026-08-10 20:00:00,industrial-area,93,41.8,105,28.6,7.1,3.2,0.59,20,0,Moderate,Low
2026-08-10 20:00:00,city-hospital,113,40.1,94,28.6,2.7,1.4,0.41,20,0,Moderate,Low
2026-08-10 20:00:00,residential-zone,80,38.5,68,21.9,60.4,31.6,2.61,20,0,Moderate,Critical
2026-08-10 20:00:00,river-zone,88,44.9,60,33.5,4.9,2.8,1.07,20,0,Moderate,Low
2026-08-10 20:00:00,bus-terminal,130,30.8,100,22.2,22.1,19.3,1.15,20,0,High,Moderate
2026-08-10 20:15:00,central-junction,132,38.0,72,28.8,0.0,0.0,0.56,20,0,High,Low
2026-08-10 20:15:00,railway-station,85,47.9,86,27.6,7.6,3.5,0.58,20,0,Moderate,Low
2026-08-10 20:15:00,airport-road,85,46.6,84,33.9,6.6,4.7,0.6,20,0,Moderate,Low
2026-08-10 20:15:00,industrial-area,77,45.1,123,29.8,6.0,2.8,0.8,20,0,Moderate,Low
2026-08-10 20:15:00,city-hospital,123,35.4,88,23.7,35.8,32.0,1.63,20,0,High,High
2026-08-10 20:15:00,residential-zone,71,50.1,69,35.2,2.6,1.4,0.45,20,0,Moderate,Low
2026-08-10 20:15:00,river-zone,139,26.7,103,19.0,39.1,31.3,2.18,20,0,High,High
2026-08-10 20:15:00,bus-terminal,147,32.4,79,24.9,9.6,4.6,0.77,20,0,High,Low
2026-08-10 20:30:00,central-junction,88,46.8,76,30.9,9.8,4.4,0.67,20,0,Moderate,Low
2026-08-10 20:30:00,railway-station,148,30.3,91,32.1,7.8,3.6,0.79,20,0,High,Low
2026-08-10 20:30:00,airport-road,124,36.7,105,29.8,3.2,1.5,0.51,20,0,High,Low
2026-08-10 20:30:00,industrial-area,62,52.1,89,33.6,9.2,4.3,0.77,20,0,Low,Low
2026-08-10 20:30:00,city-hospital,87,46.0,97,35.0,1.1,0.5,0.6,20,0,Moderate,Low
2026-08-10 20:30:00,residential-zone,82,47.7,102,33.2,8.7,5.7,0.62,20,0,Moderate,Low
2026-08-10 20:30:00,river-zone,129,33.4,103,22.3,9.1,4.6,1.01,20,0,High,Low
2026-08-10 20:30:00,bus-terminal,150,10.3,96,11.9,133.6,76.9,5.0,20,0,Critical,Critical
2026-08-10 20:45:00,central-junction,123,37.4,66,23.0,8.1,3.9,0.76,20,0,High,Low
2026-08-10 20:45:00,railway-station,82,47.9,68,23.5,1.9,1.7,0.59,20,0,Moderate,Low
2026-08-10 20:45:00,airport-road,132,38.4,76,34.6,0.0,0.0,0.5,20,0,High,Low
2026-08-10 20:45:00,industrial-area,85,43.5,125,25.9,2.5,1.9,0.51,20,0,Moderate,Low
2026-08-10 20:45:00,city-hospital,107,38.1,63,26.4,22.8,16.2,1.32,20,0,Moderate,Moderate
2026-08-10 20:45:00,residential-zone,57,48.4,80,26.6,33.8,28.7,1.65,20,0,Moderate,High
2026-08-10 20:45:00,river-zone,123,34.8,77,23.4,4.8,3.2,1.0,20,0,High,Low
2026-08-10 20:45:00,bus-terminal,197,19.4,92,23.4,8.7,7.7,0.89,20,0,Critical,Low
2026-08-10 21:00:00,central-junction,28,59.2,68,28.1,3.6,3.0,0.57,21,0,Low,Low
2026-08-10 21:00:00,railway-station,30,56.6,48,22.1,5.5,2.5,0.55,21,0,Low,Low
2026-08-10 21:00:00,airport-road,25,44.9,53,19.2,85.0,40.3,3.42,21,0,Low,Critical
2026-08-10 21:00:00,industrial-area,48,55.8,63,34.4,6.6,2.9,0.61,21,0,Low,Low
2026-08-10 21:00:00,city-hospital,22,58.4,80,24.4,8.7,7.0,0.67,21,0,Low,Low
2026-08-10 21:00:00,residential-zone,43,57.8,69,35.2,0.1,0.0,0.47,21,0,Low,Low
2026-08-10 21:00:00,river-zone,24,59.1,59,31.6,6.2,5.0,0.95,21,0,Low,Low
2026-08-10 21:00:00,bus-terminal,31,51.6,85,23.4,42.5,33.9,1.89,21,0,Low,High
2026-08-10 21:15:00,central-junction,45,54.6,85,26.6,3.6,1.7,0.6,21,0,Low,Low
2026-08-10 21:15:00,railway-station,30,60.4,55,26.2,5.0,4.0,0.51,21,0,Low,Low
2026-08-10 21:15:00,airport-road,26,60.0,68,23.1,7.1,4.5,0.72,21,0,Low,Low
2026-08-10 21:15:00,industrial-area,41,56.1,69,33.3,7.1,5.6,0.67,21,0,Low,Low
2026-08-10 21:15:00,city-hospital,23,59.4,77,32.5,3.2,2.1,0.55,21,0,Low,Low
2026-08-10 21:15:00,residential-zone,52,51.5,61,20.3,24.0,9.7,1.34,21,0,Low,Moderate
2026-08-10 21:15:00,river-zone,44,53.8,88,28.5,6.1,5.2,1.15,21,0,Low,Low
2026-08-10 21:15:00,bus-terminal,46,53.9,77,26.5,5.0,4.4,0.73,21,0,Low,Low
2026-08-10 21:30:00,central-junction,53,55.5,82,30.9,4.8,2.7,0.75,21,0,Low,Low
2026-08-10 21:30:00,railway-station,41,53.1,48,31.5,9.4,8.4,0.66,21,0,Low,Low
2026-08-10 21:30:00,airport-road,20,42.4,24,21.4,126.4,76.4,4.79,21,0,Low,Critical
2026-08-10 21:30:00,industrial-area,23,61.5,76,28.0,1.7,1.1,0.4,21,0,Low,Low
2026-08-10 21:30:00,city-hospital,57,50.8,71,30.7,5.0,2.5,0.72,21,0,Low,Low
2026-08-10 21:30:00,residential-zone,23,60.6,58,26.1,6.5,3.6,0.71,21,0,Low,Low
2026-08-10 21:30:00,river-zone,44,51.5,70,33.3,7.9,4.9,1.05,21,0,Low,Low
2026-08-10 21:30:00,bus-terminal,53,42.5,66,17.5,81.9,71.2,3.38,21,0,Moderate,Critical
2026-08-10 21:45:00,central-junction,37,59.3,90,34.5,0.8,0.5,0.35,21,0,Low,Low
2026-08-10 21:45:00,railway-station,38,55.2,85,32.7,8.9,7.8,0.83,21,0,Low,Low
2026-08-10 21:45:00,airport-road,23,58.9,63,30.1,3.8,2.9,0.58,21,0,Low,Low
2026-08-10 21:45:00,industrial-area,22,56.4,112,30.0,8.7,5.6,0.86,21,0,Low,Low
2026-08-10 21:45:00,city-hospital,26,58.2,68,34.5,4.5,3.8,0.49,21,0,Low,Low
2026-08-10 21:45:00,residential-zone,53,55.1,80,34.0,4.9,4.1,0.67,21,0,Low,Low
2026-08-10 21:45:00,river-zone,24,58.8,47,30.9,8.5,5.0,1.16,21,0,Low,Moderate
2026-08-10 21:45:00,bus-terminal,51,53.4,59,32.4,7.7,5.7,0.77,21,0,Low,Low
2026-08-10 22:00:00,central-junction,62,49.9,54,29.1,8.4,6.0,0.7,22,0,Moderate,Low
2026-08-10 22:00:00,railway-station,49,44.1,42,21.6,81.5,35.7,3.43,22,0,Low,Critical
2026-08-10 22:00:00,airport-road,43,51.9,88,21.9,6.4,3.7,0.58,22,0,Low,Low
2026-08-10 22:00:00,industrial-area,41,56.4,71,30.0,3.7,1.5,0.55,22,0,Low,Low
2026-08-10 22:00:00,city-hospital,49,55.7,57,24.2,9.8,4.8,0.65,22,0,Low,Low
2026-08-10 22:00:00,residential-zone,24,47.1,49,15.9,86.6,77.5,3.48,22,0,Low,Critical
2026-08-10 22:00:00,river-zone,53,55.2,68,26.3,6.5,3.7,0.94,22,0,Low,Low
2026-08-10 22:00:00,bus-terminal,44,55.5,57,26.6,2.6,2.1,0.65,22,0,Low,Low
2026-08-10 22:15:00,central-junction,58,48.7,83,27.1,6.1,3.9,0.76,22,0,Low,Low
2026-08-10 22:15:00,railway-station,40,38.6,73,11.4,136.4,105.1,5.1,22,0,Low,Critical
2026-08-10 22:15:00,airport-road,25,61.3,68,26.2,6.9,3.6,0.61,22,0,Low,Low
2026-08-10 22:15:00,industrial-area,50,50.5,61,24.3,7.7,5.6,0.58,22,0,Low,Low
2026-08-10 22:15:00,city-hospital,23,56.7,87,32.7,8.8,3.7,0.71,22,0,Low,Low
2026-08-10 22:15:00,residential-zone,60,49.5,60,26.3,3.7,2.8,0.51,22,0,Low,Low
2026-08-10 22:15:00,river-zone,53,39.0,75,16.4,78.9,39.9,3.68,22,0,Moderate,Critical
2026-08-10 22:15:00,bus-terminal,35,54.6,61,29.9,9.2,4.3,0.91,22,0,Low,Low
2026-08-10 22:30:00,central-junction,81,44.4,75,22.4,1.3,0.6,0.55,22,0,Moderate,Low
2026-08-10 22:30:00,railway-station,39,57.5,58,26.6,5.7,2.4,0.59,22,0,Low,Low
2026-08-10 22:30:00,airport-road,32,54.1,79,27.8,6.6,3.6,0.77,22,0,Low,Low
2026-08-10 22:30:00,industrial-area,63,52.8,76,34.5,5.3,3.2,0.59,22,0,Low,Low
2026-08-10 22:30:00,city-hospital,57,51.8,84,24.4,0.6,0.4,0.43,22,0,Low,Low
2026-08-10 22:30:00,residential-zone,26,55.7,46,27.6,6.2,3.7,0.75,22,0,Low,Low
2026-08-10 22:30:00,river-zone,32,59.4,90,27.4,9.9,7.2,1.11,22,0,Low,Moderate
2026-08-10 22:30:00,bus-terminal,75,45.5,80,33.4,7.1,6.2,0.59,22,0,Moderate,Low
2026-08-10 22:45:00,central-junction,43,52.3,70,35.0,9.4,7.6,0.75,22,0,Low,Low
2026-08-10 22:45:00,railway-station,53,50.1,75,27.4,6.0,3.5,0.68,22,0,Low,Low
2026-08-10 22:45:00,airport-road,35,56.0,83,23.2,4.1,2.2,0.55,22,0,Low,Low
2026-08-10 22:45:00,industrial-area,23,57.3,71,23.7,5.1,4.0,0.64,22,0,Low,Low
2026-08-10 22:45:00,city-hospital,48,53.9,74,32.7,6.6,5.5,0.63,22,0,Low,Low
2026-08-10 22:45:00,residential-zone,34,51.2,59,22.4,55.4,24.3,2.28,22,0,Low,High
2026-08-10 22:45:00,river-zone,24,50.2,32,20.4,74.6,49.3,3.52,22,0,Low,Critical
2026-08-10 22:45:00,bus-terminal,27,58.9,49,35.4,2.7,1.8,0.55,22,0,Low,Low
2026-08-10 23:00:00,central-junction,38,53.2,87,34.7,3.4,2.2,0.48,23,0,Low,Low
2026-08-10 23:00:00,railway-station,62,53.9,94,32.9,1.1,0.5,0.35,23,0,Low,Low
2026-08-10 23:00:00,airport-road,43,55.9,47,32.8,7.3,5.7,0.81,23,0,Low,Low
2026-08-10 23:00:00,industrial-area,52,52.6,71,25.6,3.2,1.5,0.61,23,0,Low,Low
2026-08-10 23:00:00,city-hospital,48,52.7,65,24.6,5.5,3.0,0.72,23,0,Low,Low
2026-08-10 23:00:00,residential-zone,38,53.8,65,21.3,9.7,5.8,0.85,23,0,Low,Low
2026-08-10 23:00:00,river-zone,42,57.4,57,33.9,2.7,1.2,1.04,23,0,Low,Low
2026-08-10 23:00:00,bus-terminal,42,52.3,71,33.2,8.0,4.2,0.62,23,0,Low,Low
2026-08-10 23:15:00,central-junction,58,53.3,89,34.9,1.1,0.6,0.59,23,0,Low,Low
2026-08-10 23:15:00,railway-station,28,41.5,55,24.4,103.7,80.1,3.99,23,0,Low,Critical
2026-08-10 23:15:00,airport-road,39,56.9,73,34.2,3.3,1.5,0.6,23,0,Low,Low
2026-08-10 23:15:00,industrial-area,65,47.5,77,34.5,9.7,4.3,0.88,23,0,Moderate,Low
2026-08-10 23:15:00,city-hospital,25,61.3,77,26.6,3.6,2.7,0.44,23,0,Low,Low
2026-08-10 23:15:00,residential-zone,26,58.6,61,35.3,5.1,4.2,0.53,23,0,Low,Low
2026-08-10 23:15:00,river-zone,39,55.1,60,25.9,7.7,3.5,0.95,23,0,Low,Low
2026-08-10 23:15:00,bus-terminal,35,59.1,57,24.2,2.1,1.7,0.55,23,0,Low,Low
2026-08-10 23:30:00,central-junction,45,53.3,82,31.6,3.5,2.5,0.43,23,0,Low,Low
2026-08-10 23:30:00,railway-station,55,49.8,90,25.4,1.3,0.6,0.59,23,0,Low,Low
2026-08-10 23:30:00,airport-road,26,60.8,45,34.6,8.1,6.2,0.76,23,0,Low,Low
2026-08-10 23:30:00,industrial-area,41,38.6,56,21.2,114.9,95.4,4.54,23,0,Low,Critical
2026-08-10 23:30:00,city-hospital,49,56.3,77,34.0,1.2,1.0,0.63,23,0,Low,Low
2026-08-10 23:30:00,residential-zone,38,55.6,91,24.1,7.8,5.1,0.82,23,0,Low,Low
2026-08-10 23:30:00,river-zone,36,56.9,57,33.7,6.1,4.5,0.91,23,0,Low,Low
2026-08-10 23:30:00,bus-terminal,57,48.1,86,23.3,9.4,6.7,0.74,23,0,Low,Low
2026-08-10 23:45:00,central-junction,67,46.0,57,28.1,8.8,4.6,0.84,23,0,Moderate,Low
2026-08-10 23:45:00,railway-station,37,55.1,63,34.8,3.4,2.3,0.51,23,0,Low,Low
2026-08-10 23:45:00,airport-road,30,56.1,79,21.8,9.9,5.2,0.79,23,0,Low,Low
2026-08-10 23:45:00,industrial-area,54,51.6,72,35.6,4.4,2.8,0.46,23,0,Low,Low
2026-08-10 23:45:00,city-hospital,51,54.1,81,33.2,0.2,0.1,0.49,23,0,Low,Low
2026-08-10 23:45:00,residential-zone,27,56.7,70,26.9,7.8,5.8,0.68,23,0,Low,Low
2026-08-10 23:45:00,river-zone,49,54.5,69,30.2,9.5,4.0,1.01,23,0,Low,Low
2026-08-10 23:45:00,bus-terminal,41,42.8,71,26.6,80.5,34.5,3.41,23,0,Low,Critical
2026-08-11 00:00:00,central-junction,80,44.7,63,27.5,7.5,3.6,0.83,0,1,Moderate,Low
2026-08-11 00:00:00,railway-station,44,43.3,58,21.5,66.2,50.6,2.68,0,1,Low,Critical
2026-08-11 00:00:00,airport-road,47,51.6,46,24.7,3.8,2.6,0.58,0,1,Low,Low
2026-08-11 00:00:00,industrial-area,39,57.5,81,32.7,0.1,0.1,0.34,0,1,Low,Low
2026-08-11 00:00:00,city-hospital,44,56.0,59,22.3,6.8,5.3,0.71,0,1,Low,Low
2026-08-11 00:00:00,residential-zone,31,54.7,55,23.5,3.6,1.6,0.61,0,1,Low,Low
2026-08-11 00:00:00,river-zone,58,52.3,87,29.0,2.4,1.0,1.03,0,1,Low,Low
2026-08-11 00:00:00,bus-terminal,85,46.9,65,32.7,2.1,1.2,0.41,0,1,Moderate,Low
2026-08-11 00:15:00,central-junction,49,52.9,78,30.6,4.1,2.5,0.52,0,1,Low,Low
2026-08-11 00:15:00,railway-station,44,48.7,74,20.7,63.5,54.7,2.79,0,1,Low,Critical
2026-08-11 00:15:00,airport-road,54,50.8,67,31.0,9.3,8.1,0.71,0,1,Low,Low
2026-08-11 00:15:00,industrial-area,39,43.6,75,24.6,74.9,40.2,3.17,0,1,Low,Critical
2026-08-11 00:15:00,city-hospital,47,57.4,58,34.8,0.5,0.4,0.56,0,1,Low,Low
2026-08-11 00:15:00,residential-zone,20,57.8,40,25.7,8.2,6.5,0.76,0,1,Low,Low
2026-08-11 00:15:00,river-zone,43,52.1,69,25.1,6.7,5.7,0.9,0,1,Low,Low
2026-08-11 00:15:00,bus-terminal,36,56.7,87,23.2,8.7,4.6,0.62,0,1,Low,Low
2026-08-11 00:30:00,central-junction,66,48.2,80,20.6,34.0,15.1,1.72,0,1,Moderate,High
2026-08-11 00:30:00,railway-station,26,56.9,67,35.2,2.2,0.9,0.43,0,1,Low,Low
2026-08-11 00:30:00,airport-road,32,55.1,48,25.3,0.5,0.2,0.32,0,1,Low,Low
2026-08-11 00:30:00,industrial-area,42,58.4,113,26.5,0.0,0.0,0.48,0,1,Low,Low
2026-08-11 00:30:00,city-hospital,55,50.3,58,27.4,3.2,1.9,0.65,0,1,Low,Low
2026-08-11 00:30:00,residential-zone,38,57.1,53,28.5,2.8,1.8,0.68,0,1,Low,Low
2026-08-11 00:30:00,river-zone,38,54.7,48,31.1,9.1,7.4,1.15,0,1,Low,Moderate
2026-08-11 00:30:00,bus-terminal,38,45.9,48,23.5,80.7,36.1,3.22,0,1,Low,Critical
2026-08-11 00:45:00,central-junction,36,53.9,45,22.4,9.0,4.3,0.9,0,1,Low,Low
2026-08-11 00:45:00,railway-station,87,46.0,87,32.1,2.1,1.3,0.58,0,1,Moderate,Low
2026-08-11 00:45:00,airport-road,33,59.8,63,23.2,2.7,1.7,0.61,0,1,Low,Low
2026-08-11 00:45:00,industrial-area,31,58.2,119,35.6,3.1,2.5,0.52,0,1,Low,Low
2026-08-11 00:45:00,city-hospital,25,56.0,71,28.2,3.5,2.1,0.54,0,1,Low,Low
2026-08-11 00:45:00,residential-zone,35,54.8,64,26.7,6.9,4.0,0.7,0,1,Low,Low
2026-08-11 00:45:00,river-zone,20,59.3,78,30.4,7.2,6.0,1.1,0,1,Low,Low
2026-08-11 00:45:00,bus-terminal,40,54.6,64,34.5,5.1,2.5,0.7,0,1,Low,Low
2026-08-11 01:00:00,central-junction,67,50.0,89,24.4,8.7,7.4,0.85,1,1,Moderate,Low
2026-08-11 01:00:00,railway-station,62,53.0,72,31.8,3.9,2.3,0.48,1,1,Low,Low
2026-08-11 01:00:00,airport-road,45,47.7,55,25.8,55.6,28.9,2.5,1,1,Low,Critical
2026-08-11 01:00:00,industrial-area,57,52.7,89,34.1,3.6,2.3,0.44,1,1,Low,Low
2026-08-11 01:00:00,city-hospital,53,52.1,92,23.7,7.8,4.0,0.73,1,1,Low,Low
2026-08-11 01:00:00,residential-zone,26,57.2,56,26.0,2.4,1.0,0.39,1,1,Low,Low
2026-08-11 01:00:00,river-zone,17,46.4,67,23.7,88.2,59.8,3.89,1,1,Low,Critical
2026-08-11 01:00:00,bus-terminal,48,39.2,38,15.5,112.2,72.5,4.25,1,1,Moderate,Critical
2026-08-11 01:15:00,central-junction,60,38.0,55,28.5,76.0,30.6,3.2,1,1,Moderate,Critical
2026-08-11 01:15:00,railway-station,54,40.4,62,24.6,80.7,44.9,3.41,1,1,Moderate,Critical
2026-08-11 01:15:00,airport-road,31,56.9,57,27.4,3.4,2.1,0.48,1,1,Low,Low
2026-08-11 01:15:00,industrial-area,48,50.7,95,26.8,5.5,4.8,0.58,1,1,Low,Low
2026-08-11 01:15:00,city-hospital,28,58.0,77,34.2,1.3,1.1,0.6,1,1,Low,Low
2026-08-11 01:15:00,residential-zone,45,54.5,44,30.8,3.3,1.5,0.51,1,1,Low,Low
2026-08-11 01:15:00,river-zone,43,56.9,90,25.7,1.2,0.5,0.77,1,1,Low,Low
2026-08-11 01:15:00,bus-terminal,84,43.6,65,25.1,1.2,0.5,0.45,1,1,Moderate,Low
2026-08-11 01:30:00,central-junction,57,39.5,54,15.5,85.4,44.3,3.31,1,1,Moderate,Critical
2026-08-11 01:30:00,railway-station,58,53.2,90,34.5,8.6,5.0,0.62,1,1,Low,Low
2026-08-11 01:30:00,airport-road,18,59.4,64,32.6,5.5,3.1,0.72,1,1,Low,Low
2026-08-11 01:30:00,industrial-area,55,52.1,87,32.8,5.9,5.2,0.61,1,1,Low,Low
2026-08-11 01:30:00,city-hospital,27,43.9,65,20.9,94.6,65.9,3.77,1,1,Low,Critical
2026-08-11 01:30:00,residential-zone,27,59.6,80,23.2,7.3,3.0,0.83,1,1,Low,Low
2026-08-11 01:30:00,river-zone,35,57.4,74,23.6,7.9,5.3,1.09,1,1,Low,Low
2026-08-11 01:30:00,bus-terminal,29,47.2,41,27.9,88.7,47.4,3.43,1,1,Low,Critical
2026-08-11 01:45:00,central-junction,38,54.8,61,29.9,6.1,3.7,0.7,1,1,Low,Low
2026-08-11 01:45:00,railway-station,25,55.7,70,27.3,7.7,4.7,0.73,1,1,Low,Low
2026-08-11 01:45:00,airport-road,17,57.6,49,22.0,9.7,5.6,0.73,1,1,Low,Low
2026-08-11 01:45:00,industrial-area,38,54.7,85,30.6,8.0,5.4,0.69,1,1,Low,Low
2026-08-11 01:45:00,city-hospital,44,52.0,48,27.0,8.9,7.4,0.76,1,1,Low,Low
2026-08-11 01:45:00,residential-zone,34,56.7,77,25.8,4.2,3.8,0.73,1,1,Low,Low
2026-08-11 01:45:00,river-zone,35,58.3,79,22.9,7.5,5.3,1.1,1,1,Low,Low
2026-08-11 01:45:00,bus-terminal,58,51.5,57,32.9,0.4,0.3,0.46,1,1,Low,Low
2026-08-11 02:00:00,central-junction,47,43.6,72,18.8,80.9,61.4,3.21,2,1,Low,Critical
2026-08-11 02:00:00,railway-station,39,47.2,53,25.2,67.8,52.9,2.78,2,1,Low,Critical
2026-08-11 02:00:00,airport-road,42,54.5,58,21.7,7.6,3.4,0.6,2,1,Low,Low
2026-08-11 02:00:00,industrial-area,54,45.7,69,28.7,36.7,28.3,1.76,2,1,Moderate,High
2026-08-11 02:00:00,city-hospital,37,55.6,49,29.9,2.0,1.0,0.42,2,1,Low,Low
2026-08-11 02:00:00,residential-zone,44,49.0,48,18.5,60.5,30.0,2.43,2,1,Low,Critical
2026-08-11 02:00:00,river-zone,20,51.2,81,17.9,60.2,24.1,3.04,2,1,Low,Critical
2026-08-11 02:00:00,bus-terminal,34,46.5,71,20.0,68.6,53.4,2.76,2,1,Low,Critical
2026-08-11 02:15:00,central-junction,58,49.3,92,23.3,8.9,7.3,0.67,2,1,Low,Low
2026-08-11 02:15:00,railway-station,53,54.9,51,29.9,3.7,2.9,0.63,2,1,Low,Low
2026-08-11 02:15:00,airport-road,43,44.4,69,29.6,57.3,31.3,2.57,2,1,Low,Critical
2026-08-11 02:15:00,industrial-area,42,49.0,77,23.4,53.7,31.8,2.4,2,1,Low,Critical
2026-08-11 02:15:00,city-hospital,53,53.6,76,25.3,5.4,4.8,0.51,2,1,Low,Low
2026-08-11 02:15:00,residential-zone,29,59.3,53,21.9,4.3,2.9,0.55,2,1,Low,Low
2026-08-11 02:15:00,river-zone,40,35.5,57,24.3,125.0,79.4,5.05,2,1,Moderate,Critical
2026-08-11 02:15:00,bus-terminal,26,61.9,73,27.5,2.4,1.4,0.65,2,1,Low,Low
2026-08-11 02:30:00,central-junction,38,57.0,90,23.0,6.9,3.7,0.58,2,1,Low,Low
2026-08-11 02:30:00,railway-station,44,51.6,76,29.4,6.3,4.4,0.79,2,1,Low,Low
2026-08-11 02:30:00,airport-road,38,54.0,70,29.4,5.5,3.2,0.67,2,1,Low,Low
2026-08-11 02:30:00,industrial-area,24,57.1,82,23.6,1.6,1.1,0.51,2,1,Low,Low
2026-08-11 02:30:00,city-hospital,43,54.2,84,27.3,1.1,0.7,0.6,2,1,Low,Low
2026-08-11 02:30:00,residential-zone,46,43.7,48,25.0,72.2,40.6,2.98,2,1,Low,Critical
2026-08-11 02:30:00,river-zone,40,59.1,63,35.6,0.0,0.0,0.79,2,1,Low,Low
2026-08-11 02:30:00,bus-terminal,39,55.4,53,34.3,7.6,5.4,0.81,2,1,Low,Low
2026-08-11 02:45:00,central-junction,53,51.8,80,34.8,6.4,2.8,0.54,2,1,Low,Low
2026-08-11 02:45:00,railway-station,30,59.8,67,28.1,0.9,0.5,0.59,2,1,Low,Low
2026-08-11 02:45:00,airport-road,58,49.7,85,22.1,1.2,0.7,0.36,2,1,Low,Low
2026-08-11 02:45:00,industrial-area,23,59.9,99,27.3,8.4,4.8,0.84,2,1,Low,Low
2026-08-11 02:45:00,city-hospital,34,51.9,60,31.1,46.9,36.8,2.07,2,1,Low,High
2026-08-11 02:45:00,residential-zone,38,52.6,61,32.5,7.2,6.2,0.85,2,1,Low,Low
2026-08-11 02:45:00,river-zone,41,52.7,69,23.1,2.8,2.2,0.81,2,1,Low,Low
2026-08-11 02:45:00,bus-terminal,38,55.8,73,22.7,4.2,3.3,0.51,2,1,Low,Low
2026-08-11 03:00:00,central-junction,49,52.1,64,30.7,2.9,1.8,0.47,3,1,Low,Low
2026-08-11 03:00:00,railway-station,36,53.2,51,29.6,9.5,3.9,0.72,3,1,Low,Low
2026-08-11 03:00:00,airport-road,39,55.2,73,27.4,5.6,3.2,0.61,3,1,Low,Low
2026-08-11 03:00:00,industrial-area,30,56.6,70,33.4,7.6,4.8,0.59,3,1,Low,Low
2026-08-11 03:00:00,city-hospital,50,55.0,73,34.4,6.1,4.7,0.76,3,1,Low,Low
2026-08-11 03:00:00,residential-zone,27,61.1,76,28.0,0.0,0.0,0.47,3,1,Low,Low
2026-08-11 03:00:00,river-zone,33,57.2,66,21.4,8.0,4.8,1.19,3,1,Low,Moderate
2026-08-11 03:00:00,bus-terminal,64,52.9,78,23.2,1.9,1.5,0.52,3,1,Low,Low
2026-08-11 03:15:00,central-junction,25,60.2,64,31.4,6.9,3.6,0.61,3,1,Low,Low
2026-08-11 03:15:00,railway-station,33,55.5,58,21.8,4.6,1.9,0.59,3,1,Low,Low
2026-08-11 03:15:00,airport-road,24,49.6,77,29.3,77.6,61.0,3.22,3,1,Low,Critical
2026-08-11 03:15:00,industrial-area,40,54.7,82,23.1,6.6,3.9,0.63,3,1,Low,Low
2026-08-11 03:15:00,city-hospital,39,41.1,47,23.4,107.0,57.5,4.23,3,1,Low,Critical
2026-08-11 03:15:00,residential-zone,31,57.3,70,25.3,7.6,5.4,0.78,3,1,Low,Low
2026-08-11 03:15:00,river-zone,30,57.9,77,25.2,8.8,7.0,1.19,3,1,Low,Moderate
2026-08-11 03:15:00,bus-terminal,36,55.3,68,34.2,5.8,4.1,0.51,3,1,Low,Low
2026-08-11 03:30:00,central-junction,43,55.4,73,33.0,1.2,0.8,0.58,3,1,Low,Low
2026-08-11 03:30:00,railway-station,63,51.5,63,25.7,7.5,5.1,0.75,3,1,Moderate,Low
2026-08-11 03:30:00,airport-road,37,43.7,56,22.4,86.4,51.8,3.49,3,1,Low,Critical
2026-08-11 03:30:00,industrial-area,20,61.5,62,24.6,3.1,1.4,0.55,3,1,Low,Low
2026-08-11 03:30:00,city-hospital,44,52.7,59,29.1,0.9,0.8,0.62,3,1,Low,Low
2026-08-11 03:30:00,residential-zone,26,60.9,64,26.3,9.4,7.2,0.78,3,1,Low,Low
2026-08-11 03:30:00,river-zone,40,45.2,51,20.1,75.0,36.3,3.33,3,1,Low,Critical
2026-08-11 03:30:00,bus-terminal,41,36.2,50,23.6,136.3,59.9,5.16,3,1,Moderate,Critical
2026-08-11 03:45:00,central-junction,36,55.8,72,33.8,5.6,4.2,0.57,3,1,Low,Low
2026-08-11 03:45:00,railway-station,57,49.7,67,26.4,3.2,2.2,0.54,3,1,Low,Low
2026-08-11 03:45:00,airport-road,40,52.8,67,31.3,8.9,4.2,0.7,3,1,Low,Low
2026-08-11 03:45:00,industrial-area,24,57.6,74,25.9,4.3,2.9,0.51,3,1,Low,Low
2026-08-11 03:45:00,city-hospital,49,54.4,65,24.3,3.5,2.8,0.69,3,1,Low,Low
2026-08-11 03:45:00,residential-zone,41,52.7,74,32.9,5.7,2.6,0.6,3,1,Low,Low
2026-08-11 03:45:00,river-zone,34,47.9,66,22.2,78.3,64.9,3.44,3,1,Low,Critical
2026-08-11 03:45:00,bus-terminal,44,54.7,66,32.7,7.8,3.6,0.76,3,1,Low,Low
2026-08-11 04:00:00,central-junction,52,54.9,56,23.0,4.3,2.9,0.53,4,1,Low,Low
2026-08-11 04:00:00,railway-station,76,49.5,76,34.5,0.3,0.1,0.58,4,1,Moderate,Low
2026-08-11 04:00:00,airport-road,57,50.9,92,29.3,10.0,5.9,0.71,4,1,Low,Low
2026-08-11 04:00:00,industrial-area,34,57.1,86,23.6,1.2,0.7,0.62,4,1,Low,Low
2026-08-11 04:00:00,city-hospital,28,61.1,44,33.7,0.1,0.1,0.31,4,1,Low,Low
2026-08-11 04:00:00,residential-zone,31,60.8,64,31.8,1.0,0.8,0.51,4,1,Low,Low
2026-08-11 04:00:00,river-zone,29,51.3,70,27.6,35.9,25.0,2.13,4,1,Low,High
2026-08-11 04:00:00,bus-terminal,43,54.2,58,20.7,26.9,19.6,1.29,4,1,Low,Moderate
2026-08-11 04:15:00,central-junction,43,54.8,71,24.3,2.7,1.3,0.5,4,1,Low,Low
2026-08-11 04:15:00,railway-station,42,57.4,92,28.6,0.6,0.4,0.33,4,1,Low,Low
2026-08-11 04:15:00,airport-road,63,50.0,64,33.4,1.6,1.2,0.56,4,1,Moderate,Low
2026-08-11 04:15:00,industrial-area,31,57.7,79,21.4,21.4,15.9,1.22,4,1,Low,Moderate
2026-08-11 04:15:00,city-hospital,34,55.2,70,35.3,3.3,2.5,0.52,4,1,Low,Low
2026-08-11 04:15:00,residential-zone,41,42.0,74,25.0,82.2,73.2,3.3,4,1,Low,Critical
2026-08-11 04:15:00,river-zone,53,50.3,72,21.5,7.1,5.2,1.09,4,1,Low,Low
2026-08-11 04:15:00,bus-terminal,29,56.3,38,21.7,7.0,4.2,0.59,4,1,Low,Low
2026-08-11 04:30:00,central-junction,55,54.0,64,32.8,9.9,7.8,0.79,4,1,Low,Low
2026-08-11 04:30:00,railway-station,80,47.6,60,31.5,1.2,0.7,0.43,4,1,Moderate,Low
2026-08-11 04:30:00,airport-road,25,59.4,79,29.5,2.7,1.9,0.55,4,1,Low,Low
2026-08-11 04:30:00,industrial-area,63,49.6,70,32.2,2.0,0.9,0.53,4,1,Moderate,Low
2026-08-11 04:30:00,city-hospital,40,57.2,68,27.7,1.5,0.9,0.44,4,1,Low,Low
2026-08-11 04:30:00,residential-zone,35,59.8,55,29.7,0.3,0.2,0.5,4,1,Low,Low
2026-08-11 04:30:00,river-zone,39,54.4,87,29.5,4.2,2.1,0.99,4,1,Low,Low
2026-08-11 04:30:00,bus-terminal,78,49.0,78,34.4,5.5,3.8,0.51,4,1,Moderate,Low
2026-08-11 04:45:00,central-junction,38,55.2,77,21.6,9.3,6.2,0.83,4,1,Low,Low
2026-08-11 04:45:00,railway-station,39,56.9,71,26.6,5.0,2.1,0.49,4,1,Low,Low
2026-08-11 04:45:00,airport-road,51,46.4,47,22.4,55.1,24.5,2.39,4,1,Low,High
2026-08-11 04:45:00,industrial-area,42,53.0,104,28.4,3.8,1.6,0.55,4,1,Low,Low
2026-08-11 04:45:00,city-hospital,41,56.1,63,27.9,8.2,5.7,0.6,4,1,Low,Low
2026-08-11 04:45:00,residential-zone,30,48.8,50,30.6,61.0,33.0,2.59,4,1,Low,Critical
2026-08-11 04:45:00,river-zone,29,59.4,74,35.6,1.4,0.8,0.99,4,1,Low,Low
2026-08-11 04:45:00,bus-terminal,24,59.2,82,24.9,7.7,5.5,0.74,4,1,Low,Low
2026-08-11 05:00:00,central-junction,40,53.5,77,32.5,4.0,2.0,0.53,5,1,Low,Low
2026-08-11 05:00:00,railway-station,36,39.1,66,23.4,135.1,94.6,5.14,5,1,Low,Critical
2026-08-11 05:00:00,airport-road,21,62.1,58,32.8,1.6,1.1,0.65,5,1,Low,Low
2026-08-11 05:00:00,industrial-area,53,56.0,62,25.2,0.4,0.3,0.6,5,1,Low,Low
2026-08-11 05:00:00,city-hospital,45,55.6,56,28.4,0.0,0.0,0.44,5,1,Low,Low
2026-08-11 05:00:00,residential-zone,20,50.8,30,19.9,57.1,36.3,2.33,5,1,Low,Critical
2026-08-11 05:00:00,river-zone,23,50.0,46,26.0,85.4,37.6,3.74,5,1,Low,Critical
2026-08-11 05:00:00,bus-terminal,58,51.8,61,25.0,5.1,2.5,0.75,5,1,Low,Low
2026-08-11 05:15:00,central-junction,61,51.8,67,34.5,6.7,6.0,0.57,5,1,Low,Low
2026-08-11 05:15:00,railway-station,28,58.3,62,34.1,4.9,3.0,0.67,5,1,Low,Low
2026-08-11 05:15:00,airport-road,22,49.8,42,22.6,54.5,24.6,2.27,5,1,Low,High
2026-08-11 05:15:00,industrial-area,36,57.7,71,24.6,5.0,4.2,0.74,5,1,Low,Low
2026-08-11 05:15:00,city-hospital,58,51.2,94,22.8,1.8,1.0,0.64,5,1,Low,Low
2026-08-11 05:15:00,residential-zone,22,60.6,63,24.3,3.6,1.9,0.56,5,1,Low,Low
2026-08-11 05:15:00,river-zone,31,56.5,54,31.9,0.7,0.4,0.73,5,1,Low,Low
2026-08-11 05:15:00,bus-terminal,64,41.5,73,29.0,68.7,60.7,3.0,5,1,Moderate,Critical
2026-08-11 05:30:00,central-junction,45,52.6,66,25.5,7.6,5.4,0.73,5,1,Low,Low
2026-08-11 05:30:00,railway-station,76,49.8,65,31.4,9.2,7.2,0.82,5,1,Moderate,Low
2026-08-11 05:30:00,airport-road,48,53.7,82,33.3,0.5,0.3,0.52,5,1,Low,Low
2026-08-11 05:30:00,industrial-area,46,57.0,83,26.1,1.9,1.1,0.37,5,1,Low,Low
2026-08-11 05:30:00,city-hospital,24,60.0,56,26.8,4.5,3.7,0.61,5,1,Low,Low
2026-08-11 05:30:00,residential-zone,42,52.8,76,28.3,5.9,2.4,0.52,5,1,Low,Low
2026-08-11 05:30:00,river-zone,50,54.1,59,28.6,1.8,0.8,1.0,5,1,Low,Low
2026-08-11 05:30:00,bus-terminal,22,59.6,60,25.3,20.9,13.5,1.05,5,1,Low,Moderate
2026-08-11 05:45:00,central-junction,53,55.1,78,33.6,1.1,0.8,0.51,5,1,Low,Low
2026-08-11 05:45:00,railway-station,68,47.3,83,24.6,4.0,1.9,0.57,5,1,Moderate,Low
2026-08-11 05:45:00,airport-road,30,59.7,75,24.1,0.9,0.6,0.53,5,1,Low,Low
2026-08-11 05:45:00,industrial-area,31,54.8,76,34.6,9.0,5.8,0.65,5,1,Low,Low
2026-08-11 05:45:00,city-hospital,25,45.5,43,17.0,84.6,66.2,3.3,5,1,Low,Critical
2026-08-11 05:45:00,residential-zone,37,48.1,62,26.8,69.8,33.0,2.9,5,1,Low,Critical
2026-08-11 05:45:00,river-zone,27,60.6,51,24.8,1.5,0.8,0.85,5,1,Low,Low
2026-08-11 05:45:00,bus-terminal,79,46.3,66,28.3,2.2,0.9,0.58,5,1,Moderate,Low
2026-08-11 06:00:00,central-junction,55,52.0,80,22.1,0.3,0.2,0.32,6,1,Low,Low
2026-08-11 06:00:00,railway-station,27,61.4,43,30.1,1.6,0.8,0.57,6,1,Low,Low
2026-08-11 06:00:00,airport-road,44,53.5,80,29.6,8.6,4.7,0.85,6,1,Low,Low
2026-08-11 06:00:00,industrial-area,28,58.0,84,34.7,0.6,0.3,0.39,6,1,Low,Low
2026-08-11 06:00:00,city-hospital,36,54.4,48,33.3,6.3,4.8,0.81,6,1,Low,Low
2026-08-11 06:00:00,residential-zone,40,53.6,69,32.8,26.6,19.3,1.35,6,1,Low,Moderate
2026-08-11 06:00:00,river-zone,27,54.8,77,33.9,8.6,7.4,1.1,6,1,Low,Moderate
2026-08-11 06:00:00,bus-terminal,64,50.7,76,27.7,3.5,3.1,0.7,6,1,Moderate,Low
2026-08-11 06:15:00,central-junction,81,45.2,74,27.9,9.5,4.8,0.76,6,1,Moderate,Low
2026-08-11 06:15:00,railway-station,32,60.6,59,27.7,1.9,1.2,0.39,6,1,Low,Low
2026-08-11 06:15:00,airport-road,28,59.0,55,33.1,2.6,1.9,0.61,6,1,Low,Low
2026-08-11 06:15:00,industrial-area,32,58.8,65,24.1,1.8,0.8,0.42,6,1,Low,Low
2026-08-11 06:15:00,city-hospital,52,49.6,64,24.7,7.8,5.4,0.87,6,1,Low,Low
2026-08-11 06:15:00,residential-zone,31,54.5,64,26.9,7.6,4.5,0.85,6,1,Low,Low
2026-08-11 06:15:00,river-zone,45,51.8,62,24.0,4.9,2.3,0.99,6,1,Low,Low
2026-08-11 06:15:00,bus-terminal,61,51.2,91,27.6,4.4,3.2,0.75,6,1,Low,Low
2026-08-11 06:30:00,central-junction,63,49.3,56,30.5,4.1,2.1,0.73,6,1,Moderate,Low
2026-08-11 06:30:00,railway-station,41,49.6,61,22.4,51.7,45.1,2.24,6,1,Low,High
2026-08-11 06:30:00,airport-road,44,55.2,83,27.5,8.3,6.0,0.61,6,1,Low,Low
2026-08-11 06:30:00,industrial-area,33,57.7,80,27.6,7.3,5.9,0.75,6,1,Low,Low
2026-08-11 06:30:00,city-hospital,29,58.3,71,23.2,0.6,0.3,0.42,6,1,Low,Low
2026-08-11 06:30:00,residential-zone,56,49.7,91,28.5,5.9,4.9,0.77,6,1,Low,Low
2026-08-11 06:30:00,river-zone,43,56.1,81,31.4,2.8,1.5,0.92,6,1,Low,Low
2026-08-11 06:30:00,bus-terminal,37,58.9,76,27.3,0.9,0.5,0.35,6,1,Low,Low
2026-08-11 06:45:00,central-junction,69,43.6,71,22.7,23.9,14.2,1.18,6,1,Moderate,Moderate
2026-08-11 06:45:00,railway-station,36,56.7,66,34.1,2.4,1.2,0.48,6,1,Low,Low
2026-08-11 06:45:00,airport-road,35,58.5,74,30.7,2.3,2.0,0.61,6,1,Low,Low
2026-08-11 06:45:00,industrial-area,36,56.4,87,26.9,6.8,3.3,0.77,6,1,Low,Low
2026-08-11 06:45:00,city-hospital,36,44.6,34,25.3,70.6,48.7,3.05,6,1,Low,Critical
2026-08-11 06:45:00,residential-zone,40,56.7,44,22.2,8.2,3.9,0.6,6,1,Low,Low
2026-08-11 06:45:00,river-zone,48,51.3,55,35.3,4.1,2.3,0.79,6,1,Low,Low
2026-08-11 06:45:00,bus-terminal,53,50.2,50,29.7,5.5,3.9,0.51,6,1,Low,Low
2026-08-11 07:00:00,central-junction,62,39.5,55,22.2,71.7,54.8,3.05,7,1,Moderate,Critical
2026-08-11 07:00:00,railway-station,55,50.2,95,28.7,8.9,4.3,0.76,7,1,Low,Low
2026-08-11 07:00:00,airport-road,27,60.1,77,23.1,7.9,5.8,0.74,7,1,Low,Low
2026-08-11 07:00:00,industrial-area,21,47.5,58,21.2,79.4,62.6,3.32,7,1,Low,Critical
2026-08-11 07:00:00,city-hospital,35,57.8,69,34.2,4.2,2.4,0.55,7,1,Low,Low
2026-08-11 07:00:00,residential-zone,29,60.4,55,21.7,6.7,4.3,0.78,7,1,Low,Low
2026-08-11 07:00:00,river-zone,35,58.5,67,24.6,1.5,1.1,0.91,7,1,Low,Low
2026-08-11 07:00:00,bus-terminal,44,56.6,55,35.6,0.8,0.5,0.52,7,1,Low,Low
2026-08-11 07:15:00,central-junction,66,50.4,67,31.2,7.5,3.6,0.74,7,1,Moderate,Low
2026-08-11 07:15:00,railway-station,41,53.3,78,33.4,8.9,6.1,0.75,7,1,Low,Low
2026-08-11 07:15:00,airport-road,36,56.4,76,23.4,9.4,4.9,0.84,7,1,Low,Low
2026-08-11 07:15:00,industrial-area,29,43.9,82,28.4,91.6,56.2,3.56,7,1,Low,Critical
2026-08-11 07:15:00,city-hospital,44,52.6,63,32.1,3.7,1.6,0.61,7,1,Low,Low
2026-08-11 07:15:00,residential-zone,40,53.0,55,24.5,9.5,3.9,0.77,7,1,Low,Low
2026-08-11 07:15:00,river-zone,61,48.4,93,30.7,8.3,7.4,1.01,7,1,Moderate,Low
2026-08-11 07:15:00,bus-terminal,34,55.4,63,23.7,9.3,7.5,0.66,7,1,Low,Low
2026-08-11 07:30:00,central-junction,33,57.4,60,23.9,0.5,0.3,0.56,7,1,Low,Low
2026-08-11 07:30:00,railway-station,53,50.7,61,34.8,6.4,3.4,0.62,7,1,Low,Low
2026-08-11 07:30:00,airport-road,57,52.0,82,32.7,6.1,5.1,0.55,7,1,Low,Low
2026-08-11 07:30:00,industrial-area,30,55.3,114,27.2,7.7,4.9,0.78,7,1,Low,Low
2026-08-11 07:30:00,city-hospital,35,54.6,48,35.4,2.1,1.0,0.4,7,1,Low,Low
2026-08-11 07:30:00,residential-zone,59,50.6,59,31.5,5.0,4.2,0.76,7,1,Low,Low
2026-08-11 07:30:00,river-zone,32,59.8,76,22.2,7.1,6.3,1.16,7,1,Low,Moderate
2026-08-11 07:30:00,bus-terminal,47,55.4,49,30.3,1.2,0.7,0.43,7,1,Low,Low
2026-08-11 07:45:00,central-junction,78,45.2,75,31.2,6.0,5.2,0.56,7,1,Moderate,Low
2026-08-11 07:45:00,railway-station,39,57.1,65,22.9,0.7,0.6,0.49,7,1,Low,Low
2026-08-11 07:45:00,airport-road,50,43.1,70,27.1,76.1,32.5,3.08,7,1,Moderate,Critical
2026-08-11 07:45:00,industrial-area,38,56.2,98,27.8,7.0,4.7,0.71,7,1,Low,Low
2026-08-11 07:45:00,city-hospital,35,56.0,86,30.1,5.2,4.2,0.76,7,1,Low,Low
2026-08-11 07:45:00,residential-zone,34,56.0,72,35.3,4.0,2.7,0.49,7,1,Low,Low
2026-08-11 07:45:00,river-zone,39,58.0,62,28.3,0.5,0.4,0.93,7,1,Low,Low
2026-08-11 07:45:00,bus-terminal,36,54.5,79,25.7,9.0,5.4,0.89,7,1,Low,Low
2026-08-11 08:00:00,central-junction,178,5.0,80,22.9,131.4,69.9,5.07,8,1,Critical,Critical
2026-08-11 08:00:00,railway-station,92,36.4,83,22.4,70.7,32.7,2.93,8,1,Moderate,Critical
2026-08-11 08:00:00,airport-road,71,41.0,70,26.6,72.5,55.4,2.93,8,1,Moderate,Critical
2026-08-11 08:00:00,industrial-area,151,29.2,129,34.1,0.3,0.2,0.57,8,1,High,Low
2026-08-11 08:00:00,city-hospital,55,49.9,93,33.1,0.1,0.1,0.33,8,1,Low,Low
2026-08-11 08:00:00,residential-zone,96,33.6,93,29.9,67.0,46.3,2.89,8,1,Moderate,Critical
2026-08-11 08:00:00,river-zone,80,43.8,88,25.5,3.8,1.6,0.88,8,1,Moderate,Low
2026-08-11 08:00:00,bus-terminal,120,36.1,104,23.1,10.0,8.8,0.71,8,1,High,Low
2026-08-11 08:15:00,central-junction,153,29.8,96,34.0,2.5,1.2,0.4,8,1,High,Low
2026-08-11 08:15:00,railway-station,207,20.5,96,28.6,9.3,7.9,0.9,8,1,Critical,Low
2026-08-11 08:15:00,airport-road,79,49.6,90,26.0,3.8,2.0,0.61,8,1,Moderate,Low
2026-08-11 08:15:00,industrial-area,96,45.3,128,34.6,5.8,2.6,0.67,8,1,Moderate,Low
2026-08-11 08:15:00,city-hospital,153,24.7,92,22.0,29.9,26.7,1.44,8,1,High,Moderate
2026-08-11 08:15:00,residential-zone,89,43.7,69,28.0,5.1,2.7,0.64,8,1,Moderate,Low
2026-08-11 08:15:00,river-zone,127,36.8,89,25.8,6.9,3.7,1.16,8,1,High,Low
2026-08-11 08:15:00,bus-terminal,96,45.5,72,28.7,5.3,3.1,0.51,8,1,Moderate,Low
2026-08-11 08:30:00,central-junction,163,26.8,112,30.9,4.1,2.7,0.53,8,1,High,Low
2026-08-11 08:30:00,railway-station,174,27.9,110,27.2,0.8,0.6,0.52,8,1,Critical,Low
2026-08-11 08:30:00,airport-road,111,28.9,78,20.9,89.1,67.8,3.44,8,1,High,Critical
2026-08-11 08:30:00,industrial-area,130,35.4,98,29.2,5.2,2.2,0.52,8,1,High,Low
2026-08-11 08:30:00,city-hospital,112,40.5,75,25.3,5.0,2.7,0.59,8,1,Moderate,Low
2026-08-11 08:30:00,residential-zone,129,33.7,87,29.1,9.1,4.3,0.91,8,1,High,Low
2026-08-11 08:30:00,river-zone,107,38.3,76,22.7,1.1,0.9,0.72,8,1,Moderate,Low
2026-08-11 08:30:00,bus-terminal,146,29.9,79,31.3,7.4,3.0,0.61,8,1,High,Low
2026-08-11 08:45:00,central-junction,135,32.3,88,24.7,6.9,2.9,0.81,8,1,High,Low
2026-08-11 08:45:00,railway-station,89,47.1,91,31.5,4.0,1.8,0.72,8,1,Moderate,Low
2026-08-11 08:45:00,airport-road,58,34.7,69,20.8,108.2,62.6,4.27,8,1,Moderate,Critical
2026-08-11 08:45:00,industrial-area,110,36.9,130,30.2,6.6,4.6,0.73,8,1,Moderate,Low
2026-08-11 08:45:00,city-hospital,50,55.9,65,27.5,5.4,2.4,0.71,8,1,Low,Low
2026-08-11 08:45:00,residential-zone,111,37.1,70,27.2,5.5,4.5,0.51,8,1,Moderate,Low
2026-08-11 08:45:00,river-zone,136,32.2,73,26.2,0.6,0.5,0.74,8,1,High,Low
2026-08-11 08:45:00,bus-terminal,151,30.6,87,24.5,9.1,5.2,0.68,8,1,High,Low
2026-08-11 09:00:00,central-junction,82,43.6,72,33.4,4.3,2.1,0.62,9,1,Moderate,Low
2026-08-11 09:00:00,railway-station,123,25.7,86,21.6,62.9,29.7,2.77,9,1,High,Critical
2026-08-11 09:00:00,airport-road,76,44.3,73,24.8,28.5,21.8,1.41,9,1,Moderate,Moderate
2026-08-11 09:00:00,industrial-area,111,42.3,92,29.9,2.8,2.1,0.58,9,1,Moderate,Low
2026-08-11 09:00:00,city-hospital,76,36.6,60,19.4,88.3,55.1,3.46,9,1,Moderate,Critical
2026-08-11 09:00:00,residential-zone,88,42.2,99,21.6,5.4,3.7,0.63,9,1,Moderate,Low
2026-08-11 09:00:00,river-zone,145,35.4,83,30.3,4.4,2.4,0.91,9,1,High,Low
2026-08-11 09:00:00,bus-terminal,71,49.3,82,27.9,9.1,5.1,0.64,9,1,Moderate,Low
2026-08-11 09:15:00,central-junction,75,48.0,100,35.4,1.4,0.8,0.56,9,1,Moderate,Low
2026-08-11 09:15:00,railway-station,80,44.2,66,21.8,31.2,13.7,1.61,9,1,Moderate,Moderate
2026-08-11 09:15:00,airport-road,78,47.4,82,29.9,1.7,1.4,0.54,9,1,Moderate,Low
2026-08-11 09:15:00,industrial-area,60,39.6,57,21.8,78.7,45.4,3.35,9,1,Moderate,Critical
2026-08-11 09:15:00,city-hospital,131,34.1,96,28.4,9.1,4.5,0.71,9,1,High,Low
2026-08-11 09:15:00,residential-zone,89,33.4,77,25.0,66.5,48.0,2.75,9,1,Moderate,Critical
2026-08-11 09:15:00,river-zone,87,47.6,64,29.2,4.6,2.7,0.83,9,1,Moderate,Low
2026-08-11 09:15:00,bus-terminal,138,31.2,99,26.6,5.9,4.0,0.63,9,1,High,Low
2026-08-11 09:30:00,central-junction,151,32.2,102,29.5,8.9,3.8,0.86,9,1,High,Low
2026-08-11 09:30:00,railway-station,146,34.8,90,31.3,2.1,1.0,0.51,9,1,High,Low
2026-08-11 09:30:00,airport-road,78,47.9,98,31.8,2.4,1.3,0.39,9,1,Moderate,Low
2026-08-11 09:30:00,industrial-area,80,45.2,94,32.9,5.5,2.8,0.57,9,1,Moderate,Low
2026-08-11 09:30:00,city-hospital,84,46.5,51,23.5,7.8,7.0,0.72,9,1,Moderate,Low
2026-08-11 09:30:00,residential-zone,88,44.7,63,28.8,9.6,6.3,0.83,9,1,Moderate,Low
2026-08-11 09:30:00,river-zone,61,48.9,71,22.5,0.3,0.3,0.93,9,1,Moderate,Low
2026-08-11 09:30:00,bus-terminal,63,51.7,53,22.0,1.6,0.8,0.56,9,1,Low,Low
2026-08-11 09:45:00,central-junction,146,35.8,92,32.8,0.1,0.1,0.41,9,1,High,Low
2026-08-11 09:45:00,railway-station,114,41.5,98,30.7,6.5,4.1,0.57,9,1,Moderate,Low
2026-08-11 09:45:00,airport-road,85,45.4,89,29.1,6.9,4.2,0.8,9,1,Moderate,Low
2026-08-11 09:45:00,industrial-area,116,38.7,88,28.4,5.2,3.1,0.56,9,1,Moderate,Low
2026-08-11 09:45:00,city-hospital,85,48.6,103,29.0,2.4,2.1,0.42,9,1,Moderate,Low
2026-08-11 09:45:00,residential-zone,118,37.1,102,27.6,7.4,4.3,0.68,9,1,Moderate,Low
2026-08-11 09:45:00,river-zone,67,47.7,60,30.9,8.9,4.9,1.18,9,1,Moderate,Moderate
2026-08-11 09:45:00,bus-terminal,138,31.1,99,28.1,6.4,3.2,0.69,9,1,High,Low
